#
# There is insufficient memory for the Java Runtime Environment to continue.
# Native memory allocation (mmap) failed to map 65536 bytes. Error detail: Failed to commit metaspace.
# Possible reasons:
#   The system is out of physical RAM or swap space
#   This process is running with CompressedOops enabled, and the Java Heap may be blocking the growth of the native heap
# Possible solutions:
#   Reduce memory load on the system
#   Increase physical memory or swap space
#   Check if swap backing store is full
#   Decrease Java heap size (-Xmx/-Xms)
#   Decrease number of Java threads
#   Decrease Java thread stack sizes (-Xss)
#   Set larger code cache with -XX:ReservedCodeCacheSize=
#   JVM is running with Unscaled Compressed Oops mode in which the Java heap is
#     placed in the first 4GB address space. The Java Heap base address is the
#     maximum limit for the native heap growth. Please use -XX:HeapBaseMinAddress
#     to set the Java Heap base and to place the Java Heap above 4GB virtual address.
# This output file may be truncated or incomplete.
#
#  Out of Memory Error (virtualSpaceNode.cpp:113), pid=18336, tid=30724
#
# JRE version: OpenJDK Runtime Environment Temurin-21.0.12.1+1 (21.0.12.1+1) (build 21.0.12.1+1-LTS)
# Java VM: OpenJDK 64-Bit Server VM Temurin-21.0.12.1+1 (21.0.12.1+1-LTS, mixed mode, sharing, tiered, compressed oops, compressed class ptrs, g1 gc, windows-amd64)
# No core dump will be written. Minidumps are not enabled by default on client versions of Windows
#

---------------  S U M M A R Y ------------

Command Line: --add-opens=java.base/java.util=ALL-UNNAMED --add-opens=java.base/java.lang=ALL-UNNAMED --add-opens=java.base/java.lang.invoke=ALL-UNNAMED --add-opens=java.prefs/java.util.prefs=ALL-UNNAMED --add-exports=jdk.compiler/com.sun.tools.javac.api=ALL-UNNAMED --add-exports=jdk.compiler/com.sun.tools.javac.util=ALL-UNNAMED --add-opens=java.base/java.nio.charset=ALL-UNNAMED --add-opens=java.base/java.net=ALL-UNNAMED --add-opens=java.base/java.util.concurrent.atomic=ALL-UNNAMED -Xmx2048m -Dfile.encoding=UTF-8 -Duser.country=IN -Duser.language=en -Duser.variant -javaagent:C:\Users\KUNAL\.gradle\wrapper\dists\gradle-8.9-bin\90cnw93cvbtalezasaz0blq0a\gradle-8.9\lib\agents\gradle-instrumentation-agent-8.9.jar org.gradle.launcher.daemon.bootstrap.GradleDaemon 8.9

Host: 12th Gen Intel(R) Core(TM) i5-1235U, 12 cores, 15G,  Windows 11 , 64 bit Build 22000 (10.0.22000.1761)
Time: Sun Sep 27 01:02:48 2026 India Standard Time elapsed time: 301.771134 seconds (0d 0h 5m 1s)

---------------  T H R E A D  ---------------

Current thread (0x0000024566420bd0):  JavaThread "Daemon worker"        [_thread_in_vm, id=30724, stack(0x0000007e0f000000,0x0000007e0f100000) (1024K)]

Stack: [0x0000007e0f000000,0x0000007e0f100000]
Native frames: (J=compiled Java code, j=interpreted, Vv=VM code, C=native code)
V  [jvm.dll+0x6d83e9]
V  [jvm.dll+0x8b5736]
V  [jvm.dll+0x8b7cee]
V  [jvm.dll+0x8b83d3]
V  [jvm.dll+0x284596]
V  [jvm.dll+0x8b147e]
V  [jvm.dll+0x679ad4]
V  [jvm.dll+0x1e849b]
V  [jvm.dll+0x1e825e]
V  [jvm.dll+0x67c3d2]
V  [jvm.dll+0x67c202]
V  [jvm.dll+0x67a4ae]
V  [jvm.dll+0x684758]
V  [jvm.dll+0x21973e]
V  [jvm.dll+0x219be5]
V  [jvm.dll+0x21a5d8]
V  [jvm.dll+0x20f80e]
V  [jvm.dll+0x5b6a7f]
V  [jvm.dll+0x82f606]
V  [jvm.dll+0x4792f8]
V  [jvm.dll+0x47f128]
C  [java.dll+0x17ec]

Java frames: (J=compiled Java code, j=interpreted, Vv=VM code)
J 809  java.lang.ClassLoader.defineClass1(Ljava/lang/ClassLoader;Ljava/lang/String;[BIILjava/security/ProtectionDomain;Ljava/lang/String;)Ljava/lang/Class; java.base@21.0.12.1 (0 bytes) @ 0x0000024517ef8211 [0x0000024517ef8140+0x00000000000000d1]
J 5000 c2 java.security.SecureClassLoader.defineClass(Ljava/lang/String;[BIILjava/security/CodeSource;)Ljava/lang/Class; java.base@21.0.12.1 (16 bytes) @ 0x0000024517f76568 [0x0000024517f75f20+0x0000000000000648]
J 5440 c2 java.lang.ClassLoader.loadClass(Ljava/lang/String;Z)Ljava/lang/Class; java.base@21.0.12.1 (121 bytes) @ 0x000002451815d970 [0x000002451815bd40+0x0000000000001c30]
J 4519 c2 java.lang.ClassLoader.loadClass(Ljava/lang/String;)Ljava/lang/Class; java.base@21.0.12.1 (7 bytes) @ 0x000002451811d86c [0x000002451811d820+0x000000000000004c]
v  ~StubRoutines::call_stub 0x000002451790100d
j  kotlin.reflect.jvm.internal.impl.load.java.lazy.descriptors.LazyJavaPackageScope$classes$1.invoke(Lkotlin/reflect/jvm/internal/impl/load/java/lazy/descriptors/LazyJavaPackageScope$FindClassRequest;)Lkotlin/reflect/jvm/internal/impl/descriptors/ClassDescriptor;+437
j  kotlin.reflect.jvm.internal.impl.load.java.lazy.descriptors.LazyJavaPackageScope$classes$1.invoke(Ljava/lang/Object;)Ljava/lang/Object;+5
j  kotlin.reflect.jvm.internal.impl.storage.LockBasedStorageManager$MapBasedMemoizedFunction.invoke(Ljava/lang/Object;)Ljava/lang/Object;+182
j  kotlin.reflect.jvm.internal.impl.load.java.lazy.descriptors.LazyJavaPackageScope.findClassifier(Lkotlin/reflect/jvm/internal/impl/name/Name;Lkotlin/reflect/jvm/internal/impl/load/java/structure/JavaClass;)Lkotlin/reflect/jvm/internal/impl/descriptors/ClassDescriptor;+61
j  kotlin.reflect.jvm.internal.impl.load.java.lazy.descriptors.LazyJavaPackageScope.getContributedClassifier(Lkotlin/reflect/jvm/internal/impl/name/Name;Lkotlin/reflect/jvm/internal/impl/incremental/components/LookupLocation;)Lkotlin/reflect/jvm/internal/impl/descriptors/ClassDescriptor;+15
j  kotlin.reflect.jvm.internal.impl.load.java.lazy.descriptors.JvmPackageScope.getContributedClassifier(Lkotlin/reflect/jvm/internal/impl/name/Name;Lkotlin/reflect/jvm/internal/impl/incremental/components/LookupLocation;)Lkotlin/reflect/jvm/internal/impl/descriptors/ClassifierDescriptor;+24
j  kotlin.reflect.jvm.internal.impl.resolve.scopes.ChainedMemberScope.getContributedClassifier(Lkotlin/reflect/jvm/internal/impl/name/Name;Lkotlin/reflect/jvm/internal/impl/incremental/components/LookupLocation;)Lkotlin/reflect/jvm/internal/impl/descriptors/ClassifierDescriptor;+54
j  kotlin.reflect.jvm.internal.impl.resolve.scopes.AbstractScopeAdapter.getContributedClassifier(Lkotlin/reflect/jvm/internal/impl/name/Name;Lkotlin/reflect/jvm/internal/impl/incremental/components/LookupLocation;)Lkotlin/reflect/jvm/internal/impl/descriptors/ClassifierDescriptor;+18
j  kotlin.reflect.jvm.internal.impl.descriptors.FindClassInModuleKt.findClassifierAcrossModuleDependencies(Lkotlin/reflect/jvm/internal/impl/descriptors/ModuleDescriptor;Lkotlin/reflect/jvm/internal/impl/name/ClassId;)Lkotlin/reflect/jvm/internal/impl/descriptors/ClassifierDescriptor;+96
j  kotlin.reflect.jvm.internal.impl.descriptors.FindClassInModuleKt.findClassAcrossModuleDependencies(Lkotlin/reflect/jvm/internal/impl/descriptors/ModuleDescriptor;Lkotlin/reflect/jvm/internal/impl/name/ClassId;)Lkotlin/reflect/jvm/internal/impl/descriptors/ClassDescriptor;+14
j  kotlin.reflect.jvm.internal.KClassImpl$Data$descriptor$2.invoke()Lkotlin/reflect/jvm/internal/impl/descriptors/ClassDescriptor;+67
j  kotlin.reflect.jvm.internal.KClassImpl$Data$descriptor$2.invoke()Ljava/lang/Object;+1
j  kotlin.reflect.jvm.internal.ReflectProperties$LazySoftVal.invoke()Ljava/lang/Object;+28
j  kotlin.reflect.jvm.internal.ReflectProperties$Val.getValue(Ljava/lang/Object;Ljava/lang/Object;)Ljava/lang/Object;+1
j  kotlin.reflect.jvm.internal.KClassImpl$Data.getDescriptor()Lkotlin/reflect/jvm/internal/impl/descriptors/ClassDescriptor;+10
j  kotlin.reflect.jvm.internal.KClassImpl.getDescriptor()Lkotlin/reflect/jvm/internal/impl/descriptors/ClassDescriptor;+12
j  kotlin.reflect.jvm.internal.KClassImpl.getVisibility()Lkotlin/reflect/KVisibility;+1
j  org.gradle.kotlin.dsl.provider.plugins.DefaultProjectSchemaProviderKt.isKotlinPublic(Ljava/lang/Class;)Z+11
j  org.gradle.kotlin.dsl.provider.plugins.DefaultProjectSchemaProviderKt.getFirstPublicKotlinAccessorType(Ljava/lang/Class;)Ljava/lang/Class;+39
j  org.gradle.kotlin.dsl.provider.plugins.DefaultProjectSchemaProviderKt.getFirstPublicKotlinAccessorTypeOrSelf(Ljava/lang/Class;)Ljava/lang/Class;+7
j  org.gradle.kotlin.dsl.provider.plugins.DefaultProjectSchemaProviderKt.toFirstKotlinPublicOrSelf(Lorg/gradle/api/NamedDomainObjectCollectionSchema$NamedDomainObjectSchema;)Lorg/gradle/api/NamedDomainObjectCollectionSchema$NamedDomainObjectSchema;+19
j  org.gradle.kotlin.dsl.provider.plugins.DefaultProjectSchemaProviderKt.accessibleContainerSchema(Lorg/gradle/api/NamedDomainObjectCollectionSchema;)Ljava/util/List;+181
j  org.gradle.kotlin.dsl.provider.plugins.DefaultProjectSchemaProviderKt.targetSchemaFor$collectSchemaOf(Ljava/util/List;Ljava/util/List;Ljava/util/List;Ljava/util/List;Ljava/lang/Object;Lorg/gradle/api/reflect/TypeOf;)V+33
j  org.gradle.kotlin.dsl.provider.plugins.DefaultProjectSchemaProviderKt.targetSchemaFor(Ljava/lang/Object;Lorg/gradle/api/reflect/TypeOf;)Lorg/gradle/kotlin/dsl/provider/plugins/TargetTypedSchema;+66
j  org.gradle.kotlin.dsl.provider.plugins.DefaultProjectSchemaProvider.schemaFor(Ljava/lang/Object;)Lorg/gradle/kotlin/dsl/accessors/ProjectSchema;+25
j  org.gradle.kotlin.dsl.accessors.ProjectAccessorsClassPathGenerator.configuredProjectSchemaOf(Ljava/lang/Object;Lorg/gradle/api/internal/initialization/ClassLoaderScope;)Lorg/gradle/kotlin/dsl/accessors/ProjectSchema;+31
j  org.gradle.kotlin.dsl.accessors.ProjectAccessorsClassPathGenerator.buildAccessorsClassPathFor(Ljava/lang/Object;Lorg/gradle/internal/classpath/ClassPath;)Lorg/gradle/kotlin/dsl/accessors/AccessorsClassPath;+19
j  org.gradle.kotlin.dsl.accessors.ProjectAccessorsClassPathGenerator.access$buildAccessorsClassPathFor(Lorg/gradle/kotlin/dsl/accessors/ProjectAccessorsClassPathGenerator;Ljava/lang/Object;Lorg/gradle/internal/classpath/ClassPath;)Lorg/gradle/kotlin/dsl/accessors/AccessorsClassPath;+3
j  org.gradle.kotlin.dsl.accessors.ProjectAccessorsClassPathGenerator.projectAccessorsClassPath(Lorg/gradle/api/plugins/ExtensionAware;Lorg/gradle/internal/classpath/ClassPath;)Lorg/gradle/kotlin/dsl/accessors/AccessorsClassPath;+77
j  org.gradle.kotlin.dsl.provider.StandardKotlinScriptEvaluator$InterpreterHost.accessorsClassPathFor(Lorg/gradle/kotlin/dsl/support/KotlinScriptHost;)Lorg/gradle/internal/classpath/ClassPath;+51
j  org.gradle.kotlin.dsl.execution.Interpreter$ProgramHost.accessorsClassPathFor(Lorg/gradle/kotlin/dsl/support/KotlinScriptHost;)Lorg/gradle/internal/classpath/ClassPath;+14
j  Program.execute(Lorg/gradle/kotlin/dsl/execution/ExecutableProgram$Host;Lorg/gradle/kotlin/dsl/support/KotlinScriptHost;)V+176
j  org.gradle.kotlin.dsl.execution.Interpreter$ProgramHost.eval(Lorg/gradle/kotlin/dsl/execution/CompiledScript;Lorg/gradle/kotlin/dsl/support/KotlinScriptHost;)V+88
j  org.gradle.kotlin.dsl.execution.Interpreter.eval(Ljava/lang/Object;Lorg/gradle/groovy/scripts/ScriptSource;Lorg/gradle/internal/hash/HashCode;Lorg/gradle/api/initialization/dsl/ScriptHandler;Lorg/gradle/api/internal/initialization/ClassLoaderScope;Lorg/gradle/api/internal/initialization/ClassLoaderScope;ZLjava/util/EnumSet;)V+213
j  org.gradle.kotlin.dsl.provider.StandardKotlinScriptEvaluator.evaluate(Ljava/lang/Object;Lorg/gradle/groovy/scripts/ScriptSource;Lorg/gradle/api/initialization/dsl/ScriptHandler;Lorg/gradle/api/internal/initialization/ClassLoaderScope;Lorg/gradle/api/internal/initialization/ClassLoaderScope;ZLjava/util/EnumSet;)V+163
j  org.gradle.kotlin.dsl.provider.KotlinScriptPluginFactory$create$1.invoke(Ljava/lang/Object;)V+41
j  org.gradle.kotlin.dsl.provider.KotlinScriptPluginFactory$create$1.invoke(Ljava/lang/Object;)Ljava/lang/Object;+2
j  org.gradle.kotlin.dsl.provider.KotlinScriptPlugin.apply(Ljava/lang/Object;)V+22
j  org.gradle.configuration.BuildOperationScriptPlugin$1.run(Lorg/gradle/internal/operations/BuildOperationContext;)V+11
j  org.gradle.internal.operations.DefaultBuildOperationRunner$1.execute(Lorg/gradle/internal/operations/RunnableBuildOperation;Lorg/gradle/internal/operations/BuildOperationContext;)V+2
j  org.gradle.internal.operations.DefaultBuildOperationRunner$1.execute(Lorg/gradle/internal/operations/BuildOperation;Lorg/gradle/internal/operations/BuildOperationContext;)V+6
j  org.gradle.internal.operations.DefaultBuildOperationRunner$2.execute(Lorg/gradle/internal/operations/BuildOperationDescriptor;Lorg/gradle/internal/operations/BuildOperationState;Lorg/gradle/internal/operations/BuildOperationState;Lorg/gradle/internal/operations/DefaultBuildOperationRunner$ReadableBuildOperationContext;Lorg/gradle/internal/operations/DefaultBuildOperationRunner$BuildOperationExecutionListener;)Lorg/gradle/internal/operations/BuildOperation;+22
j  org.gradle.internal.operations.DefaultBuildOperationRunner$2.execute(Lorg/gradle/internal/operations/BuildOperationDescriptor;Lorg/gradle/internal/operations/BuildOperationState;Lorg/gradle/internal/operations/BuildOperationState;Lorg/gradle/internal/operations/DefaultBuildOperationRunner$ReadableBuildOperationContext;Lorg/gradle/internal/operations/DefaultBuildOperationRunner$BuildOperationExecutionListener;)Ljava/lang/Object;+8
j  org.gradle.internal.operations.DefaultBuildOperationRunner.execute(Lorg/gradle/internal/operations/BuildOperationDescriptor$Builder;Lorg/gradle/internal/operations/BuildOperationState;Lorg/gradle/internal/operations/DefaultBuildOperationRunner$BuildOperationExecution;)Ljava/lang/Object;+141
j  org.gradle.internal.operations.DefaultBuildOperationRunner.execute(Lorg/gradle/internal/operations/BuildOperation;Lorg/gradle/internal/operations/BuildOperationWorker;Lorg/gradle/internal/operations/BuildOperationState;)V+18
j  org.gradle.internal.operations.DefaultBuildOperationRunner.run(Lorg/gradle/internal/operations/RunnableBuildOperation;)V+9
j  org.gradle.configuration.BuildOperationScriptPlugin.lambda$apply$0(Ljava/lang/Object;Lorg/gradle/internal/code/UserCodeApplicationId;)V+14
j  org.gradle.configuration.BuildOperationScriptPlugin$$Lambda+0x00000245264ff458.execute(Ljava/lang/Object;)V+12
j  org.gradle.internal.code.DefaultUserCodeApplicationContext.apply(Lorg/gradle/internal/code/UserCodeSource;Lorg/gradle/api/Action;)V+37
j  org.gradle.configuration.BuildOperationScriptPlugin.apply(Ljava/lang/Object;)V+71
j  org.gradle.initialization.ScriptEvaluatingSettingsProcessor.applySettingsScript(Lorg/gradle/groovy/scripts/TextResourceScriptSource;Lorg/gradle/api/internal/SettingsInternal;)V+32
j  org.gradle.initialization.ScriptEvaluatingSettingsProcessor.process(Lorg/gradle/api/internal/GradleInternal;Lorg/gradle/initialization/SettingsLocation;Lorg/gradle/api/internal/initialization/ClassLoaderScope;Lorg/gradle/StartParameter;)Lorg/gradle/initialization/SettingsState;+90
j  org.gradle.initialization.SettingsEvaluatedCallbackFiringSettingsProcessor.process(Lorg/gradle/api/internal/GradleInternal;Lorg/gradle/initialization/SettingsLocation;Lorg/gradle/api/internal/initialization/ClassLoaderScope;Lorg/gradle/StartParameter;)Lorg/gradle/initialization/SettingsState;+9
j  org.gradle.initialization.RootBuildCacheControllerSettingsProcessor.process(Lorg/gradle/api/internal/GradleInternal;Lorg/gradle/initialization/SettingsLocation;Lorg/gradle/api/internal/initialization/ClassLoaderScope;Lorg/gradle/StartParameter;)Lorg/gradle/initialization/SettingsState;+9
j  org.gradle.initialization.BuildOperationSettingsProcessor$2.call(Lorg/gradle/internal/operations/BuildOperationContext;)Lorg/gradle/initialization/SettingsState;+23
j  org.gradle.initialization.BuildOperationSettingsProcessor$2.call(Lorg/gradle/internal/operations/BuildOperationContext;)Ljava/lang/Object;+2
j  org.gradle.internal.operations.DefaultBuildOperationRunner$CallableBuildOperationWorker.execute(Lorg/gradle/internal/operations/CallableBuildOperation;Lorg/gradle/internal/operations/BuildOperationContext;)V+3
j  org.gradle.internal.operations.DefaultBuildOperationRunner$CallableBuildOperationWorker.execute(Lorg/gradle/internal/operations/BuildOperation;Lorg/gradle/internal/operations/BuildOperationContext;)V+6
j  org.gradle.internal.operations.DefaultBuildOperationRunner$2.execute(Lorg/gradle/internal/operations/BuildOperationDescriptor;Lorg/gradle/internal/operations/BuildOperationState;Lorg/gradle/internal/operations/BuildOperationState;Lorg/gradle/internal/operations/DefaultBuildOperationRunner$ReadableBuildOperationContext;Lorg/gradle/internal/operations/DefaultBuildOperationRunner$BuildOperationExecutionListener;)Lorg/gradle/internal/operations/BuildOperation;+22
j  org.gradle.internal.operations.DefaultBuildOperationRunner$2.execute(Lorg/gradle/internal/operations/BuildOperationDescriptor;Lorg/gradle/internal/operations/BuildOperationState;Lorg/gradle/internal/operations/BuildOperationState;Lorg/gradle/internal/operations/DefaultBuildOperationRunner$ReadableBuildOperationContext;Lorg/gradle/internal/operations/DefaultBuildOperationRunner$BuildOperationExecutionListener;)Ljava/lang/Object;+8
j  org.gradle.internal.operations.DefaultBuildOperationRunner.execute(Lorg/gradle/internal/operations/BuildOperationDescriptor$Builder;Lorg/gradle/internal/operations/BuildOperationState;Lorg/gradle/internal/operations/DefaultBuildOperationRunner$BuildOperationExecution;)Ljava/lang/Object;+141
j  org.gradle.internal.operations.DefaultBuildOperationRunner.execute(Lorg/gradle/internal/operations/BuildOperation;Lorg/gradle/internal/operations/BuildOperationWorker;Lorg/gradle/internal/operations/BuildOperationState;)V+18
j  org.gradle.internal.operations.DefaultBuildOperationRunner.call(Lorg/gradle/internal/operations/CallableBuildOperation;)Ljava/lang/Object;+16
j  org.gradle.initialization.BuildOperationSettingsProcessor.process(Lorg/gradle/api/internal/GradleInternal;Lorg/gradle/initialization/SettingsLocation;Lorg/gradle/api/internal/initialization/ClassLoaderScope;Lorg/gradle/StartParameter;)Lorg/gradle/initialization/SettingsState;+17
j  org.gradle.initialization.DefaultSettingsLoader.findSettingsAndLoadIfAppropriate(Lorg/gradle/api/internal/GradleInternal;Lorg/gradle/StartParameter;Lorg/gradle/initialization/SettingsLocation;Lorg/gradle/api/internal/initialization/ClassLoaderScope;)Lorg/gradle/initialization/SettingsState;+9
j  org.gradle.initialization.DefaultSettingsLoader.findAndLoadSettings(Lorg/gradle/api/internal/GradleInternal;)Lorg/gradle/initialization/SettingsState;+33
j  org.gradle.initialization.SettingsAttachingSettingsLoader.findAndLoadSettings(Lorg/gradle/api/internal/GradleInternal;)Lorg/gradle/initialization/SettingsState;+5
j  org.gradle.internal.composite.CommandLineIncludedBuildSettingsLoader.findAndLoadSettings(Lorg/gradle/api/internal/GradleInternal;)Lorg/gradle/initialization/SettingsState;+5
j  org.gradle.internal.composite.ChildBuildRegisteringSettingsLoader.findAndLoadSettings(Lorg/gradle/api/internal/GradleInternal;)Lorg/gradle/initialization/SettingsState;+5
j  org.gradle.internal.composite.CompositeBuildSettingsLoader.findAndLoadSettings(Lorg/gradle/api/internal/GradleInternal;)Lorg/gradle/initialization/SettingsState;+5
j  org.gradle.initialization.InitScriptHandlingSettingsLoader.findAndLoadSettings(Lorg/gradle/api/internal/GradleInternal;)Lorg/gradle/initialization/SettingsState;+13
j  org.gradle.api.internal.initialization.CacheConfigurationsHandlingSettingsLoader.findAndLoadSettings(Lorg/gradle/api/internal/GradleInternal;)Lorg/gradle/initialization/SettingsState;+15
j  org.gradle.initialization.GradlePropertiesHandlingSettingsLoader.findAndLoadSettings(Lorg/gradle/api/internal/GradleInternal;)Lorg/gradle/initialization/SettingsState;+40
j  org.gradle.initialization.DefaultSettingsPreparer.prepareSettings(Lorg/gradle/api/internal/GradleInternal;)V+33
j  org.gradle.initialization.BuildOperationFiringSettingsPreparer$LoadBuild.doLoadBuild()V+11
j  org.gradle.initialization.BuildOperationFiringSettingsPreparer$LoadBuild.run(Lorg/gradle/internal/operations/BuildOperationContext;)V+1
j  org.gradle.internal.operations.DefaultBuildOperationRunner$1.execute(Lorg/gradle/internal/operations/RunnableBuildOperation;Lorg/gradle/internal/operations/BuildOperationContext;)V+2
j  org.gradle.internal.operations.DefaultBuildOperationRunner$1.execute(Lorg/gradle/internal/operations/BuildOperation;Lorg/gradle/internal/operations/BuildOperationContext;)V+6
j  org.gradle.internal.operations.DefaultBuildOperationRunner$2.execute(Lorg/gradle/internal/operations/BuildOperationDescriptor;Lorg/gradle/internal/operations/BuildOperationState;Lorg/gradle/internal/operations/BuildOperationState;Lorg/gradle/internal/operations/DefaultBuildOperationRunner$ReadableBuildOperationContext;Lorg/gradle/internal/operations/DefaultBuildOperationRunner$BuildOperationExecutionListener;)Lorg/gradle/internal/operations/BuildOperation;+22
j  org.gradle.internal.operations.DefaultBuildOperationRunner$2.execute(Lorg/gradle/internal/operations/BuildOperationDescriptor;Lorg/gradle/internal/operations/BuildOperationState;Lorg/gradle/internal/operations/BuildOperationState;Lorg/gradle/internal/operations/DefaultBuildOperationRunner$ReadableBuildOperationContext;Lorg/gradle/internal/operations/DefaultBuildOperationRunner$BuildOperationExecutionListener;)Ljava/lang/Object;+8
j  org.gradle.internal.operations.DefaultBuildOperationRunner.execute(Lorg/gradle/internal/operations/BuildOperationDescriptor$Builder;Lorg/gradle/internal/operations/BuildOperationState;Lorg/gradle/internal/operations/DefaultBuildOperationRunner$BuildOperationExecution;)Ljava/lang/Object;+141
j  org.gradle.internal.operations.DefaultBuildOperationRunner.execute(Lorg/gradle/internal/operations/BuildOperation;Lorg/gradle/internal/operations/BuildOperationWorker;Lorg/gradle/internal/operations/BuildOperationState;)V+18
j  org.gradle.internal.operations.DefaultBuildOperationRunner.run(Lorg/gradle/internal/operations/RunnableBuildOperation;)V+9
j  org.gradle.initialization.BuildOperationFiringSettingsPreparer.prepareSettings(Lorg/gradle/api/internal/GradleInternal;)V+31
j  org.gradle.initialization.VintageBuildModelController.lambda$prepareSettings$1()V+8
j  org.gradle.initialization.VintageBuildModelController$$Lambda+0x00000245263f3a38.run()V+4
j  org.gradle.internal.model.StateTransitionController.lambda$doTransition$14(Ljava/lang/Runnable;)Lorg/gradle/internal/build/ExecutionResult;+1
j  org.gradle.internal.model.StateTransitionController$$Lambda+0x00000245263f3810.get()Ljava/lang/Object;+4
j  org.gradle.internal.model.StateTransitionController.doTransition(Lorg/gradle/internal/model/StateTransitionController$State;Lorg/gradle/internal/model/StateTransitionController$State;Ljava/util/function/Supplier;)Lorg/gradle/internal/build/ExecutionResult;+24
j  org.gradle.internal.model.StateTransitionController.doTransition(Lorg/gradle/internal/model/StateTransitionController$State;Lorg/gradle/internal/model/StateTransitionController$State;Ljava/lang/Runnable;)V+9
j  org.gradle.internal.model.StateTransitionController.lambda$transitionIfNotPreviously$11(Lorg/gradle/internal/model/StateTransitionController$State;Lorg/gradle/internal/model/StateTransitionController$State;Ljava/lang/Runnable;)V+16
j  org.gradle.internal.model.StateTransitionController$$Lambda+0x00000245263f3c60.run()V+16
j  org.gradle.internal.work.DefaultSynchronizer.withLock(Ljava/lang/Runnable;)V+6
j  org.gradle.internal.model.StateTransitionController.transitionIfNotPreviously(Lorg/gradle/internal/model/StateTransitionController$State;Lorg/gradle/internal/model/StateTransitionController$State;Ljava/lang/Runnable;)V+13
j  org.gradle.initialization.VintageBuildModelController.prepareSettings()V+16
j  org.gradle.initialization.VintageBuildModelController.prepareToScheduleTasks()V+1
j  org.gradle.internal.build.DefaultBuildLifecycleController.lambda$prepareToScheduleTasks$6()V+9
j  org.gradle.internal.build.DefaultBuildLifecycleController$$Lambda+0x00000245263f33c0.run()V+4
j  org.gradle.internal.model.StateTransitionController.lambda$doTransition$14(Ljava/lang/Runnable;)Lorg/gradle/internal/build/ExecutionResult;+1
j  org.gradle.internal.model.StateTransitionController$$Lambda+0x00000245263f3810.get()Ljava/lang/Object;+4
j  org.gradle.internal.model.StateTransitionController.doTransition(Lorg/gradle/internal/model/StateTransitionController$State;Lorg/gradle/internal/model/StateTransitionController$State;Ljava/util/function/Supplier;)Lorg/gradle/internal/build/ExecutionResult;+24
j  org.gradle.internal.model.StateTransitionController.doTransition(Lorg/gradle/internal/model/StateTransitionController$State;Lorg/gradle/internal/model/StateTransitionController$State;Ljava/lang/Runnable;)V+9
j  org.gradle.internal.model.StateTransitionController.lambda$maybeTransition$9(Lorg/gradle/internal/model/StateTransitionController$State;Lorg/gradle/internal/model/StateTransitionController$State;Ljava/lang/Runnable;)V+16
j  org.gradle.internal.model.StateTransitionController$$Lambda+0x00000245263f35e8.run()V+16
j  org.gradle.internal.work.DefaultSynchronizer.withLock(Ljava/lang/Runnable;)V+6
j  org.gradle.internal.model.StateTransitionController.maybeTransition(Lorg/gradle/internal/model/StateTransitionController$State;Lorg/gradle/internal/model/StateTransitionController$State;Ljava/lang/Runnable;)V+13
j  org.gradle.internal.build.DefaultBuildLifecycleController.prepareToScheduleTasks()V+16
j  org.gradle.internal.buildtree.DefaultBuildTreeWorkPreparer.scheduleRequestedTasks(Lorg/gradle/internal/buildtree/BuildTreeWorkGraph;Lorg/gradle/execution/EntryTaskSelector;)Lorg/gradle/internal/buildtree/BuildTreeWorkGraph$FinalizedGraph;+4
j  org.gradle.internal.cc.impl.VintageBuildTreeWorkController$scheduleAndRunRequestedTasks$1.apply(Lorg/gradle/internal/buildtree/BuildTreeWorkGraph;)Lorg/gradle/internal/build/ExecutionResult;+18
j  org.gradle.internal.cc.impl.VintageBuildTreeWorkController$scheduleAndRunRequestedTasks$1.apply(Ljava/lang/Object;)Ljava/lang/Object;+5
j  org.gradle.composite.internal.DefaultIncludedBuildTaskGraph.withNewWorkGraph(Ljava/util/function/Function;)Ljava/lang/Object;+30
j  org.gradle.internal.cc.impl.VintageBuildTreeWorkController.scheduleAndRunRequestedTasks(Lorg/gradle/execution/EntryTaskSelector;)Lorg/gradle/internal/build/ExecutionResult;+16
j  org.gradle.internal.buildtree.DefaultBuildTreeLifecycleController.lambda$scheduleAndRunTasks$1(Lorg/gradle/execution/EntryTaskSelector;)Lorg/gradle/internal/build/ExecutionResult;+5
j  org.gradle.internal.buildtree.DefaultBuildTreeLifecycleController$$Lambda+0x00000245263f2720.get()Ljava/lang/Object;+8
j  org.gradle.internal.buildtree.DefaultBuildTreeLifecycleController.lambda$runBuild$4(Ljava/util/function/Supplier;)Ljava/lang/Object;+1
j  org.gradle.internal.buildtree.DefaultBuildTreeLifecycleController$$Lambda+0x00000245263f2948.get()Ljava/lang/Object;+8
j  org.gradle.internal.model.StateTransitionController.lambda$transition$6(Ljava/util/function/Supplier;)Lorg/gradle/internal/build/ExecutionResult;+1
j  org.gradle.internal.model.StateTransitionController$$Lambda+0x00000245263f2d98.get()Ljava/lang/Object;+4
j  org.gradle.internal.model.StateTransitionController.doTransition(Lorg/gradle/internal/model/StateTransitionController$State;Lorg/gradle/internal/model/StateTransitionController$State;Ljava/util/function/Supplier;)Lorg/gradle/internal/build/ExecutionResult;+24
j  org.gradle.internal.model.StateTransitionController.lambda$transition$7(Lorg/gradle/internal/model/StateTransitionController$State;Lorg/gradle/internal/model/StateTransitionController$State;Ljava/util/function/Supplier;)Ljava/lang/Object;+9
j  org.gradle.internal.model.StateTransitionController$$Lambda+0x00000245263f2b70.create()Ljava/lang/Object;+16
j  org.gradle.internal.work.DefaultSynchronizer.withLock(Lorg/gradle/internal/Factory;)Ljava/lang/Object;+6
j  org.gradle.internal.model.StateTransitionController.transition(Lorg/gradle/internal/model/StateTransitionController$State;Lorg/gradle/internal/model/StateTransitionController$State;Ljava/util/function/Supplier;)Ljava/lang/Object;+13
j  org.gradle.internal.buildtree.DefaultBuildTreeLifecycleController.runBuild(Ljava/util/function/Supplier;)Ljava/lang/Object;+17
j  org.gradle.internal.buildtree.DefaultBuildTreeLifecycleController.scheduleAndRunTasks(Lorg/gradle/execution/EntryTaskSelector;)V+8
j  org.gradle.internal.buildtree.DefaultBuildTreeLifecycleController.scheduleAndRunTasks()V+2
j  org.gradle.tooling.internal.provider.runner.BuildModelActionRunner.run(Lorg/gradle/internal/invocation/BuildAction;Lorg/gradle/internal/buildtree/BuildTreeLifecycleController;)Lorg/gradle/internal/buildtree/BuildActionRunner$Result;+65
j  org.gradle.launcher.exec.ChainingBuildActionRunner.run(Lorg/gradle/internal/invocation/BuildAction;Lorg/gradle/internal/buildtree/BuildTreeLifecycleController;)Lorg/gradle/internal/buildtree/BuildActionRunner$Result;+34
j  org.gradle.internal.buildtree.ProblemReportingBuildActionRunner.run(Lorg/gradle/internal/invocation/BuildAction;Lorg/gradle/internal/buildtree/BuildTreeLifecycleController;)Lorg/gradle/internal/buildtree/BuildActionRunner$Result;+12
j  org.gradle.launcher.exec.BuildOutcomeReportingBuildActionRunner.run(Lorg/gradle/internal/invocation/BuildAction;Lorg/gradle/internal/buildtree/BuildTreeLifecycleController;)Lorg/gradle/internal/buildtree/BuildActionRunner$Result;+69
j  org.gradle.tooling.internal.provider.FileSystemWatchingBuildActionRunner.run(Lorg/gradle/internal/invocation/BuildAction;Lorg/gradle/internal/buildtree/BuildTreeLifecycleController;)Lorg/gradle/internal/buildtree/BuildActionRunner$Result;+335
j  org.gradle.launcher.exec.BuildCompletionNotifyingBuildActionRunner.run(Lorg/gradle/internal/invocation/BuildAction;Lorg/gradle/internal/buildtree/BuildTreeLifecycleController;)Lorg/gradle/internal/buildtree/BuildActionRunner$Result;+6
j  org.gradle.launcher.exec.RootBuildLifecycleBuildActionExecutor.lambda$execute$0(Lorg/gradle/internal/invocation/BuildAction;Lorg/gradle/internal/buildtree/BuildTreeLifecycleController;)Lorg/gradle/internal/buildtree/BuildActionRunner$Result;+6
j  org.gradle.launcher.exec.RootBuildLifecycleBuildActionExecutor$$Lambda+0x00000245263dfd40.apply(Ljava/lang/Object;)Ljava/lang/Object;+12
j  org.gradle.composite.internal.DefaultRootBuildState.run(Ljava/util/function/Function;)Ljava/lang/Object;+87
j  org.gradle.launcher.exec.RootBuildLifecycleBuildActionExecutor.execute(Lorg/gradle/internal/invocation/BuildAction;Lorg/gradle/internal/buildtree/BuildTreeContext;)Lorg/gradle/internal/buildtree/BuildActionRunner$Result;+28
j  org.gradle.internal.buildtree.InitDeprecationLoggingActionExecutor.execute(Lorg/gradle/internal/invocation/BuildAction;Lorg/gradle/internal/buildtree/BuildTreeContext;)Lorg/gradle/internal/buildtree/BuildActionRunner$Result;+83
j  org.gradle.internal.buildtree.InitProblems.execute(Lorg/gradle/internal/invocation/BuildAction;Lorg/gradle/internal/buildtree/BuildTreeContext;)Lorg/gradle/internal/buildtree/BuildActionRunner$Result;+13
j  org.gradle.internal.buildtree.DefaultBuildTreeContext.execute(Lorg/gradle/internal/invocation/BuildAction;)Lorg/gradle/internal/buildtree/BuildActionRunner$Result;+64
j  org.gradle.launcher.exec.BuildTreeLifecycleBuildActionExecutor.lambda$execute$0(Lorg/gradle/internal/invocation/BuildAction;Lorg/gradle/internal/buildtree/BuildTreeContext;)Lorg/gradle/internal/buildtree/BuildActionRunner$Result;+2
j  org.gradle.launcher.exec.BuildTreeLifecycleBuildActionExecutor$$Lambda+0x00000245262a4e78.apply(Ljava/lang/Object;)Ljava/lang/Object;+8
j  org.gradle.internal.buildtree.BuildTreeState.run(Ljava/util/function/Function;)Ljava/lang/Object;+45
j  org.gradle.launcher.exec.BuildTreeLifecycleBuildActionExecutor.execute(Lorg/gradle/internal/invocation/BuildAction;Lorg/gradle/internal/session/BuildSessionContext;)Lorg/gradle/internal/buildtree/BuildActionRunner$Result;+74
j  org.gradle.launcher.exec.RunAsBuildOperationBuildActionExecutor$3.call(Lorg/gradle/internal/operations/BuildOperationContext;)Lorg/gradle/internal/buildtree/BuildActionRunner$Result;+25
j  org.gradle.launcher.exec.RunAsBuildOperationBuildActionExecutor$3.call(Lorg/gradle/internal/operations/BuildOperationContext;)Ljava/lang/Object;+2
j  org.gradle.internal.operations.DefaultBuildOperationRunner$CallableBuildOperationWorker.execute(Lorg/gradle/internal/operations/CallableBuildOperation;Lorg/gradle/internal/operations/BuildOperationContext;)V+3
j  org.gradle.internal.operations.DefaultBuildOperationRunner$CallableBuildOperationWorker.execute(Lorg/gradle/internal/operations/BuildOperation;Lorg/gradle/internal/operations/BuildOperationContext;)V+6
j  org.gradle.internal.operations.DefaultBuildOperationRunner$2.execute(Lorg/gradle/internal/operations/BuildOperationDescriptor;Lorg/gradle/internal/operations/BuildOperationState;Lorg/gradle/internal/operations/BuildOperationState;Lorg/gradle/internal/operations/DefaultBuildOperationRunner$ReadableBuildOperationContext;Lorg/gradle/internal/operations/DefaultBuildOperationRunner$BuildOperationExecutionListener;)Lorg/gradle/internal/operations/BuildOperation;+22
j  org.gradle.internal.operations.DefaultBuildOperationRunner$2.execute(Lorg/gradle/internal/operations/BuildOperationDescriptor;Lorg/gradle/internal/operations/BuildOperationState;Lorg/gradle/internal/operations/BuildOperationState;Lorg/gradle/internal/operations/DefaultBuildOperationRunner$ReadableBuildOperationContext;Lorg/gradle/internal/operations/DefaultBuildOperationRunner$BuildOperationExecutionListener;)Ljava/lang/Object;+8
j  org.gradle.internal.operations.DefaultBuildOperationRunner.execute(Lorg/gradle/internal/operations/BuildOperationDescriptor$Builder;Lorg/gradle/internal/operations/BuildOperationState;Lorg/gradle/internal/operations/DefaultBuildOperationRunner$BuildOperationExecution;)Ljava/lang/Object;+141
j  org.gradle.internal.operations.DefaultBuildOperationRunner.execute(Lorg/gradle/internal/operations/BuildOperation;Lorg/gradle/internal/operations/BuildOperationWorker;Lorg/gradle/internal/operations/BuildOperationState;)V+18
j  org.gradle.internal.operations.DefaultBuildOperationRunner.call(Lorg/gradle/internal/operations/CallableBuildOperation;)Ljava/lang/Object;+16
j  org.gradle.launcher.exec.RunAsBuildOperationBuildActionExecutor.execute(Lorg/gradle/internal/invocation/BuildAction;Lorg/gradle/internal/session/BuildSessionContext;)Lorg/gradle/internal/buildtree/BuildActionRunner$Result;+23
j  org.gradle.launcher.exec.RunAsWorkerThreadBuildActionExecutor.lambda$execute$0(Lorg/gradle/internal/invocation/BuildAction;Lorg/gradle/internal/session/BuildSessionContext;)Lorg/gradle/internal/buildtree/BuildActionRunner$Result;+6
j  org.gradle.launcher.exec.RunAsWorkerThreadBuildActionExecutor$$Lambda+0x0000024526276440.create()Ljava/lang/Object;+12
j  org.gradle.internal.work.DefaultWorkerLeaseService.withLocks(Ljava/util/Collection;Lorg/gradle/internal/Factory;)Ljava/lang/Object;+28
j  org.gradle.internal.work.DefaultWorkerLeaseService.runAsWorkerThread(Lorg/gradle/internal/Factory;)Ljava/lang/Object;+33
j  org.gradle.launcher.exec.RunAsWorkerThreadBuildActionExecutor.execute(Lorg/gradle/internal/invocation/BuildAction;Lorg/gradle/internal/session/BuildSessionContext;)Lorg/gradle/internal/buildtree/BuildActionRunner$Result;+12
j  org.gradle.tooling.internal.provider.continuous.ContinuousBuildActionExecutor.execute(Lorg/gradle/internal/invocation/BuildAction;Lorg/gradle/internal/session/BuildSessionContext;)Lorg/gradle/internal/buildtree/BuildActionRunner$Result;+58
j  org.gradle.tooling.internal.provider.SubscribableBuildActionExecutor.execute(Lorg/gradle/internal/invocation/BuildAction;Lorg/gradle/internal/session/BuildSessionContext;)Lorg/gradle/internal/buildtree/BuildActionRunner$Result;+30
j  org.gradle.internal.session.DefaultBuildSessionContext.execute(Lorg/gradle/internal/invocation/BuildAction;)Lorg/gradle/internal/buildtree/BuildActionRunner$Result;+64
j  org.gradle.internal.buildprocess.execution.BuildSessionLifecycleBuildActionExecutor$ActionImpl.apply(Lorg/gradle/internal/session/BuildSessionContext;)Lorg/gradle/launcher/exec/BuildActionResult;+6
j  org.gradle.internal.buildprocess.execution.BuildSessionLifecycleBuildActionExecutor$ActionImpl.apply(Ljava/lang/Object;)Ljava/lang/Object;+5
j  org.gradle.internal.session.BuildSessionState.run(Ljava/util/function/Function;)Ljava/lang/Object;+5
j  org.gradle.internal.buildprocess.execution.BuildSessionLifecycleBuildActionExecutor.execute(Lorg/gradle/internal/invocation/BuildAction;Lorg/gradle/launcher/exec/BuildActionParameters;Lorg/gradle/initialization/BuildRequestContext;)Lorg/gradle/launcher/exec/BuildActionResult;+95
j  org.gradle.internal.buildprocess.execution.BuildSessionLifecycleBuildActionExecutor.execute(Lorg/gradle/internal/invocation/BuildAction;Ljava/lang/Object;Ljava/lang/Object;)Lorg/gradle/launcher/exec/BuildActionResult;+10
j  org.gradle.internal.buildprocess.execution.StartParamsValidatingActionExecutor.execute(Lorg/gradle/internal/invocation/BuildAction;Lorg/gradle/launcher/exec/BuildActionParameters;Lorg/gradle/initialization/BuildRequestContext;)Lorg/gradle/launcher/exec/BuildActionResult;+203
j  org.gradle.internal.buildprocess.execution.StartParamsValidatingActionExecutor.execute(Lorg/gradle/internal/invocation/BuildAction;Ljava/lang/Object;Ljava/lang/Object;)Lorg/gradle/launcher/exec/BuildActionResult;+10
j  org.gradle.internal.buildprocess.execution.SessionFailureReportingActionExecutor.execute(Lorg/gradle/internal/invocation/BuildAction;Lorg/gradle/launcher/exec/BuildActionParameters;Lorg/gradle/initialization/BuildRequestContext;)Lorg/gradle/launcher/exec/BuildActionResult;+7
j  org.gradle.internal.buildprocess.execution.SessionFailureReportingActionExecutor.execute(Lorg/gradle/internal/invocation/BuildAction;Ljava/lang/Object;Ljava/lang/Object;)Lorg/gradle/launcher/exec/BuildActionResult;+10
j  org.gradle.internal.buildprocess.execution.SetupLoggingActionExecutor.execute(Lorg/gradle/internal/invocation/BuildAction;Lorg/gradle/launcher/exec/BuildActionParameters;Lorg/gradle/initialization/BuildRequestContext;)Lorg/gradle/launcher/exec/BuildActionResult;+50
j  org.gradle.internal.buildprocess.execution.SetupLoggingActionExecutor.execute(Lorg/gradle/internal/invocation/BuildAction;Ljava/lang/Object;Ljava/lang/Object;)Lorg/gradle/launcher/exec/BuildActionResult;+10
j  org.gradle.launcher.daemon.server.exec.ExecuteBuild.doBuild(Lorg/gradle/launcher/daemon/server/api/DaemonCommandExecution;Lorg/gradle/launcher/daemon/protocol/Build;)V+147
j  org.gradle.launcher.daemon.server.exec.BuildCommandOnly.execute(Lorg/gradle/launcher/daemon/server/api/DaemonCommandExecution;)V+49
j  org.gradle.launcher.daemon.server.api.DaemonCommandExecution.proceed()Z+23
j  org.gradle.launcher.daemon.server.exec.WatchForDisconnection.execute(Lorg/gradle/launcher/daemon/server/api/DaemonCommandExecution;)V+19
j  org.gradle.launcher.daemon.server.api.DaemonCommandExecution.proceed()Z+23
j  org.gradle.launcher.daemon.server.exec.ResetDeprecationLogger.execute(Lorg/gradle/launcher/daemon/server/api/DaemonCommandExecution;)V+7
j  org.gradle.launcher.daemon.server.api.DaemonCommandExecution.proceed()Z+23
j  org.gradle.launcher.daemon.server.exec.RequestStopIfSingleUsedDaemon.execute(Lorg/gradle/launcher/daemon/server/api/DaemonCommandExecution;)V+33
j  org.gradle.launcher.daemon.server.api.DaemonCommandExecution.proceed()Z+23
j  org.gradle.launcher.daemon.server.exec.ForwardClientInput.lambda$execute$0(Lorg/gradle/launcher/daemon/server/api/DaemonCommandExecution;Lorg/gradle/internal/daemon/clientinput/StdinHandler;)Ljava/lang/Object;+11
j  org.gradle.launcher.daemon.server.exec.ForwardClientInput$$Lambda+0x000002452618a7c8.apply(Ljava/lang/Object;)Ljava/lang/Object;+8
j  org.gradle.internal.daemon.clientinput.ClientInputForwarder.forwardInput(Ljava/util/function/Function;)Ljava/lang/Object;+46
j  org.gradle.launcher.daemon.server.exec.ForwardClientInput.execute(Lorg/gradle/launcher/daemon/server/api/DaemonCommandExecution;)V+10
j  org.gradle.launcher.daemon.server.api.DaemonCommandExecution.proceed()Z+23
j  org.gradle.launcher.daemon.server.exec.LogAndCheckHealth.execute(Lorg/gradle/launcher/daemon/server/api/DaemonCommandExecution;)V+51
j  org.gradle.launcher.daemon.server.api.DaemonCommandExecution.proceed()Z+23
j  org.gradle.launcher.daemon.server.exec.LogToClient.doBuild(Lorg/gradle/launcher/daemon/server/api/DaemonCommandExecution;Lorg/gradle/launcher/daemon/protocol/Build;)V+87
j  org.gradle.launcher.daemon.server.exec.BuildCommandOnly.execute(Lorg/gradle/launcher/daemon/server/api/DaemonCommandExecution;)V+49
j  org.gradle.launcher.daemon.server.api.DaemonCommandExecution.proceed()Z+23
j  org.gradle.launcher.daemon.server.exec.EstablishBuildEnvironment.doBuild(Lorg/gradle/launcher/daemon/server/api/DaemonCommandExecution;Lorg/gradle/launcher/daemon/protocol/Build;)V+356
j  org.gradle.launcher.daemon.server.exec.BuildCommandOnly.execute(Lorg/gradle/launcher/daemon/server/api/DaemonCommandExecution;)V+49
j  org.gradle.launcher.daemon.server.api.DaemonCommandExecution.proceed()Z+23
j  org.gradle.launcher.daemon.server.exec.StartBuildOrRespondWithBusy$1.run()V+44
j  org.gradle.launcher.daemon.server.DaemonStateCoordinator.lambda$runCommand$0(Ljava/lang/Runnable;)V+1
j  org.gradle.launcher.daemon.server.DaemonStateCoordinator$$Lambda+0x0000024526189150.run()V+8
j  org.gradle.internal.concurrent.ExecutorPolicy$CatchAndRecordFailures.onExecute(Ljava/lang/Runnable;)V+1
j  org.gradle.internal.concurrent.AbstractManagedExecutor$1.run()V+25
j  java.util.concurrent.ThreadPoolExecutor.runWorker(Ljava/util/concurrent/ThreadPoolExecutor$Worker;)V+92 java.base@21.0.12.1
j  java.util.concurrent.ThreadPoolExecutor$Worker.run()V+5 java.base@21.0.12.1
j  java.lang.Thread.runWith(Ljava/lang/Object;Ljava/lang/Runnable;)V+5 java.base@21.0.12.1
j  java.lang.Thread.run()V+19 java.base@21.0.12.1
v  ~StubRoutines::call_stub 0x000002451790100d

Compiled method (n/a) 301879  809     n 0       java.lang.ClassLoader::defineClass1 (native)
 total in heap  [0x0000024517ef7f90,0x0000024517ef8528] = 1432
 relocation     [0x0000024517ef80f0,0x0000024517ef8128] = 56
 main code      [0x0000024517ef8140,0x0000024517ef8521] = 993
 stub code      [0x0000024517ef8521,0x0000024517ef8528] = 7

[Constant Pool (empty)]

[MachCode]
[Entry Point]
  # {method} {0x0000024525434c38} 'defineClass1' '(Ljava/lang/ClassLoader;Ljava/lang/String;[BIILjava/security/ProtectionDomain;Ljava/lang/String;)Ljava/lang/Class;' in 'java/lang/ClassLoader'
  # parm0:    rdx:rdx   = 'java/lang/ClassLoader'
  # parm1:    r8:r8     = 'java/lang/String'
  # parm2:    r9:r9     = '[B'
  # parm3:    rdi       = int
  # parm4:    rsi       = int
  # parm5:    rcx:rcx   = 'java/security/ProtectionDomain'
  # parm6:    [sp+0xa0]   = 'java/lang/String'  (sp of caller)
  0x0000024517ef8140: 448b 5208 | 49bb 0000 | 0025 4502 | 0000 4d03 | d349 3bc2 | 0f84 0600 

  0x0000024517ef8158: ;   {runtime_call ic_miss_stub}
  0x0000024517ef8158: 0000 e921 | 66a5 ff90 
[Verified Entry Point]
  0x0000024517ef8160: 8984 2400 | 80ff ff55 | 488b ec48 | 81ec 9000 | 0000 6690 | 4181 7f20 | 0500 0000 

  0x0000024517ef817c: ;   {runtime_call StubRoutines (final stubs)}
  0x0000024517ef817c: 7405 e81d | e3a3 ff48 | 837d 1000 | 488d 4510 | 480f 4445 | 1048 8944 | 2440 4889 | 4c24 7048 
  0x0000024517ef819c: 83f9 0048 | 8d44 2470 | 480f 4444 | 2470 4889 | 4424 3848 | 8974 2430 | 4889 7c24 | 284c 894c 
  0x0000024517ef81bc: 2458 4983 | f900 488d | 4424 5848 | 0f44 4424 | 5848 8944 | 2420 4c89 | 4424 5049 | 83f8 004c 
  0x0000024517ef81dc: 8d4c 2450 | 4c0f 444c | 2450 4889 | 5424 4848 | 83fa 004c | 8d44 2448 | 4c0f 4444 

  0x0000024517ef81f8: ;   {oop(a 'java/lang/Class'{0x000000008070e5b0} = 'java/lang/ClassLoader')}
  0x0000024517ef81f8: 2448 49be | b0e5 7080 | 0000 0000 | 4c89 7424 | 784c 8d74 | 2478 498b | d6c5 f877 

  0x0000024517ef8214: ;   {internal_word}
  0x0000024517ef8214: 49ba 1182 | ef17 4502 | 0000 4d89 | 97a8 0300 | 0049 89a7 | a003 0000 

  0x0000024517ef822c: ;   {external_word}
  0x0000024517ef822c: 49ba 066d | a36d fa7f | 0000 4180 | 3a00 0f84 | 4e00 0000 | 5241 5041 

  0x0000024517ef8244: ;   {metadata({method} {0x0000024525434c38} 'defineClass1' '(Ljava/lang/ClassLoader;Ljava/lang/String;[BIILjava/security/ProtectionDomain;Ljava/lang/String;)Ljava/lang/Class;' in 'java/lang/ClassLoader')}
  0x0000024517ef8244: 5148 ba30 | 4c43 2545 | 0200 0049 | 8bcf 4883 | ec20 40f6 | c40f 0f84 | 1900 0000 | 4883 ec08 
  0x0000024517ef8264: ;   {runtime_call}
  0x0000024517ef8264: 48b8 e0ea | 4c6d fa7f | 0000 ffd0 | 4883 c408 | e90c 0000 

  0x0000024517ef8278: ;   {runtime_call}
  0x0000024517ef8278: 0048 b8e0 | ea4c 6dfa | 7f00 00ff | d048 83c4 | 2041 5941 | 585a 498d | 8fc0 0300 | 0041 c787 
  0x0000024517ef8298: 4c04 0000 | 0400 0000 

  0x0000024517ef82a0: ;   {runtime_call}
  0x0000024517ef82a0: 48b8 ac16 | 3989 fa7f | 0000 ffd0 | c5f8 7741 | c787 4c04 | 0000 0500 | 0000 f083 | 4424 c000 
  0x0000024517ef82c0: 493b af50 | 0400 000f | 870e 0000 | 0041 83bf | 4804 0000 | 000f 842b | 0000 00c5 | f877 4889 
  0x0000024517ef82e0: 45f8 498b | cf4c 8be4 | 4883 ec20 | 4883 e4f0 

  0x0000024517ef82f0: ;   {runtime_call}
  0x0000024517ef82f0: 48b8 0058 | 186d fa7f | 0000 ffd0 | 498b e44d | 33e4 488b | 45f8 41c7 | 874c 0400 | 0008 0000 
  0x0000024517ef8310: 0041 83bf | c804 0000 | 020f 84d5 

  0x0000024517ef831c: ;   {external_word}
  0x0000024517ef831c: 0100 0049 | ba06 6da3 | 6dfa 7f00 | 0041 803a | 000f 844c | 0000 0048 

  0x0000024517ef8334: ;   {metadata({method} {0x0000024525434c38} 'defineClass1' '(Ljava/lang/ClassLoader;Ljava/lang/String;[BIILjava/security/ProtectionDomain;Ljava/lang/String;)Ljava/lang/Class;' in 'java/lang/ClassLoader')}
  0x0000024517ef8334: 8945 f848 | ba30 4c43 | 2545 0200 | 0049 8bcf | 4883 ec20 | 40f6 c40f | 0f84 1900 | 0000 4883 
  0x0000024517ef8354: ;   {runtime_call}
  0x0000024517ef8354: ec08 48b8 | e0ea 4c6d | fa7f 0000 | ffd0 4883 | c408 e90c 

  0x0000024517ef8368: ;   {runtime_call}
  0x0000024517ef8368: 0000 0048 | b8e0 ea4c | 6dfa 7f00 | 00ff d048 | 83c4 2048 | 8b45 f849 | c787 a003 | 0000 0000 
  0x0000024517ef8388: 0000 49c7 | 87a8 0300 | 0000 0000 | 00c5 f877 | 4885 c00f | 8430 0100 | 00a8 030f | 8508 0000 
  0x0000024517ef83a8: 0048 8b00 | e920 0100 | 00a8 010f | 8509 0000 | 0048 8b40 | fee9 0f01 | 0000 488b | 40ff 4180 
  0x0000024517ef83c8: 7f40 000f | 8400 0100 | 0048 83f8 | 000f 84f6 | 0000 0049 | 8b4f 2848 | 83f9 000f | 8414 0000 
  0x0000024517ef83e8: 0048 83e9 | 0849 894f | 2849 034f | 3848 8901 | e9d4 0000 | 0048 83ec | 7048 8904 | 2448 894c 
  0x0000024517ef8408: 2408 4889 | 5424 104c | 8944 2418 | 4c89 4c24 | 204c 8954 | 2428 4c89 | 5c24 30c5 | fb11 4424 
  0x0000024517ef8428: 40c5 fb11 | 4c24 48c5 | fb11 5424 | 50c5 fb11 | 5c24 58c5 | fb11 6424 | 60c5 fb11 | 6c24 6849 
  0x0000024517ef8448: 8bd7 488b | c848 83ec | 2040 f6c4 | 0f0f 8419 | 0000 0048 

  0x0000024517ef845c: ;   {runtime_call}
  0x0000024517ef845c: 83ec 0848 | b820 a40b | 6dfa 7f00 | 00ff d048 | 83c4 08e9 | 0c00 0000 

  0x0000024517ef8474: ;   {runtime_call}
  0x0000024517ef8474: 48b8 20a4 | 0b6d fa7f | 0000 ffd0 | 4883 c420 | c5fb 106c | 2468 c5fb | 1064 2460 | c5fb 105c 
  0x0000024517ef8494: 2458 c5fb | 1054 2450 | c5fb 104c | 2448 c5fb | 1044 2440 | 4c8b 5c24 | 304c 8b54 | 2428 4c8b 
  0x0000024517ef84b4: 4c24 204c | 8b44 2418 | 488b 5424 | 1048 8b4c | 2408 488b | 0424 4883 | c470 c5f8 | 7749 8b8f 
  0x0000024517ef84d4: 3004 0000 | c781 0001 | 0000 0000 | 0000 c949 | 837f 0800 | 0f85 0100 

  0x0000024517ef84ec: ;   {runtime_call StubRoutines (initial stubs)}
  0x0000024517ef84ec: 0000 c3e9 | 0c8a a0ff | c5f8 7748 | 8945 f84c | 8be4 4883 | ec20 4883 

  0x0000024517ef8504: ;   {runtime_call}
  0x0000024517ef8504: e4f0 48b8 | 3022 4d6d | fa7f 0000 | ffd0 498b | e44d 33e4 | 488b 45f8 | e9fe fdff | fff4 f4f4 
  0x0000024517ef8524: f4f4 f4f4 
[/MachCode]


Compiled method (c2) 301961 5000       4       java.security.SecureClassLoader::defineClass (16 bytes)
 total in heap  [0x0000024517f75c90,0x0000024517f77c08] = 8056
 relocation     [0x0000024517f75df0,0x0000024517f75f18] = 296
 main code      [0x0000024517f75f20,0x0000024517f76f78] = 4184
 stub code      [0x0000024517f76f78,0x0000024517f76fd8] = 96
 oops           [0x0000024517f76fd8,0x0000024517f76ff0] = 24
 metadata       [0x0000024517f76ff0,0x0000024517f77120] = 304
 scopes data    [0x0000024517f77120,0x0000024517f77828] = 1800
 scopes pcs     [0x0000024517f77828,0x0000024517f77ac8] = 672
 dependencies   [0x0000024517f77ac8,0x0000024517f77ad8] = 16
 handler table  [0x0000024517f77ad8,0x0000024517f77bc8] = 240
 nul chk table  [0x0000024517f77bc8,0x0000024517f77c08] = 64

[Constant Pool (empty)]

[MachCode]
[Entry Point]
  # {method} {0x000002452504e0e8} 'defineClass' '(Ljava/lang/String;[BIILjava/security/CodeSource;)Ljava/lang/Class;' in 'java/security/SecureClassLoader'
  # this:     rdx:rdx   = 'java/security/SecureClassLoader'
  # parm0:    r8:r8     = 'java/lang/String'
  # parm1:    r9:r9     = '[B'
  # parm2:    rdi       = int
  # parm3:    rsi       = int
  # parm4:    rcx:rcx   = 'java/security/CodeSource'
  #           [sp+0xc0]  (sp of caller)
  0x0000024517f75f20: 448b 5208 | 49bb 0000 | 0025 4502 | 0000 4d03 | d349 3bc2 

  0x0000024517f75f34: ;   {runtime_call ic_miss_stub}
  0x0000024517f75f34: 0f85 4688 | 9dff 6690 | 0f1f 4000 
[Verified Entry Point]
  0x0000024517f75f40: 8984 2400 | 80ff ff55 | 4881 ecb0 | 0000 0090 | 4181 7f20 | 0500 0000 | 0f85 0c10 | 0000 8974 
  0x0000024517f75f60: 2444 897c | 2440 4c89 | 4c24 384c | 8944 2430 | 4889 5424 | 2848 8be9 | 4885 c90f | 8437 0c00 
  0x0000024517f75f80: 004d 8b87 | b801 0000 | 4d8b d049 | 83c2 104d | 3b97 c801 | 0000 0f83 | e907 0000 | 4d89 97b8 
  0x0000024517f75fa0: 0100 0041 | 0f0d 8ac0 | 0000 0049 | c700 0100 

  0x0000024517f75fb0: ;   {metadata('java/security/SecureClassLoader$CodeSourceKey')}
  0x0000024517f75fb0: 0000 41c7 | 4008 b8b4 | 1100 4c8b | dd45 8958 | 0c4d 8b8f | b801 0000 | 4c8b 5424 | 2841 8b6a 
  0x0000024517f75fd0: 504d 8bd1 | 4983 c210 | 4d3b 97c8 | 0100 000f | 8374 0700 | 004d 8997 | b801 0000 | 410f 0d8a 
  0x0000024517f75ff0: c000 0000 | 49c7 0101 

  0x0000024517f75ff8: ;   {metadata('java/security/SecureClassLoader$1')}
  0x0000024517f75ff8: 0000 0041 | c741 0850 | ba11 004c | 8b54 2428 | 4d8b da45 | 8959 0c44 

  0x0000024517f76010: ;   {metadata('java/util/concurrent/ConcurrentHashMap')}
  0x0000024517f76010: 8b5d 0841 | 81fb 8027 | 0600 0f85 | c409 0000 | 488b d590 

  0x0000024517f76024: ;   {optimized virtual_call}
  0x0000024517f76024: c5f8 77e8 

  0x0000024517f76028: ; ImmutableOopMap {[40]=Oop [48]=Oop [56]=Oop }
                      ;*invokeinterface computeIfAbsent {reexecute=0 rethrow=0 return_oop=1}
                      ; - java.security.SecureClassLoader::getProtectionDomain@28
                      ; - java.security.SecureClassLoader::defineClass@9
  0x0000024517f76028: 54c6 cef8 

  0x0000024517f7602c: ;   {other}
  0x0000024517f7602c: 0f1f 8400 | 9c03 0000 

  0x0000024517f76034: ; implicit exception: dispatches to 0x0000024517f76dac
  0x0000024517f76034: 448b 5008 

  0x0000024517f76038: ;   {metadata('java/security/ProtectionDomain')}
  0x0000024517f76038: 4181 fae8 | 5800 000f | 85cb 0c00 | 0048 8984 | 2488 0000 | 004c 8b54 | 2430 458b | 5214 458b 
  0x0000024517f76058: 5a0c 4585 | db0f 86dd | 0900 004c | 8b44 2430 | 450f be48 | 1045 85c9 | 0f85 c90a | 0000 c442 
  0x0000024517f76078: 32f7 c345 | 3bc3 418b | d841 0f4f | db4d 8bea | 4d8d 4a10 | 85db 0f8e | cf00 0000 | 443b db0f 
  0x0000024517f76098: 82e3 0900 | 00b8 2f00 | 0000 498b | f98b d348 | 8bdf 83fa | 100f 8c79 | 0000 0083 | fa20 0f8c 
  0x0000024517f760b8: 3600 0000 | c5f9 6ec8 | c4e2 7d78 | c9c5 edef | d28b ca83 | e1e0 83e2 | 1fc5 fe6f | 03c5 fd74 
  0x0000024517f760d8: c1c4 e27d | 17d0 0f83 | 6900 0000 | 4883 c320 | 83e9 2075 | e4e9 0d00 | 0000 c5f9 | 6ec8 c5e9 
  0x0000024517f760f8: efd2 c4e2 | 7100 ca83 | fa10 0f8c | 2400 0000 | 8bca 83e1 | f083 e20f | c5fa 6f03 | c5f9 74c1 
  0x0000024517f76118: c4e2 7917 | d00f 832a | 0000 0048 | 83c3 1083 | e910 75e4 | 85d2 0f84 | 1200 0000 

  0x0000024517f76134: ;   {no_reloc}
  0x0000024517f76134: 0fb6 0b3b | c174 1c48 | 83c3 0183 | ea01 7402 | ebee bbff | ffff ffeb | 0dc5 fdd7 | c80f bcc1 
  0x0000024517f76154: 4803 d848 | 2bdf 83fb | ff0f 8535 | 0a00 0041 | 0fb6 2983 | fd5b 0f84 | 7c0a 0000 | 418d 48fb 
  0x0000024517f76174: 85c9 7c0d | 410f be19 | 83fb 6a0f | 842b 0400 | 0048 ff74 | 2428 488f | 4424 5048 | 8b8c 2488 
  0x0000024517f76194: 0000 0044 | 8b71 1041 | 8d5b ff41 | 8d78 ff3b | fb0f 4ffb | 85ff 0f8c | b600 0000 | 413b fb0f 
  0x0000024517f761b4: 8307 0800 | 0085 ff0f | 8e9b 0800 | 008d 4fff | 33f6 410f | be5c 3a10 | 83fb 2e0f | 843d 0400 
  0x0000024517f761d4: 00ff cf3b | f97f eb83 | ff02 7e6b | bba0 0f00 | 008d 4ffe | 83ff 020f | 4cce 81f9 | a00f 0000 
  0x0000024517f761f4: 0f47 cb8b | d72b d10f | 1f44 0000 | 4863 cf41 | 0fbe 440a | 1083 f82e | 745f 410f | be44 0a0f 
  0x0000024517f76214: 83f8 2e74 | 588d 4ffe | 410f be6c | 0a10 83fd | 2e74 4d8d | 4ffd 410f | be6c 0a10 | 83fd 2e74 
  0x0000024517f76234: ;   {no_reloc}
  0x0000024517f76234: 3f83 c7fc | 3bfa 7fc4 | 498b af58 

  0x0000024517f76240: ; ImmutableOopMap {r10=NarrowOop r13=Oop r9=Derived_oop_r13 r14=NarrowOop [40]=Oop [48]=Oop [56]=Oop [80]=Oop [136]=Oop }
                      ;*goto {reexecute=1 rethrow=0 return_oop=0}
                      ; - (reexecute) java.lang.StringLatin1::lastIndexOf@35
                      ; - java.lang.String::lastIndexOf@13
                      ; - java.lang.String::lastIndexOf@8
                      ; - java.lang.ClassLoader::checkCerts@3
                      ; - java.lang.ClassLoader::preDefineClass@113
                      ; - java.lang.ClassLoader::defineClass@4
                      ; - java.security.SecureClassLoader::defineClass@12
                      ;   {poll}
  0x0000024517f76240: 0400 0085 | 4500 83ff | 027f 9a83 | ffff 7e16 | 410f be5c | 3a10 83fb | 2e0f 84d9 | 0800 00ff 
  0x0000024517f76260: cf83 ffff | 7fea b9ff | ffff ffeb | 078b cfeb | 038d 4fff | 83f9 ff0f | 84be 0400 | 0085 c90f 
  0x0000024517f76280: 8ceb 0800 | 0041 3bc8 | 0f8f ce09 | 0000 413b | c80f 8471 | 0300 0085 | c90f 84ab | 0400 0049 
  0x0000024517f762a0: 8b9f b801 | 0000 4c8b | c349 83c0 | 184d 3b87 | c801 0000 | 0f83 fa04 | 0000 4d89 | 87b8 0100 
  0x0000024517f762c0: 0041 0f0d | 88c0 0000 | 0048 c703 | 0100 0000 

  0x0000024517f762d0: ;   {metadata('java/lang/String')}
  0x0000024517f762d0: c743 0878 | e800 0044 | 8963 0c4c | 8963 1041 | 3bcb 0f85 | 9900 0000 | 4963 fb41 | 81fb 0000 
  0x0000024517f762f0: 1000 0f87 | fc05 0000 | 498b b7b8 | 0100 004c | 8d47 1749 | 83e0 f848 | 8bce 4903 | c849 3b8f 
  0x0000024517f76310: c801 0000 | 0f83 da05 | 0000 4989 | 8fb8 0100 | 000f 0d89 | c000 0000 | 48c7 0601 | 0000 000f 
  0x0000024517f76330: 0d89 0001 

  0x0000024517f76334: ;   {metadata({type array byte})}
  0x0000024517f76334: 0000 c746 | 0818 2300 | 0044 895e | 0c0f 0d89 | 4001 0000 | 0f0d 8980 | 0100 0048 | 8bd6 4883 
  0x0000024517f76354: c210 4883 | c707 48c1 | ef03 498b | c94c 8bc7 | c5f8 7749 | ba60 4b93 | 1745 0200 | 0041 ffd2 
  0x0000024517f76374: ;   {other}
  0x0000024517f76374: 0f1f 8400 | 0000 0000 | e9d3 0000 | 0081 f900 | 0010 000f | 870f 0700 | 0048 63c1 | 443b d941 
  0x0000024517f76394: 8beb 0f4f | e944 3bdd | 0f82 6e07 | 0000 3bcd | 0f82 6607 | 0000 4883 | c017 4c8b | c049 83e0 
  0x0000024517f763b4: f881 f900 | 0010 000f | 8781 0400 | 0049 8bb7 | b801 0000 | 4c8b d64d | 03d0 4d3b | 97c8 0100 
  0x0000024517f763d4: 000f 8367 | 0400 004d | 8997 b801 | 0000 410f | 0d8a c000 | 0000 48c7 | 0601 0000 | 0041 0f0d 
  0x0000024517f763f4: 8a00 0100 

  0x0000024517f763f8: ;   {metadata({type array byte})}
  0x0000024517f763f8: 00c7 4608 | 1823 0000 | 894e 0c41 | 0f0d 8a40 | 0100 0041 | 0f0d 8a80 | 0100 004c | 8bd6 4983 
  0x0000024517f76418: c210 48c1 | e803 85ed | 0f84 7e06 | 0000 3be9 | 0f8c 6f02 | 0000 4983 | c0f0 49c1 | e803 498b 
  0x0000024517f76438: c949 8bd2 | c5f8 7749 | ba60 4b93 | 1745 0200 | 0041 ffd2 

  0x0000024517f7644c: ;   {other}
  0x0000024517f7644c: 0f1f 8400 | 0000 0000 | 4180 7f40 | 000f 85ba | 0100 004c | 8bd3 4c8b | de44 895b | 144c 8bde 
  0x0000024517f7646c: 4d33 da49 | c1eb 144d | 85db 741a | 49c1 ea09 | 48b9 0000 | 921f 4502 | 0000 4903 | ca80 3902 
  0x0000024517f7648c: 0f85 ba01 | 0000 4488 | 6310 418b | 6e14 85ed | 0f85 6207 | 0000 418b | 6e10 85ed | 0f85 8207 
  0x0000024517f764ac: 0000 4c8b | 5424 5045 | 8b52 2c45 | 85d2 0f84 | cd04 0000 

  0x0000024517f764c0: ;   {oop(a 'java/security/cert/Certificate'[0] {0x000000008070e630})}
  0x0000024517f764c0: 498b d249 | b930 e670 | 8000 0000 | 00bf 0100 | 0000 4c8b | c366 6690 

  0x0000024517f764d8: ;   {optimized virtual_call}
  0x0000024517f764d8: c5f8 77e8 

  0x0000024517f764dc: ; ImmutableOopMap {[40]=Oop [48]=Oop [56]=Oop [80]=Oop [136]=Oop }
                      ;*invokevirtual putVal {reexecute=0 rethrow=0 return_oop=1}
                      ; - java.util.concurrent.ConcurrentHashMap::putIfAbsent@4
                      ; - java.lang.ClassLoader::checkCerts@62
                      ; - java.lang.ClassLoader::preDefineClass@113
                      ; - java.lang.ClassLoader::defineClass@4
                      ; - java.security.SecureClassLoader::defineClass@12
  0x0000024517f764dc: c054 0600 

  0x0000024517f764e0: ;   {other}
  0x0000024517f764e0: 0f1f 8400 | 5008 0002 | 4885 c074 | 1c44 8b58 

  0x0000024517f764f0: ;   {metadata('java/security/cert/Certificate'[])}
  0x0000024517f764f0: 0841 81fb | 2029 1000 | 0f85 4608 | 0000 8b68 | 0c85 ed0f | 877f 0700 | 004c 8b94 | 2488 0000 
  0x0000024517f76510: 0045 8b5a | 1041 8b6b | 0c44 8b5d | 3845 85db | 0f84 8204 | 0000 498b | d34c 8bc5 

  0x0000024517f7652c: ;   {optimized virtual_call}
  0x0000024517f7652c: c5f8 77e8 

  0x0000024517f76530: ; ImmutableOopMap {[40]=Oop [48]=Oop [56]=Oop [136]=Oop }
                      ;*invokevirtual toExternalForm {reexecute=0 rethrow=0 return_oop=1}
                      ; - java.net.URL::toExternalForm@5
                      ; - java.net.URL::toString@1
                      ; - java.lang.ClassLoader::defineClassSourceLocation@22
                      ; - java.lang.ClassLoader::defineClass@12
                      ; - java.security.SecureClassLoader::defineClass@12
  0x0000024517f76530: ec89 1100 

  0x0000024517f76534: ;   {other}
  0x0000024517f76534: 0f1f 8400 | a408 0003 | 488b 5424 | 284c 8b44 | 2430 4c8b | 4c24 388b | 7c24 408b | 7424 4448 
  0x0000024517f76554: 8b8c 2488 | 0000 0048 | 8904 2490 

  0x0000024517f76560: ;   {static_call}
  0x0000024517f76560: c5f8 77e8 

  0x0000024517f76564: ; ImmutableOopMap {[40]=Oop [136]=Oop }
                      ;*invokestatic defineClass1 {reexecute=0 rethrow=0 return_oop=1}
                      ; - java.lang.ClassLoader::defineClass@27
                      ; - java.security.SecureClassLoader::defineClass@12
  0x0000024517f76564: f81b f8ff 

  0x0000024517f76568: ;   {other}
  0x0000024517f76568: 0f1f 8400 | d808 0004 | 488b e848 | 8b54 2428 | 4c8b c04c | 8b8c 2488 | 0000 0090 

  0x0000024517f76584: ;   {optimized virtual_call}
  0x0000024517f76584: c5f8 77e8 

  0x0000024517f76588: ; ImmutableOopMap {rbp=Oop }
                      ;*invokevirtual postDefineClass {reexecute=0 rethrow=0 return_oop=0}
                      ; - java.lang.ClassLoader::defineClass@37
                      ; - java.security.SecureClassLoader::defineClass@12
  0x0000024517f76588: 548c 1a00 

  0x0000024517f7658c: ;   {other}
  0x0000024517f7658c: 0f1f 8400 | fc08 0005 | 488b c5c5 | f877 4881 | c4b0 0000 

  0x0000024517f765a0: ;   {poll_return}
  0x0000024517f765a0: 005d 493b | a750 0400 | 000f 87a5 | 0900 00c3 | 4183 fb04 | 0f86 0e07 | 0000 4180 | 7a11 610f 
  0x0000024517f765c0: 85c0 fbff | ff41 807a | 1276 0f85 | b5fb ffff | 4180 7a13 | 610f 85aa | fbff ff41 | 807a 142e 
  0x0000024517f765e0: 0f85 9ffb 

  0x0000024517f765e4: ;   {oop(a 'jdk/internal/loader/ClassLoaders$PlatformClassLoader'{0x00000000806f5418})}
  0x0000024517f765e4: ffff 48b9 | 1854 6f80 | 0000 0000 | 488b 5c24 | 2848 3bd9 | 0f85 ee06 | 0000 4889 | 4c24 50e9 
  0x0000024517f76604: 87fb ffff | 488b 5c24 | 30e9 84fe | ffff 8bcf | e95b fcff | ff44 8b5b | 1445 85db | 0f84 39fe 
  0x0000024517f76624: ffff 4d8b | 5728 498b | cb4d 85d2 | 0f84 7206 | 0000 4d8b | 5f38 4b89 | 4c13 f849 | 83c2 f84d 
  0x0000024517f76644: 8957 28e9 | 13fe ffff | 4d8b 5748 | 4d8b 5f58 | f083 4424 | c000 8039 | 000f 842f | feff ff44 
  0x0000024517f76664: 8821 4d85 | d275 2049 | 8bd7 c5f8 | 7749 ba00 | a40b 6dfa | 7f00 0041 

  0x0000024517f7667c: ;   {other}
  0x0000024517f7667c: ffd2 0f1f | 8400 0000 | 0000 e907 | feff ff4b | 894c 13f8 | 4983 c2f8 | 4d89 5748 | e9f5 fdff 
  0x0000024517f7669c: ff4c 63c5 | 4d8d 5810 | 498b cb48 | 83e1 f848 | 8bfe 4803 | f949 c1eb | 0349 2bc3 | 488b c848 
  0x0000024517f766bc: 33c0 4883 | f908 7f10 | 48ff c978 | 4f48 8904 | cf48 ffc9 | 7df7 eb44 | c5fd efc0 | e90d 0000 
  0x0000024517f766dc: 00c5 fe7f | 07c5 fe7f | 4720 4883 | c740 4883 | e908 7ded | 4883 c104 | 7c0c c5fe | 7f07 4883 
  0x0000024517f766fc: c720 4883 | e904 4883 | c104 7e10 | 48ff c9c5 | f9d6 0748 | 83c7 0848 | ffc9 7df3 | 498b c949 
  0x0000024517f7671c: 8bd2 c5f8 | 7749 bac0 | 4493 1745 | 0200 0041 

  0x0000024517f7672c: ;   {other}
  0x0000024517f7672c: ffd2 0f1f | 8400 0000 | 0000 e919 

  0x0000024517f76738: ;   {oop(""{0x00000000807074d8})}
  0x0000024517f76738: fdff ff48 | bbd8 7470 | 8000 0000 | 00e9 4cfd 

  0x0000024517f76748: ;   {oop(""{0x00000000807074d8})}
  0x0000024517f76748: ffff 48bb | d874 7080 | 0000 0000 | e93d fdff 

  0x0000024517f76758: ;   {metadata('java/security/SecureClassLoader$1')}
  0x0000024517f76758: ff48 ba50 | ba11 2545 | 0200 004c | 8944 2450 

  0x0000024517f76768: ;   {runtime_call _new_instance_Java}
  0x0000024517f76768: c5f8 77e8 

  0x0000024517f7676c: ; ImmutableOopMap {rbp=NarrowOop [40]=Oop [48]=Oop [56]=Oop [80]=Oop }
                      ;*new {reexecute=0 rethrow=0 return_oop=1}
                      ; - java.security.SecureClassLoader::getProtectionDomain@20
                      ; - java.security.SecureClassLoader::defineClass@9
  0x0000024517f7676c: 100e aaff 

  0x0000024517f76770: ;   {other}
  0x0000024517f76770: 0f1f 8400 | e00a 0006 | 4c8b c84c | 8b44 2450 | e97e f8ff 

  0x0000024517f76784: ;   {metadata('java/security/SecureClassLoader$CodeSourceKey')}
  0x0000024517f76784: ff48 bab8 | b411 2545 | 0200 0048 | ff74 2428 | 488f 4424 | 2066 6690 

  0x0000024517f7679c: ;   {runtime_call _new_instance_Java}
  0x0000024517f7679c: c5f8 77e8 

  0x0000024517f767a0: ; ImmutableOopMap {rbp=Oop [32]=Oop [40]=Oop [48]=Oop [56]=Oop }
                      ;*new {reexecute=0 rethrow=0 return_oop=1}
                      ; - java.security.SecureClassLoader::getProtectionDomain@6
                      ; - java.security.SecureClassLoader::defineClass@9
  0x0000024517f767a0: dc0d aaff 

  0x0000024517f767a4: ;   {other}
  0x0000024517f767a4: 0f1f 8400 | 140b 0007 | 4c8b c0e9 | 06f8 ffff | 894c 2474 | 4489 7424 | 7048 ff74 | 2450 488f 
  0x0000024517f767c4: 4424 684c | 894c 2460 | 4c89 6c24 | 5844 895c | 2454 4489 | 5424 5048 | ff74 2430 | 488f 4424 
  0x0000024517f767e4: 2048 8b6c 

  0x0000024517f767e8: ;   {metadata('java/lang/String')}
  0x0000024517f767e8: 2428 48ba | 78e8 0025 | 4502 0000 

  0x0000024517f767f4: ;   {runtime_call _new_instance_Java}
  0x0000024517f767f4: c5f8 77e8 

  0x0000024517f767f8: ; ImmutableOopMap {rbp=Oop [32]=Oop [56]=Oop [80]=NarrowOop [88]=Oop [96]=Derived_oop_[88] [104]=Oop [112]=NarrowOop [136]=Oop }
                      ;*new {reexecute=0 rethrow=0 return_oop=1}
                      ; - java.lang.StringLatin1::newString@7
                      ; - java.lang.String::substring@41
                      ; - java.lang.ClassLoader::checkCerts@21
                      ; - java.lang.ClassLoader::preDefineClass@113
                      ; - java.lang.ClassLoader::defineClass@4
                      ; - java.security.SecureClassLoader::defineClass@12
  0x0000024517f767f8: 840d aaff 

  0x0000024517f767fc: ;   {other}
  0x0000024517f767fc: 0f1f 8400 | 6c0b 0008 | 4889 6c24 | 2848 ff74 | 2420 488f | 4424 3044 | 8b54 2450 | 448b 5c24 
  0x0000024517f7681c: 544c 8b6c | 2458 4c8b | 4c24 6048 | ff74 2468 | 488f 4424 | 5044 8b74 | 2470 8b4c | 2474 488b 
  0x0000024517f7683c: d8e9 9dfa | ffff 4c89 | 8424 8000 | 0000 4889 | 4424 7848 | 895c 2470 | 894c 246c | 4489 7424 
  0x0000024517f7685c: 6848 ff74 | 2450 488f | 4424 604c | 894c 2458 | 4c89 6c24 | 5048 ffb4 | 2488 0000 | 0048 8f44 
  0x0000024517f7687c: 2448 48ff | 7424 2848 | 8f44 2420 

  0x0000024517f76888: ;   {metadata({type array byte})}
  0x0000024517f76888: 48ba 1823 | 0025 4502 | 0000 448b | c166 6690 

  0x0000024517f76898: ;   {runtime_call _new_array_nozero_Java}
  0x0000024517f76898: c5f8 77e8 

  0x0000024517f7689c: ; ImmutableOopMap {[32]=Oop [48]=Oop [56]=Oop [72]=Oop [80]=Oop [88]=Derived_oop_[80] [96]=Oop [104]=NarrowOop [112]=Oop }
                      ;*newarray {reexecute=0 rethrow=0 return_oop=1}
                      ; - java.util.Arrays::copyOfRangeByte@10
                      ; - java.util.Arrays::copyOfRange@13
                      ; - java.lang.StringLatin1::newString@16
                      ; - java.lang.String::substring@41
                      ; - java.lang.ClassLoader::checkCerts@21
                      ; - java.lang.ClassLoader::preDefineClass@113
                      ; - java.lang.ClassLoader::defineClass@4
                      ; - java.security.SecureClassLoader::defineClass@12
  0x0000024517f7689c: e012 aaff 

  0x0000024517f768a0: ;   {other}
  0x0000024517f768a0: 0f1f 8400 | 100c 0009 | 4c8b d048 | ff74 2420 | 488f 4424 | 2848 ff74 | 2448 488f | 8424 8800 
  0x0000024517f768c0: 0000 4c8b | 4c24 5848 | ff74 2460 | 488f 4424 | 5044 8b74 | 2468 8b4c | 246c 488b | 5c24 7048 
  0x0000024517f768e0: 8b44 2478 | 4c8b 8424 | 8000 0000 | 498b f2e9 | 1ffb ffff | 4889 7c24 | 7848 895c | 2470 4489 
  0x0000024517f76900: 7424 6848 | ff74 2450 | 488f 4424 | 604c 894c | 2458 4c89 | 6c24 5041 | 8bea 48ff | b424 8800 
  0x0000024517f76920: 0000 488f | 4424 4848 | ff74 2428 | 488f 4424 

  0x0000024517f76930: ;   {metadata({type array byte})}
  0x0000024517f76930: 2048 ba18 | 2300 2545 | 0200 0045 | 8bc3 6690 

  0x0000024517f76940: ;   {runtime_call _new_array_nozero_Java}
  0x0000024517f76940: c5f8 77e8 

  0x0000024517f76944: ; ImmutableOopMap {rbp=NarrowOop [32]=Oop [48]=Oop [56]=Oop [72]=Oop [80]=Oop [88]=Derived_oop_[80] [96]=Oop [104]=NarrowOop [112]=Oop }
                      ;*invokevirtual clone {reexecute=1 rethrow=0 return_oop=1}
                      ; - (reexecute) java.util.Arrays::copyOfRange@18
                      ; - java.lang.StringLatin1::newString@16
                      ; - java.lang.String::substring@41
                      ; - java.lang.ClassLoader::checkCerts@21
                      ; - java.lang.ClassLoader::preDefineClass@113
                      ; - java.lang.ClassLoader::defineClass@4
                      ; - java.security.SecureClassLoader::defineClass@12
  0x0000024517f76944: 3812 aaff 

  0x0000024517f76948: ;   {other}
  0x0000024517f76948: 0f1f 8400 | b80c 000a | 48ff 7424 | 2048 8f44 | 2428 48ff | 7424 4848 | 8f84 2488 | 0000 004c 
  0x0000024517f76968: 8b4c 2458 | 48ff 7424 | 6048 8f44 | 2450 448b | 7424 6848 | 8b5c 2470 | 488b 7c24 | 7848 8bf0 
  0x0000024517f76988: e9c2 f9ff | ffba f6ff | ffff 488b | eb66 6690 

  0x0000024517f76998: ;   {runtime_call UncommonTrapBlob}
  0x0000024517f76998: c5f8 77e8 

  0x0000024517f7699c: ; ImmutableOopMap {rbp=Oop }
                      ;*invokevirtual putIfAbsent {reexecute=0 rethrow=0 return_oop=0}
                      ; - java.lang.ClassLoader::checkCerts@62
                      ; - java.lang.ClassLoader::preDefineClass@113
                      ; - java.lang.ClassLoader::defineClass@4
                      ; - java.security.SecureClassLoader::defineClass@12
  0x0000024517f7699c: e0d9 9dff 

  0x0000024517f769a0: ;   {other}
  0x0000024517f769a0: 0f1f 8400 | 100d 000b | baf6 ffff | ff66 6690 

  0x0000024517f769b0: ;   {runtime_call UncommonTrapBlob}
  0x0000024517f769b0: c5f8 77e8 

  0x0000024517f769b4: ; ImmutableOopMap {rbp=NarrowOop }
                      ;*invokevirtual toExternalForm {reexecute=0 rethrow=0 return_oop=0}
                      ; - java.net.URL::toExternalForm@5
                      ; - java.net.URL::toString@1
                      ; - java.lang.ClassLoader::defineClassSourceLocation@22
                      ; - java.lang.ClassLoader::defineClass@12
                      ; - java.security.SecureClassLoader::defineClass@12
  0x0000024517f769b4: c8d9 9dff 

  0x0000024517f769b8: ;   {other}
  0x0000024517f769b8: 0f1f 8400 | 280d 000c | ba76 ffff | ff41 8bea | 897c 2424 | 4489 7424 | 6066 6690 

  0x0000024517f769d4: ;   {runtime_call UncommonTrapBlob}
  0x0000024517f769d4: c5f8 77e8 

  0x0000024517f769d8: ; ImmutableOopMap {rbp=NarrowOop [40]=Oop [48]=Oop [56]=Oop [80]=Oop [96]=NarrowOop [136]=Oop }
                      ;*iflt {reexecute=1 rethrow=0 return_oop=0}
                      ; - (reexecute) java.lang.StringLatin1::lastIndexOf@19
                      ; - java.lang.String::lastIndexOf@13
                      ; - java.lang.String::lastIndexOf@8
                      ; - java.lang.ClassLoader::checkCerts@3
                      ; - java.lang.ClassLoader::preDefineClass@113
                      ; - java.lang.ClassLoader::defineClass@4
                      ; - java.security.SecureClassLoader::defineClass@12
  0x0000024517f769d8: a4d9 9dff 

  0x0000024517f769dc: ;   {other}
  0x0000024517f769dc: 0f1f 8400 | 4c0d 000d | bade ffff | ff4c 8954 | 2420 48ff | 7424 3048 | 8f44 2428 | 48ff 7424 
  0x0000024517f769fc: 3848 8f44 | 2430 4889 | 4424 f88b | 4424 4089 | 4424 3848 | 8b44 24f8 | 4889 4424 | f88b 4424 
  0x0000024517f76a1c: 4489 4424 | 3c48 8b44 | 24f8 4c89 | 4424 404c | 894c 2448 

  0x0000024517f76a30: ;   {runtime_call UncommonTrapBlob}
  0x0000024517f76a30: c5f8 77e8 

  0x0000024517f76a34: ; ImmutableOopMap {rbp=NarrowOop [32]=Oop [40]=Oop [48]=Oop [64]=Oop [72]=Oop }
                      ;*invokeinterface computeIfAbsent {reexecute=0 rethrow=0 return_oop=0}
                      ; - java.security.SecureClassLoader::getProtectionDomain@28
                      ; - java.security.SecureClassLoader::defineClass@9
  0x0000024517f76a34: 48d9 9dff 

  0x0000024517f76a38: ;   {other}
  0x0000024517f76a38: 0f1f 8400 | a80d 000e | ba45 ffff | ff48 8b6c | 2428 6690 

  0x0000024517f76a4c: ;   {runtime_call UncommonTrapBlob}
  0x0000024517f76a4c: c5f8 77e8 

  0x0000024517f76a50: ; ImmutableOopMap {rbp=Oop [48]=Oop [56]=Oop [136]=Oop }
                      ;*ifeq {reexecute=1 rethrow=0 return_oop=0}
                      ; - (reexecute) java.lang.ClassLoader::checkName@8
                      ; - java.lang.ClassLoader::preDefineClass@1
                      ; - java.lang.ClassLoader::defineClass@4
                      ; - java.security.SecureClassLoader::defineClass@12
  0x0000024517f76a50: 2cd9 9dff 

  0x0000024517f76a54: ;   {other}
  0x0000024517f76a54: 0f1f 8400 | c40d 000f | ba6e ffff | ff41 8bea | 897c 2424 | 4489 7424 | 6066 6690 

  0x0000024517f76a70: ;   {runtime_call UncommonTrapBlob}
  0x0000024517f76a70: c5f8 77e8 

  0x0000024517f76a74: ; ImmutableOopMap {rbp=NarrowOop [40]=Oop [48]=Oop [56]=Oop [80]=Oop [96]=NarrowOop [136]=Oop }
                      ;*iflt {reexecute=1 rethrow=0 return_oop=0}
                      ; - (reexecute) java.lang.StringLatin1::lastIndexOf@19
                      ; - java.lang.String::lastIndexOf@13
                      ; - java.lang.String::lastIndexOf@8
                      ; - java.lang.ClassLoader::checkCerts@3
                      ; - java.lang.ClassLoader::preDefineClass@113
                      ; - java.lang.ClassLoader::defineClass@4
                      ; - java.security.SecureClassLoader::defineClass@12
  0x0000024517f76a74: 08d9 9dff 

  0x0000024517f76a78: ;   {other}
  0x0000024517f76a78: 0f1f 8400 | e80d 0010 | bace ffff | ff41 8bea | 895c 2460 

  0x0000024517f76a8c: ;   {runtime_call UncommonTrapBlob}
  0x0000024517f76a8c: c5f8 77e8 

  0x0000024517f76a90: ; ImmutableOopMap {rbp=NarrowOop [40]=Oop [48]=Oop [56]=Oop [136]=Oop }
                      ;*invokestatic indexOfChar {reexecute=0 rethrow=0 return_oop=0}
                      ; - java.lang.StringLatin1::indexOf@33
                      ; - java.lang.String::indexOf@17
                      ; - java.lang.String::indexOf@3
                      ; - java.lang.ClassLoader::checkName@16
                      ; - java.lang.ClassLoader::preDefineClass@1
                      ; - java.lang.ClassLoader::defineClass@4
                      ; - java.security.SecureClassLoader::defineClass@12
  0x0000024517f76a90: ecd8 9dff 

  0x0000024517f76a94: ;   {other}
  0x0000024517f76a94: 0f1f 8400 | 040e 0011 | 4863 c1e9 | ecf8 ffff | 4883 c0fe | 488b c849 | 8bfa 4833 | c048 83f9 
  0x0000024517f76ab4: 087f 1048 | ffc9 784f | 4889 04cf | 48ff c97d | f7eb 44c5 | fdef c0e9 | 0d00 0000 | c5fe 7f07 
  0x0000024517f76ad4: c5fe 7f47 | 2048 83c7 | 4048 83e9 | 087d ed48 | 83c1 047c | 0cc5 fe7f | 0748 83c7 | 2048 83e9 
  0x0000024517f76af4: 0448 83c1 | 047e 1048 | ffc9 c5f9 | d607 4883 | c708 48ff | c97d f3e9 | 44f9 ffff | bacc ffff 
  0x0000024517f76b14: ff41 8bea | 894c 2424 | 4489 7424 | 6048 895c | 2470 6690 

  0x0000024517f76b28: ;   {runtime_call UncommonTrapBlob}
  0x0000024517f76b28: c5f8 77e8 

  0x0000024517f76b2c: ; ImmutableOopMap {rbp=NarrowOop [40]=Oop [48]=Oop [56]=Oop [80]=Oop [96]=NarrowOop [112]=Oop [136]=Oop }
                      ;*newarray {reexecute=1 rethrow=0 return_oop=0}
                      ; - (reexecute) java.util.Arrays::copyOfRangeByte@10
                      ; - java.util.Arrays::copyOfRange@13
                      ; - java.lang.StringLatin1::newString@16
                      ; - java.lang.String::substring@41
                      ; - java.lang.ClassLoader::checkCerts@21
                      ; - java.lang.ClassLoader::preDefineClass@113
                      ; - java.lang.ClassLoader::defineClass@4
                      ; - java.security.SecureClassLoader::defineClass@12
  0x0000024517f76b2c: 50d8 9dff 

  0x0000024517f76b30: ;   {other}
  0x0000024517f76b30: 0f1f 8400 | a00e 0012 | 8bcf e935 | f7ff ff45 | 33d2 4585 | c941 0f94 | c2ba 45ff | ffff 488b 
  0x0000024517f76b50: 6c24 284c | 8944 2420 | 4489 5424 | 6066 6690 

  0x0000024517f76b60: ;   {runtime_call UncommonTrapBlob}
  0x0000024517f76b60: c5f8 77e8 

  0x0000024517f76b64: ; ImmutableOopMap {rbp=Oop [32]=Oop [56]=Oop [136]=Oop }
                      ;*ifeq {reexecute=1 rethrow=0 return_oop=0}
                      ; - (reexecute) java.lang.String::indexOf@4
                      ; - java.lang.String::indexOf@3
                      ; - java.lang.ClassLoader::checkName@16
                      ; - java.lang.ClassLoader::preDefineClass@1
                      ; - java.lang.ClassLoader::defineClass@4
                      ; - java.security.SecureClassLoader::defineClass@12
  0x0000024517f76b64: 18d8 9dff 

  0x0000024517f76b68: ;   {other}
  0x0000024517f76b68: 0f1f 8400 | d80e 0013 | ba45 ffff | ff89 4c24 | 2089 4c24 | 2444 8974 | 2460 4489 | 4424 7090 
  0x0000024517f76b88: ;   {runtime_call UncommonTrapBlob}
  0x0000024517f76b88: c5f8 77e8 

  0x0000024517f76b8c: ; ImmutableOopMap {[40]=Oop [48]=Oop [56]=Oop [80]=Oop [96]=NarrowOop [136]=Oop }
                      ;*if_icmpgt {reexecute=1 rethrow=0 return_oop=0}
                      ; - (reexecute) jdk.internal.util.Preconditions::checkFromToIndex@6
                      ; - java.lang.String::checkBoundsBeginEnd@6
                      ; - java.lang.String::substring@8
                      ; - java.lang.ClassLoader::checkCerts@21
                      ; - java.lang.ClassLoader::preDefineClass@113
                      ; - java.lang.ClassLoader::defineClass@4
                      ; - java.security.SecureClassLoader::defineClass@12
  0x0000024517f76b8c: f0d7 9dff 

  0x0000024517f76b90: ;   {other}
  0x0000024517f76b90: 0f1f 8400 | 000f 0014 | ba45 ffff | ff48 8b6c | 2428 895c | 2450 6690 

  0x0000024517f76ba8: ;   {runtime_call UncommonTrapBlob}
  0x0000024517f76ba8: c5f8 77e8 

  0x0000024517f76bac: ; ImmutableOopMap {rbp=Oop [48]=Oop [56]=Oop [136]=Oop }
                      ;*if_icmpne {reexecute=1 rethrow=0 return_oop=0}
                      ; - (reexecute) java.lang.ClassLoader::checkName@20
                      ; - java.lang.ClassLoader::preDefineClass@1
                      ; - java.lang.ClassLoader::defineClass@4
                      ; - java.security.SecureClassLoader::defineClass@12
  0x0000024517f76bac: d0d7 9dff 

  0x0000024517f76bb0: ;   {other}
  0x0000024517f76bb0: 0f1f 8400 | 200f 0015 | ba45 ffff | ff48 ff74 | 2428 488f | 4424 204c | 8944 2428 | 4c89 4c24 
  0x0000024517f76bd0: 3089 7c24 | 3889 7424 | 3c66 6690 

  0x0000024517f76bdc: ;   {runtime_call UncommonTrapBlob}
  0x0000024517f76bdc: c5f8 77e8 

  0x0000024517f76be0: ; ImmutableOopMap {rbp=Oop [32]=Oop [40]=Oop [48]=Oop }
                      ;*ifnonnull {reexecute=1 rethrow=0 return_oop=0}
                      ; - (reexecute) java.security.SecureClassLoader::getProtectionDomain@1
                      ; - java.security.SecureClassLoader::defineClass@9
  0x0000024517f76be0: 9cd7 9dff 

  0x0000024517f76be4: ;   {other}
  0x0000024517f76be4: 0f1f 8400 | 540f 0016 | ba45 ffff | ff66 6690 

  0x0000024517f76bf4: ;   {runtime_call UncommonTrapBlob}
  0x0000024517f76bf4: c5f8 77e8 

  0x0000024517f76bf8: ; ImmutableOopMap {[40]=Oop [48]=Oop [56]=Oop [136]=Oop }
                      ;*if_icmpne {reexecute=1 rethrow=0 return_oop=0}
                      ; - (reexecute) java.lang.ClassLoader::checkName@30
                      ; - java.lang.ClassLoader::preDefineClass@1
                      ; - java.lang.ClassLoader::defineClass@4
                      ; - java.security.SecureClassLoader::defineClass@12
  0x0000024517f76bf8: 84d7 9dff 

  0x0000024517f76bfc: ;   {other}
  0x0000024517f76bfc: 0f1f 8400 | 6c0f 0017 | ba45 ffff | ff48 ff74 | 2428 488f | 4424 2048 | 895c 2458 | 4489 7424 
  0x0000024517f76c1c: 6066 6690 

  0x0000024517f76c20: ;   {runtime_call UncommonTrapBlob}
  0x0000024517f76c20: c5f8 77e8 

  0x0000024517f76c24: ; ImmutableOopMap {rbp=NarrowOop [32]=Oop [48]=Oop [56]=Oop [80]=Oop [88]=Oop [96]=NarrowOop [136]=Oop }
                      ;*ifnull {reexecute=1 rethrow=0 return_oop=0}
                      ; - (reexecute) java.security.CodeSource::getCertificates@4
                      ; - java.lang.ClassLoader::checkCerts@34
                      ; - java.lang.ClassLoader::preDefineClass@113
                      ; - java.lang.ClassLoader::defineClass@4
                      ; - java.security.SecureClassLoader::defineClass@12
  0x0000024517f76c24: 58d7 9dff 

  0x0000024517f76c28: ;   {other}
  0x0000024517f76c28: 0f1f 8400 | 980f 0018 | ba45 ffff | ff48 ff74 | 2428 488f | 4424 2048 | 895c 2458 | 4489 7424 
  0x0000024517f76c48: 6066 6690 

  0x0000024517f76c4c: ;   {runtime_call UncommonTrapBlob}
  0x0000024517f76c4c: c5f8 77e8 

  0x0000024517f76c50: ; ImmutableOopMap {rbp=NarrowOop [32]=Oop [48]=Oop [56]=Oop [80]=Oop [88]=Oop [96]=NarrowOop [136]=Oop }
                      ;*ifnull {reexecute=1 rethrow=0 return_oop=0}
                      ; - (reexecute) java.security.CodeSource::getCertificates@22
                      ; - java.lang.ClassLoader::checkCerts@34
                      ; - java.lang.ClassLoader::preDefineClass@113
                      ; - java.lang.ClassLoader::defineClass@4
                      ; - java.security.SecureClassLoader::defineClass@12
  0x0000024517f76c50: 2cd7 9dff 

  0x0000024517f76c54: ;   {other}
  0x0000024517f76c54: 0f1f 8400 | c40f 0019 | ba45 ffff | ff89 4c24 | 2089 4c24 | 2444 8974 | 2460 4489 | 4424 7044 
  0x0000024517f76c74: 8944 2474 

  0x0000024517f76c78: ;   {runtime_call UncommonTrapBlob}
  0x0000024517f76c78: c5f8 77e8 

  0x0000024517f76c7c: ; ImmutableOopMap {[40]=Oop [48]=Oop [56]=Oop [80]=Oop [96]=NarrowOop [136]=Oop }
                      ;*if_icmple {reexecute=1 rethrow=0 return_oop=0}
                      ; - (reexecute) jdk.internal.util.Preconditions::checkFromToIndex@11
                      ; - java.lang.String::checkBoundsBeginEnd@6
                      ; - java.lang.String::substring@8
                      ; - java.lang.ClassLoader::checkCerts@21
                      ; - java.lang.ClassLoader::preDefineClass@113
                      ; - java.lang.ClassLoader::defineClass@4
                      ; - java.security.SecureClassLoader::defineClass@12
  0x0000024517f76c7c: 00d7 9dff 

  0x0000024517f76c80: ;   {other}
  0x0000024517f76c80: 0f1f 8400 | f00f 001a | ba45 ffff | ff48 ff74 | 2428 488f | 4424 2090 

  0x0000024517f76c98: ;   {runtime_call UncommonTrapBlob}
  0x0000024517f76c98: c5f8 77e8 

  0x0000024517f76c9c: ; ImmutableOopMap {[32]=Oop [48]=Oop [56]=Oop [136]=Oop }
                      ;*ifne {reexecute=1 rethrow=0 return_oop=0}
                      ; - (reexecute) java.lang.ClassLoader::compareCerts@7
                      ; - java.lang.ClassLoader::checkCerts@80
                      ; - java.lang.ClassLoader::preDefineClass@113
                      ; - java.lang.ClassLoader::defineClass@4
                      ; - java.security.SecureClassLoader::defineClass@12
  0x0000024517f76c9c: e0d6 9dff 

  0x0000024517f76ca0: ;   {other}
  0x0000024517f76ca0: 0f1f 8400 | 1010 001b | 498b d7c5 | f877 49ba | 20a4 0b6d | fa7f 0000 

  0x0000024517f76cb8: ;   {other}
  0x0000024517f76cb8: 41ff d20f | 1f84 0000 | 0000 00e9 | 97f7 ffff | bae4 ffff | ff44 8954 | 2420 448b | 5c24 4044 
  0x0000024517f76cd8: 895c 2424 

  0x0000024517f76cdc: ;   {runtime_call UncommonTrapBlob}
  0x0000024517f76cdc: c5f8 77e8 

  0x0000024517f76ce0: ; ImmutableOopMap {[32]=NarrowOop [40]=Oop [48]=Oop [56]=Oop [136]=Oop }
                      ;*baload {reexecute=0 rethrow=0 return_oop=0}
                      ; - jdk.internal.util.ArraysSupport::mismatch@82
                      ; - java.lang.String::startsWith@70
                      ; - java.lang.String::startsWith@3
                      ; - java.lang.ClassLoader::preDefineClass@43
                      ; - java.lang.ClassLoader::defineClass@4
                      ; - java.security.SecureClassLoader::defineClass@12
  0x0000024517f76ce0: 9cd6 9dff 

  0x0000024517f76ce4: ;   {other}
  0x0000024517f76ce4: 0f1f 8400 | 5410 001c | ba37 0100 | 0048 8beb | 4c8b 5424 | 384c 8954 | 2428 6690 

  0x0000024517f76d00: ;   {runtime_call UncommonTrapBlob}
  0x0000024517f76d00: c5f8 77e8 

  0x0000024517f76d04: ; ImmutableOopMap {rbp=Oop [40]=Oop [48]=Oop }
                      ;*new {reexecute=0 rethrow=0 return_oop=0}
                      ; - java.lang.ClassLoader::preDefineClass@56
                      ; - java.lang.ClassLoader::defineClass@4
                      ; - java.security.SecureClassLoader::defineClass@12
  0x0000024517f76d04: 78d6 9dff 

  0x0000024517f76d08: ;   {other}
  0x0000024517f76d08: 0f1f 8400 | 7810 001d | bade ffff | ff48 8b6c | 2428 4c8b | 5424 304c | 8954 2420 | 4c8b 5424 
  0x0000024517f76d28: 384c 8954 | 2428 4889 | 4424 3890 

  0x0000024517f76d34: ;   {runtime_call UncommonTrapBlob}
  0x0000024517f76d34: c5f8 77e8 

  0x0000024517f76d38: ; ImmutableOopMap {rbp=Oop [32]=Oop [40]=Oop [56]=Oop }
                      ;*checkcast {reexecute=0 rethrow=0 return_oop=0}
                      ; - java.security.SecureClassLoader::getProtectionDomain@33
                      ; - java.security.SecureClassLoader::defineClass@9
  0x0000024517f76d38: 44d6 9dff 

  0x0000024517f76d3c: ;   {other}
  0x0000024517f76d3c: 0f1f 8400 | ac10 001e | bade ffff | ff48 8b6c | 2428 4c8b | 5424 384c | 8954 2428 | 448b 5424 
  0x0000024517f76d5c: 4044 8954 | 2438 448b | 5c24 4444 | 895c 243c | 48ff 7424 | 5048 8f44 | 2448 4889 | 4424 5090 
  0x0000024517f76d7c: ;   {runtime_call UncommonTrapBlob}
  0x0000024517f76d7c: c5f8 77e8 

  0x0000024517f76d80: ; ImmutableOopMap {rbp=Oop [40]=Oop [48]=Oop [72]=Oop [80]=Oop [136]=Oop }
                      ;*checkcast {reexecute=0 rethrow=0 return_oop=0}
                      ; - java.lang.ClassLoader::checkCerts@65
                      ; - java.lang.ClassLoader::preDefineClass@113
                      ; - java.lang.ClassLoader::defineClass@4
                      ; - java.security.SecureClassLoader::defineClass@12
  0x0000024517f76d80: fcd5 9dff 

  0x0000024517f76d84: ;   {other}
  0x0000024517f76d84: 0f1f 8400 | f410 001f | baf6 ffff | ff49 8be8 | 4c89 4c24 | 2066 6690 

  0x0000024517f76d9c: ;   {runtime_call UncommonTrapBlob}
  0x0000024517f76d9c: c5f8 77e8 

  0x0000024517f76da0: ; ImmutableOopMap {rbp=Oop [32]=Oop }
                      ;*invokeinterface computeIfAbsent {reexecute=0 rethrow=0 return_oop=0}
                      ; - java.security.SecureClassLoader::getProtectionDomain@28
                      ; - java.security.SecureClassLoader::defineClass@9
  0x0000024517f76da0: dcd5 9dff 

  0x0000024517f76da4: ;   {other}
  0x0000024517f76da4: 0f1f 8400 | 1411 0020 | baf4 ffff | ff48 8b6c | 2428 4c8b | 5424 304c | 8954 2420 

  0x0000024517f76dc0: ;   {runtime_call UncommonTrapBlob}
  0x0000024517f76dc0: c5f8 77e8 

  0x0000024517f76dc4: ; ImmutableOopMap {rbp=Oop [32]=Oop [56]=Oop }
                      ;*checkcast {reexecute=0 rethrow=0 return_oop=0}
                      ; - java.security.SecureClassLoader::getProtectionDomain@33
                      ; - java.security.SecureClassLoader::defineClass@9
  0x0000024517f76dc4: b8d5 9dff 

  0x0000024517f76dc8: ;   {other}
  0x0000024517f76dc8: 0f1f 8400 | 3811 0021 | baf6 ffff | ff66 6690 

  0x0000024517f76dd8: ;   {runtime_call UncommonTrapBlob}
  0x0000024517f76dd8: c5f8 77e8 

  0x0000024517f76ddc: ; ImmutableOopMap {}
                      ;*arraylength {reexecute=0 rethrow=0 return_oop=0}
                      ; - java.lang.String::isEmpty@4
                      ; - java.lang.ClassLoader::checkName@5
                      ; - java.lang.ClassLoader::preDefineClass@1
                      ; - java.lang.ClassLoader::defineClass@4
                      ; - java.security.SecureClassLoader::defineClass@12
  0x0000024517f76ddc: a0d5 9dff 

  0x0000024517f76de0: ;   {other}
  0x0000024517f76de0: 0f1f 8400 | 5011 0022 | ba45 ffff | ff48 8b6c | 2428 48ff | 7424 3048 | 8f44 2420 

  0x0000024517f76dfc: ;   {runtime_call UncommonTrapBlob}
  0x0000024517f76dfc: c5f8 77e8 

  0x0000024517f76e00: ; ImmutableOopMap {rbp=Oop [32]=Oop [56]=Oop [136]=Oop }
                      ;*ifnull {reexecute=1 rethrow=0 return_oop=0}
                      ; - (reexecute) java.lang.ClassLoader::checkName@1
                      ; - java.lang.ClassLoader::preDefineClass@1
                      ; - java.lang.ClassLoader::defineClass@4
                      ; - java.security.SecureClassLoader::defineClass@12
  0x0000024517f76e00: 7cd5 9dff 

  0x0000024517f76e04: ;   {other}
  0x0000024517f76e04: 0f1f 8400 | 7411 0023 | ba45 ffff | ff48 8b6c | 2428 4c8b | 5424 384c | 8954 2428 | 448b 5c24 
  0x0000024517f76e24: 4044 895c | 2438 448b | 5424 4444 | 8954 243c | 48ff 7424 | 5048 8f44 | 2448 4889 | 5c24 5844 
  0x0000024517f76e44: 8974 2454 

  0x0000024517f76e48: ;   {runtime_call UncommonTrapBlob}
  0x0000024517f76e48: c5f8 77e8 

  0x0000024517f76e4c: ; ImmutableOopMap {rbp=Oop [40]=Oop [48]=Oop [72]=Oop [84]=NarrowOop [88]=Oop [136]=Oop }
                      ;*ifnull {reexecute=1 rethrow=0 return_oop=0}
                      ; - (reexecute) java.lang.ClassLoader::checkCerts@30
                      ; - java.lang.ClassLoader::preDefineClass@113
                      ; - java.lang.ClassLoader::defineClass@4
                      ; - java.security.SecureClassLoader::defineClass@12
  0x0000024517f76e4c: 30d5 9dff 

  0x0000024517f76e50: ;   {other}
  0x0000024517f76e50: 0f1f 8400 | c011 0024 | ba45 ffff | ff48 8b6c | 2428 48ff | 7424 3048 | 8f44 2420 | 4c8b 5424 
  0x0000024517f76e70: 384c 8954 | 2428 448b | 5424 4044 | 8954 2430 | 448b 4424 | 4444 8944 | 2434 4489 | 5c24 4490 
  0x0000024517f76e90: ;   {runtime_call UncommonTrapBlob}
  0x0000024517f76e90: c5f8 77e8 

  0x0000024517f76e94: ; ImmutableOopMap {rbp=Oop [32]=Oop [40]=Oop [68]=NarrowOop [136]=Oop }
                      ;*ifnull {reexecute=1 rethrow=0 return_oop=0}
                      ; - (reexecute) java.lang.ClassLoader::defineClassSourceLocation@8
                      ; - java.lang.ClassLoader::defineClass@12
                      ; - java.security.SecureClassLoader::defineClass@12
  0x0000024517f76e94: e8d4 9dff 

  0x0000024517f76e98: ;   {other}
  0x0000024517f76e98: 0f1f 8400 | 0812 0025 | ba45 ffff | ff48 ff74 | 2428 488f | 4424 2048 | ff74 2430 | 488f 4424 
  0x0000024517f76eb8: 2848 ff74 | 2438 488f | 4424 3048 | 8944 24f8 | 8b44 2440 | 8944 2438 | 488b 4424 | f848 8944 
  0x0000024517f76ed8: 24f8 8b44 | 2444 8944 | 243c 488b | 4424 f890 

  0x0000024517f76ee8: ;   {runtime_call UncommonTrapBlob}
  0x0000024517f76ee8: c5f8 77e8 

  0x0000024517f76eec: ; ImmutableOopMap {rbp=NarrowOop [32]=Oop [40]=Oop [48]=Oop [136]=Oop }
                      ;*ifnull {reexecute=1 rethrow=0 return_oop=0}
                      ; - (reexecute) java.lang.ClassLoader::defineClassSourceLocation@15
                      ; - java.lang.ClassLoader::defineClass@12
                      ; - java.security.SecureClassLoader::defineClass@12
  0x0000024517f76eec: 90d4 9dff 

  0x0000024517f76ef0: ;   {other}
  0x0000024517f76ef0: 0f1f 8400 | 6012 0026 | eb0c eb0a | eb0d eb0b | eb04 eb02 | eb00 488b | d0eb 0348 | 8bd0 c5f8 
  0x0000024517f76f10: 7748 81c4 | b000 0000 

  0x0000024517f76f18: ;   {runtime_call _rethrow_Java}
  0x0000024517f76f18: 5de9 e242 | aaff ba97 | ffff ff4c | 8b54 2460 | 4c89 5424 | 5044 8b54 | 2468 4489 | 5424 584c 
  0x0000024517f76f38: 8b54 2470 | 4c89 5424 | 6866 6690 

  0x0000024517f76f44: ;   {runtime_call UncommonTrapBlob}
  0x0000024517f76f44: c5f8 77e8 

  0x0000024517f76f48: ; ImmutableOopMap {rbp=NarrowOop [32]=Oop [48]=Oop [56]=Oop [72]=Oop [80]=Oop [88]=NarrowOop [104]=Oop [112]=Oop }
                      ;*invokevirtual clone {reexecute=1 rethrow=0 return_oop=0}
                      ; - (reexecute) java.util.Arrays::copyOfRange@18
                      ; - java.lang.StringLatin1::newString@16
                      ; - java.lang.String::substring@41
                      ; - java.lang.ClassLoader::checkCerts@21
                      ; - java.lang.ClassLoader::preDefineClass@113
                      ; - java.lang.ClassLoader::defineClass@4
                      ; - java.security.SecureClassLoader::defineClass@12
  0x0000024517f76f48: 34d4 9dff 

  0x0000024517f76f4c: ;   {other}
  0x0000024517f76f4c: 0f1f 8400 | bc12 0027 

  0x0000024517f76f54: ;   {internal_word}
  0x0000024517f76f54: 49ba a265 | f717 4502 | 0000 4d89 | 9768 0400 

  0x0000024517f76f64: ;   {runtime_call SafepointBlob}
  0x0000024517f76f64: 00e9 16e5 

  0x0000024517f76f68: ;   {runtime_call StubRoutines (final stubs)}
  0x0000024517f76f68: 9dff e831 | f59b ffe9 | eaef ffff | f4f4 f4f4 
[Stub Code]
  0x0000024517f76f78: ;   {no_reloc}
  0x0000024517f76f78: 48bb 0000 | 0000 0000 

  0x0000024517f76f80: ;   {runtime_call nmethod}
  0x0000024517f76f80: 0000 e9fb 

  0x0000024517f76f84: ;   {static_stub}
  0x0000024517f76f84: ffff ff48 | bb00 0000 | 0000 0000 

  0x0000024517f76f90: ;   {runtime_call nmethod}
  0x0000024517f76f90: 00e9 fbff 

  0x0000024517f76f94: ;   {static_stub}
  0x0000024517f76f94: ffff 48bb | 0000 0000 | 0000 0000 

  0x0000024517f76fa0: ;   {runtime_call nmethod}
  0x0000024517f76fa0: e9fb ffff 

  0x0000024517f76fa4: ;   {static_stub}
  0x0000024517f76fa4: ff48 bb00 | 0000 0000 

  0x0000024517f76fac: ;   {runtime_call nmethod}
  0x0000024517f76fac: 0000 00e9 | fbff ffff 

  0x0000024517f76fb4: ;   {static_stub}
  0x0000024517f76fb4: 48bb 0000 | 0000 0000 

  0x0000024517f76fbc: ;   {runtime_call nmethod}
  0x0000024517f76fbc: 0000 e9fb 

  0x0000024517f76fc0: ;   {runtime_call ExceptionBlob}
  0x0000024517f76fc0: ffff ffe9 | b8c4 a9ff 
[Deopt Handler Code]
  0x0000024517f76fc8: e800 0000 | 0048 832c 

  0x0000024517f76fd0: ;   {runtime_call DeoptimizationBlob}
  0x0000024517f76fd0: 2405 e949 | d79d fff4 
[/MachCode]


Compiled method (c2) 302078 5440   !   4       java.lang.ClassLoader::loadClass (121 bytes)
 total in heap  [0x000002451815b410,0x000002451816e1b0] = 77216
 relocation     [0x000002451815b570,0x000002451815bd08] = 1944
 constants      [0x000002451815bd20,0x000002451815bd40] = 32
 main code      [0x000002451815bd40,0x0000024518166688] = 43336
 stub code      [0x0000024518166688,0x00000245181668c8] = 576
 oops           [0x00000245181668c8,0x0000024518166928] = 96
 metadata       [0x0000024518166928,0x0000024518166d90] = 1128
 scopes data    [0x0000024518166d90,0x000002451816c948] = 23480
 scopes pcs     [0x000002451816c948,0x000002451816d788] = 3648
 dependencies   [0x000002451816d788,0x000002451816d820] = 152
 handler table  [0x000002451816d820,0x000002451816e0d8] = 2232
 nul chk table  [0x000002451816e0d8,0x000002451816e1b0] = 216


[Constant Pool]
             Address          hex4                    hex8      
  0x000002451815bd20:   0x3f400000      0xf4f4f4f43f400000      
  0x000002451815bd24:   0xf4f4f4f4                              
  0x000002451815bd28:   0xf4f4f4f4      0xf4f4f4f4f4f4f4f4      
  0x000002451815bd2c:   0xf4f4f4f4                              
  0x000002451815bd30:   0xf4f4f4f4      0xf4f4f4f4f4f4f4f4      
  0x000002451815bd34:   0xf4f4f4f4                              
  0x000002451815bd38:   0xf4f4f4f4      0xf4f4f4f4f4f4f4f4      
  0x000002451815bd3c:   0xf4f4f4f4                              

[MachCode]
[Entry Point]
  # {method} {0x0000024525014398} 'loadClass' '(Ljava/lang/String;Z)Ljava/lang/Class;' in 'java/lang/ClassLoader'
  # this:     rdx:rdx   = 'java/lang/ClassLoader'
  # parm0:    r8:r8     = 'java/lang/String'
  # parm1:    r9        = boolean
  #           [sp+0x160]  (sp of caller)
  0x000002451815bd40: ;   {no_reloc}
  0x000002451815bd40: 448b 5208 | 49bb 0000 | 0025 4502 | 0000 4d03 | d349 3bc2 

  0x000002451815bd54: ;   {runtime_call ic_miss_stub}
  0x000002451815bd54: 0f85 262a | 7fff 6690 | 0f1f 4000 
[Verified Entry Point]
  0x000002451815bd60: 8984 2400 | 80ff ff55 | 4881 ec50 | 0100 0090 | 4181 7f20 | 0500 0000 | 0f85 ffa8 | 0000 4489 
  0x000002451815bd80: 4c24 2c4c | 8984 24d8 | 0000 0048 | 8954 2450 | 448b 5a28 | 4585 db0f | 8469 3d00 | 0049 8b87 
  0x000002451815bda0: b801 0000 | 4c8b d049 | 83c2 104d | 3b97 c801 | 0000 0f83 | 1a41 0000 | 4d89 97b8 | 0100 0041 
  0x000002451815bdc0: 0f0d 8ac0 | 0000 0048 | c700 0100 

  0x000002451815bdcc: ;   {metadata('java/lang/Object')}
  0x000002451815bdcc: 0000 c740 | 0890 0e00 | 0044 8960 | 0c44 895c | 2440 488b | e844 8b54 | 2440 498b | d24c 8b84 
  0x000002451815bdec: 24d8 0000 | 004c 8bcd | bf01 0000 | 0066 6690 

  0x000002451815bdfc: ;   {optimized virtual_call}
  0x000002451815bdfc: c5f8 77e8 

  0x000002451815be00: ; ImmutableOopMap {rbp=Oop [80]=Oop [216]=Oop }
                      ;*invokevirtual putVal {reexecute=0 rethrow=0 return_oop=1}
                      ; - java.util.concurrent.ConcurrentHashMap::putIfAbsent@4
                      ; - java.lang.ClassLoader::getClassLoadingLock@23
                      ; - java.lang.ClassLoader::loadClass@2
  0x000002451815be00: 9cfb e7ff 

  0x000002451815be04: ;   {other}
  0x000002451815be04: 0f1f 8400 | f409 0000 | 4885 c00f | 85df 2900 | 0048 896c | 2458 488d | 9c24 3001 | 0000 4c8b 
  0x000002451815be24: 5c24 5849 | 8b03 a802 | 0f85 2300 | 0000 4883 | c801 4889 | 03f0 490f | b11b 0f84 | 3700 0000 
  0x000002451815be44: 482b c448 | 2507 f0ff | ff48 8903 | e924 0000 | 004c 8bd0 | 4833 c0f0 | 4d0f b17a | 3e48 c703 
  0x000002451815be64: 0300 0000 | 7411 4c3b | f875 1549 | ff82 8600 | 0000 4833 | c075 0949 | ff87 5005 | 0000 33c0 
  0x000002451815be84: 0f85 6959 | 0000 4c8b | 9424 d800 | 0000 458b | 4214 458b | 580c 4585 | db0f 867a | 5900 0045 
  0x000002451815bea4: 0fbe 4a10 | 4585 c90f | 8514 5c00 | 00c4 c232 | f7d3 413b | d341 0f4f | d34d 8bd0 | 4d8d 5010 
  0x000002451815bec4: b82f 0000 | 0085 d20f | 8ec8 0000 | 0044 3bda | 0f82 6259 | 0000 498b | fa48 8bdf | 83fa 100f 
  0x000002451815bee4: 8c79 0000 | 0083 fa20 | 0f8c 3600 | 0000 c5f9 | 6ec0 c4e2 | 7d78 c0c5 | edef d28b 

  0x000002451815bf00: ;   {no_reloc}
  0x000002451815bf00: ca83 e1e0 | 83e2 1fc5 | fe6f 0bc5 | f574 c8c4 | e27d 17d1 | 0f83 6900 | 0000 4883 | c320 83e9 
  0x000002451815bf20: 2075 e4e9 | 0d00 0000 | c5f9 6ec0 | c5e9 efd2 | c4e2 7900 | c283 fa10 | 0f8c 2400 | 0000 8bca 
  0x000002451815bf40: 83e1 f083 | e20f c5fa | 6f0b c5f1 | 74c8 c4e2 | 7917 d10f | 832a 0000 | 0048 83c3 | 1083 e910 
  0x000002451815bf60: 75e4 85d2 | 0f84 1200 | 0000 0fb6 | 0b3b c174 | 1c48 83c3 | 0183 ea01 | 7402 ebee | bbff ffff 
  0x000002451815bf80: ffeb 0dc5 | fdd7 c90f | bcc1 4803 | d848 2bdf | 83fb ff0f | 856b 5b00 | 0045 0fb6 | 1a41 83fb 
  0x000002451815bfa0: 5b0f 8495 | 5b00 0048 | 8b54 2450 | 4c8b 8424 | d800 0000 

  0x000002451815bfb4: ;   {optimized virtual_call}
  0x000002451815bfb4: c5f8 77e8 

  0x000002451815bfb8: ; ImmutableOopMap {[80]=Oop [88]=Oop [216]=Oop }
                      ;*invokevirtual findLoadedClass0 {reexecute=0 rethrow=0 return_oop=1}
                      ; - java.lang.ClassLoader::findLoadedClass@11
                      ; - java.lang.ClassLoader::loadClass@10
  0x000002451815bfb8: 24e1 d5ff 

  0x000002451815bfbc: ;   {other}
  0x000002451815bfbc: 0f1f 8400 | ac0b 0001 | 488b d848 | 85c0 0f85 | 211a 0000 | c5f8 7749 | bad0 3046 | 6dfa 7f00 
  0x000002451815bfdc: 0041 ffd2 

  0x000002451815bfe0: ;   {other}
  0x000002451815bfe0: 0f1f 8400 | 0000 0000 | 4889 4424 | 404c 8b54 | 2450 458b | 5a18 4585 | db0f 8475 | 5b00 0049 
  0x000002451815c000: 8bd3 4c8b | 8424 d800 | 0000 4533 | c990 c5f8 | 7748 b8ff | ffff ffff 

  0x000002451815c018: ;   {virtual_call}
  0x000002451815c018: ffff ffe8 

  0x000002451815c01c: ; ImmutableOopMap {[80]=Oop [88]=Oop [216]=Oop }
                      ;*invokevirtual loadClass {reexecute=0 rethrow=0 return_oop=1}
                      ; - java.lang.ClassLoader::loadClass@38
  0x000002451815c01c: 988d 8bff 

  0x000002451815c020: ;   {other}
  0x000002451815c020: 0f1f 8400 | 100c 0002 | 488b d848 | 85c0 0f85 | bd19 0000 | c5f8 7749 | bad0 3046 | 6dfa 7f00 
  0x000002451815c040: 0041 ffd2 

  0x000002451815c044: ;   {other}
  0x000002451815c044: 0f1f 8400 | 0000 0000 | 4889 4424 | 484c 8b54 | 2450 458b 

  0x000002451815c058: ;   {metadata('org/gradle/internal/classloader/VisitableURLClassLoader')}
  0x000002451815c058: 5a08 4181 | fb08 3a00 | 010f 8597 | 2700 004c | 8994 24e0 | 0000 0045 | 8b5a 5845 | 85db 0f84 
  0x000002451815c078: e938 0000 | 498b eb48 | 8bd5 4c8b | 9424 d800 | 0000 4c89 | 5424 304c | 8b94 24e0 | 0000 004c 
  0x000002451815c098: 8954 2438 

  0x000002451815c09c: ;   {static_call}
  0x000002451815c09c: c5f8 77e8 

  0x000002451815c0a0: ; ImmutableOopMap {rbp=Oop [48]=Oop [56]=Oop [80]=Oop [88]=Oop [216]=Oop [224]=Oop }
                      ;*invokestatic ensureMaterializedForStackWalk {reexecute=0 rethrow=0 return_oop=0}
                      ; - java.security.AccessController::executePrivileged@5
                      ; - java.security.AccessController::doPrivileged@13
                      ; - java.net.URLClassLoader::findClass@13
                      ; - java.lang.ClassLoader::loadClass@69
  0x000002451815c0a0: bcad d8ff 

  0x000002451815c0a4: ;   {other}
  0x000002451815c0a4: 0f1f 8400 | 940c 0003 | 488b dd4c | 8b94 24d8 | 0000 0045 | 0fbe 5210 | 4585 d20f | 855c 5f00 
  0x000002451815c0c4: 004c 8b94 | 24d8 0000 | 0045 8b42 | 1445 8b58 | 0c45 85db | 0f86 5603 | 0000 418d | 7bff 413b 
  0x000002451815c0e4: fb0f 83f1 | 5700 0041 | 8d53 fd49 | 8bc0 4180 | 7810 2e0f | 846f 3800 | 0083 fa01 | 0f8e e23a 
  0x000002451815c104: 0000 bd01 | 0000 0045 | 33ed 458b | d344 2bd5 | 4183 c2fd | 4533 c93b | d545 0f4c | d141 81fa 
  0x000002451815c124: a00f 0000 | b9a0 0f00 | 0044 0f47 | d144 03d5 | eb0c 6666 | 0f1f 8400 | 0000 0000 | 8bee 4863 
  0x000002451815c144: f541 0fbe | 4c30 1083 | f92e 7462 | 450f be4c | 3011 4183 | f92e 744f | 410f be4c | 3012 83f9 
  0x000002451815c164: 2e74 4845 | 0fbe 4c30 | 1341 83f9 | 2e74 358d | 7504 413b | f27c c54d | 8b97 5804 | 0000 83c5 
  0x000002451815c184: 0348 8b8c | 24e0 0000 | 00c5 fb10 | 8c24 d800 

  0x000002451815c194: ; ImmutableOopMap {r8=NarrowOop rcx=Oop rbx=Oop rax=Oop xmm1=Oop [80]=Oop [88]=Oop [216]=Oop [224]=Oop }
                      ;*if_icmpne {reexecute=1 rethrow=0 return_oop=0}
                      ; - (reexecute) java.lang.StringLatin1::replace@28
                      ; - java.lang.String::replace@18
                      ; - java.net.URLClassLoader$1::run@8
                      ; - java.net.URLClassLoader$1::run@1
                      ; - java.security.AccessController::executePrivileged@29
                      ; - java.security.AccessController::doPrivileged@13
                      ; - java.net.URLClassLoader::findClass@13
                      ; - java.lang.ClassLoader::loadClass@69
                      ;   {poll}
  0x000002451815c194: 0000 4185 | 023b f20f | 8d4f 3a00 | 008b eee9 | 66ff ffff | 83c5 02ff | c5eb 0383 | c502 413b 
  0x000002451815c1b4: eb0f 8d7c | 0200 0041 | 81fb 0000 | 1000 0f87 | f33e 0000 | 498b 8fb8 | 0100 004d | 63d3 4983 
  0x000002451815c1d4: c217 4983 | e2f8 4c8b | c94d 03ca | 4d3b 8fc8 | 0100 000f | 83ce 3e00 | 004d 898f | b801 0000 
  0x000002451815c1f4: 410f 0d89 | c000 0000 | 48c7 0101 | 0000 0041 | 0f0d 8900 

  0x000002451815c208: ;   {metadata({type array byte})}
  0x000002451815c208: 0100 00c7 | 4108 1823 | 0000 4489 | 590c 410f | 0d89 4001 | 0000 410f | 0d89 8001 | 0000 85ed 
  0x000002451815c228: 7e6b 448d | 55ff 453b | d30f 834d | 5e00 0045 | 85db 0f86 | 445e 0000 | 4533 c98b | f541 2bf1 
  0x000002451815c248: 4533 d241 | 3be9 410f | 4cf2 81fe | e803 0000 | 41ba e803 | 0000 410f | 47f2 4103 | f166 6666 
  0x000002451815c268: 0f1f 8400 | 0000 0000 | 4d63 f147 | 0fbe 5430 | 1046 8854 | 3110 41ff | c144 3bce | 7cea 4d8b 
  0x000002451815c288: 9758 0400 

  0x000002451815c28c: ; ImmutableOopMap {r8=NarrowOop rcx=Oop rbx=Oop rax=Oop [80]=Oop [88]=Oop [216]=Oop [224]=Oop }
                      ;*goto {reexecute=1 rethrow=0 return_oop=0}
                      ; - (reexecute) java.lang.StringLatin1::replace@76
                      ; - java.lang.String::replace@18
                      ; - java.net.URLClassLoader$1::run@8
                      ; - java.net.URLClassLoader$1::run@1
                      ; - java.security.AccessController::executePrivileged@29
                      ; - java.security.AccessController::doPrivileged@13
                      ; - java.net.URLClassLoader::findClass@13
                      ; - java.lang.ClassLoader::loadClass@69
                      ;   {poll}
  0x000002451815c28c: 0041 8502 | 443b cd7c | ae41 3beb | 0f8d 4d01 | 0000 413b | eb0f 837d | 5700 0041 | 3bfb 0f83 
  0x000002451815c2ac: 7457 0000 | 8d7d 014c | 63cd 470f | be54 0810 | 4183 fa2e | 0f84 6020 | 0000 4688 | 5409 1044 
  0x000002451815c2cc: 8d55 0144 | 3bd7 7d05 | 418b eaeb | da44 3bd2 | 0f8d e100 | 0000 ffc5 | e986 0000 | 0041 ba2f 
  0x000002451815c2ec: 0000 0090 | 4488 5439 | 1245 0fbe | 5438 1341 | 83fa 2e74 | 5044 8854 | 3913 83c5 | 0441 3be9 
  0x000002451815c30c: 7d4b 4863 | fd45 0fbe | 5438 1041 | 83fa 2e74 | 2c44 8854 | 3910 450f | be54 3811 | 4183 fa2e 
  0x000002451815c32c: 7413 4488 | 5439 1145 | 0fbe 5438 | 1241 83fa | 2e75 b1eb | a841 ba2f | 0000 00eb | e541 ba2f 
  0x000002451815c34c: 0000 00eb | cc41 ba2f | 0000 00eb | a84d 8b97 | 5804 0000 | 4c8b 8c24 

  0x000002451815c364: ; ImmutableOopMap {r8=NarrowOop r9=Oop rcx=Oop rbx=Oop rax=Oop [80]=Oop [88]=Oop [216]=Oop [224]=Oop }
                      ;*goto {reexecute=1 rethrow=0 return_oop=0}
                      ; - (reexecute) java.lang.StringLatin1::replace@113
                      ; - java.lang.String::replace@18
                      ; - java.net.URLClassLoader$1::run@8
                      ; - java.net.URLClassLoader$1::run@1
                      ; - java.security.AccessController::executePrivileged@29
                      ; - java.security.AccessController::doPrivileged@13
                      ; - java.net.URLClassLoader::findClass@13
                      ; - java.lang.ClassLoader::loadClass@69
  0x000002451815c364: d800 0000 

  0x000002451815c368: ;   {poll}
  0x000002451815c368: 4185 023b | ea7d 5745 | 8bcb 442b | cd41 83c1 | fd33 f63b | d544 0f4c | ce41 81f9 | a00f 0000 
  0x000002451815c388: 41ba a00f | 0000 450f | 47ca 4403 | cde9 74ff | ffff 42c6 | 441e 102e | 42c6 441e | 1163 42c6 
  0x000002451815c3a8: 441e 126c | 42c6 441e | 1361 42c6 | 441e 1473 | 42c6 441e | 1573 e982 | 0100 0041 | 8bea 413b 
  0x000002451815c3c8: eb7d 2090 | 4c63 d547 | 0fbe 4c10 | 1041 83f9 | 2e0f 84dc | 2100 0046 | 884c 1110 | ffc5 413b 
  0x000002451815c3e8: eb7c e149 | 8bbf b801 | 0000 4c8b | d749 83c2 | 184d 3b97 | c801 0000 | 0f83 583d | 0000 4d89 
  0x000002451815c408: 97b8 0100 | 0041 0f0d | 8ac0 0000 | 0048 c707 | 0100 0000 

  0x000002451815c41c: ;   {metadata('java/lang/String')}
  0x000002451815c41c: c747 0878 | e800 0044 | 8967 0c4c | 8967 104c | 8bd1 4489 | 5714 eb0e | 4533 ed49 | 8bc8 488b 
  0x000002451815c43c: bc24 d800 | 0000 448b | 410c 4585 | c00f 8670 | 1e00 0044 | 0fbe 5710 | c442 2af7 | c849 63c1 
  0x000002451815c45c: 4183 fa01 | 0f84 b25d | 0000 4585 | c90f 8c85 | 5c00 004c | 8d58 0641 | 8beb 85ed | 0f8c da5c 
  0x000002451815c47c: 0000 498b | d348 c1fa | 208b f2c4 | e249 f7ed | 85ed 0f8c | ec5d 0000 | 81fd 0000 | 1000 0f87 
  0x000002451815c49c: a454 0000 | 4863 d581 | fd00 0010 | 000f 8792 | 3a00 0049 | 8bb7 b801 | 0000 4883 | c217 4883 
  0x000002451815c4bc: e2f8 4c8b | f64c 03f2 | 4d3b b7c8 | 0100 000f | 8370 3a00 | 004d 89b7 | b801 0000 | 410f 0d8e 
  0x000002451815c4dc: c000 0000 | 48c7 0601 | 0000 0041 | 0f0d 8e00 

  0x000002451815c4ec: ;   {metadata({type array byte})}
  0x000002451815c4ec: 0100 00c7 | 4608 1823 | 0000 896e | 0c41 0f0d | 8e40 0100 | 0041 0f0d | 8e80 0100 | 0041 8d51 
  0x000002451815c50c: 063b ea0f | 8237 5400 | 004d 63d9 | 4585 c90f | 8e79 feff | ff42 c644 | 1e15 7342 | c644 1e14 
  0x000002451815c52c: 7342 c644 | 1e13 6142 | c644 1e12 | 6c42 c644 | 1e11 6342 | c644 1e10 | 2e45 85d2 | 0f85 625c 
  0x000002451815c54c: 0000 413b | e80f 8265 | 5400 0045 | 85c0 7626 | 4883 c110 | 488b d648 | 83c2 104d | 63c0 c5f8 
  0x000002451815c56c: 7749 bac0 | 4493 1745 | 0200 0041 

  0x000002451815c578: ;   {other}
  0x000002451815c578: ffd2 0f1f | 8400 0000 | 0000 498b | 87b8 0100 | 004c 8bd0 | 4983 c218 | 4d3b 97c8 | 0100 000f 
  0x000002451815c598: 8357 3a00 | 004d 8997 | b801 0000 | 410f 0d8a | c000 0000 | 48c7 0001 

  0x000002451815c5b0: ;   {metadata('java/lang/String')}
  0x000002451815c5b0: 0000 00c7 | 4008 78e8 | 0000 4489 | 600c 4489 | 6010 4c8b | d644 8950 | 144c 8b94 | 24e0 0000 
  0x000002451815c5d0: 0045 8b52 | 5445 85d2 | 0f84 a252 | 0000 4889 | 5c24 604c | 896c 2420 | 498b d24c | 8bc0 4533 
  0x000002451815c5f0: c94c 8b94 | 24d8 0000 | 004c 8954 | 2430 488b | ac24 e000 | 0000 6690 

  0x000002451815c608: ;   {optimized virtual_call}
  0x000002451815c608: c5f8 77e8 

  0x000002451815c60c: ; ImmutableOopMap {rbp=Oop [48]=Oop [80]=Oop [88]=Oop [96]=Oop [216]=Oop [224]=Oop }
                      ;*invokevirtual getResource {reexecute=0 rethrow=0 return_oop=1}
                      ; - java.net.URLClassLoader$1::run@26
                      ; - java.net.URLClassLoader$1::run@1
                      ; - java.security.AccessController::executePrivileged@29
                      ; - java.security.AccessController::doPrivileged@13
                      ; - java.net.URLClassLoader::findClass@13
                      ; - java.lang.ClassLoader::loadClass@69
  0x000002451815c60c: 3086 faff 

  0x000002451815c610: ;   {other}
  0x000002451815c610: 0f1f 8400 | 0012 0007 | 4889 8424 | 8800 0000 | 4885 c00f | 851a 0100 | 0049 8b87 | b801 0000 
  0x000002451815c630: 4c8b d049 | 83c2 284d | 3b97 c801 | 0000 0f83 | 843b 0000 | 4d89 97b8 | 0100 0041 | 0f0d 8ac0 
  0x000002451815c650: 0000 0048 | c700 0100 

  0x000002451815c658: ;   {metadata('java/lang/ClassNotFoundException')}
  0x000002451815c658: 0000 c740 | 0888 9306 | 0044 8960 | 0c4c 8960 | 104c 8960 | 184c 8960 | 2048 8be8 | 488b d54c 
  0x000002451815c678: 8b84 24d8 | 0000 0090 

  0x000002451815c680: ;   {optimized virtual_call}
  0x000002451815c680: c5f8 77e8 

  0x000002451815c684: ; ImmutableOopMap {rbp=Oop [88]=Oop [224]=Oop }
                      ;*invokespecial <init> {reexecute=0 rethrow=0 return_oop=0}
                      ; - java.net.URLClassLoader::findClass@41
                      ; - java.lang.ClassLoader::loadClass@69
  0x000002451815c684: f8b9 edff 

  0x000002451815c688: ;   {other}
  0x000002451815c688: 0f1f 8400 | 7812 0008 | 488d 8424 | 3001 0000 | 4c8b 5c24 | 5848 8338 | 000f 8479 | 0000 004d 
  0x000002451815c6a8: 8b13 41f6 | c202 0f84 | 6200 0000 | 4983 ba86 | 0000 0000 | 7409 49ff | 8a86 0000 | 00eb 4b49 
  0x000002451815c6c8: 8b82 9600 | 0000 490b | 828e 0000 | 0075 0a49 | c742 3e00 | 0000 00eb | 3d49 83ba | 9e00 0000 
  0x000002451815c6e8: 0074 2248 | 33c0 49c7 | 423e 0000 | 0000 f083 | 0424 0049 | 83ba 9e00 | 0000 0075 | 0df0 4d0f 
  0x000002451815c708: b17a 3e75 | 0583 c801 | eb0c a800 | eb08 4c8b | 10f0 4d0f | b113 750a | 49ff 8f50 | 0500 0045 
  0x000002451815c728: 33d2 0f85 | 6853 0000 | 488b d5c5 | f877 4881 | c450 0100 

  0x000002451815c73c: ;   {runtime_call _rethrow_Java}
  0x000002451815c73c: 005d e9bd | ea8b ffc5 | f877 49ba | d030 466d | fa7f 0000 

  0x000002451815c750: ;   {other}
  0x000002451815c750: 41ff d20f | 1f84 0000 | 0000 0048 | 8984 2480 | 0000 004c | 8b54 2430 | 458b 4a14 

  0x000002451815c76c: ; implicit exception: dispatches to 0x0000024518164fdc
  0x000002451815c76c: 458b 590c | 450f be42 | 10c4 c23a | f7cb 448d | 51ff 4585 | c00f 853d | 6200 0045 | 8d43 ff45 
  0x000002451815c78c: 3bc2 450f | 4fc2 498b | f945 85c0 | 0f8c f600 | 0000 4585 | db0f 86f9 | 5300 0045 | 3bc3 0f83 
  0x000002451815c7ac: f053 0000 | 4585 c00f | 8e6b 5500 | 0045 8d50 | ff43 0fbe | 5c01 1083 | fb2e 0f84 | 8631 0000 
  0x000002451815c7cc: 41ff c845 | 3bc2 7fe9 | 4183 f802 | 0f8e 9700 | 0000 418d | 50fe 33db | 4183 f802 | 0f4c d381 
  0x000002451815c7ec: faa0 0f00 | 0041 baa0 | 0f00 0041 | 0f47 d241 | 8bd8 2bda | 4963 d045 | 0fbe 5411 | 1041 83fa 
  0x000002451815c80c: 2e0f 845f | 0a00 0041 | 0fbe 5411 | 0f83 fa2e | 0f84 550a | 0000 458d | 50fe 430f | be54 1110 
  0x000002451815c82c: 83fa 2e0f | 8446 0a00 | 0045 8d50 | fd43 0fbe | 7411 1083 | fe2e 0f84 | 330a 0000 | 4183 c0fc 
  0x000002451815c84c: 443b c37f 

  0x000002451815c850: ;   {no_reloc}
  0x000002451815c850: af49 8baf | 5804 0000 | 4c8b 9424 | d800 0000 | 488b 9c24 

  0x000002451815c864: ; ImmutableOopMap {r10=Oop r9=NarrowOop rbx=Oop rdi=Oop [80]=Oop [88]=Oop [96]=Oop [136]=Oop [216]=Oop [224]=Oop }
                      ;*goto {reexecute=1 rethrow=0 return_oop=0}
                      ; - (reexecute) java.lang.StringLatin1::lastIndexOf@35
                      ; - java.lang.String::lastIndexOf@13
                      ; - java.lang.String::lastIndexOf@8
                      ; - java.net.URLClassLoader::defineClass@7
                      ; - java.net.URLClassLoader$1::run@43
                      ; - java.net.URLClassLoader$1::run@1
                      ; - java.security.AccessController::executePrivileged@29
                      ; - java.security.AccessController::doPrivileged@13
                      ; - java.net.URLClassLoader::findClass@13
                      ; - java.lang.ClassLoader::loadClass@69
  0x000002451815c864: 8800 0000 

  0x000002451815c868: ;   {poll}
  0x000002451815c868: 8545 0041 | 83f8 020f | 8f69 ffff | ff41 83f8 | ff7e 1990 | 430f be5c | 0110 83fb | 2e0f 8431 
  0x000002451815c888: 6100 0041 | ffc8 4183 | f8ff 7fe8 | 41ba ffff | ffff e9dc | 0900 0083 | c502 ffc5 | eb03 83c5 
  0x000002451815c8a8: 023b ac24 | c400 0000 | 0f8d e502 | 0000 448b | 9424 c400 | 0000 4181 | fa00 0010 | 000f 87a6 
  0x000002451815c8c8: 3d00 004d | 8b87 b801 | 0000 4d63 | da49 83c3 | 1749 83e3 | f84d 8bd0 | 4d03 d34d | 3b97 c801 
  0x000002451815c8e8: 0000 0f83 | 813d 0000 | 4d89 97b8 | 0100 0041 | 0f0d 8ac0 | 0000 0049 | c700 0100 | 0000 410f 
  0x000002451815c908: 0d8a 0001 

  0x000002451815c90c: ;   {metadata({type array byte})}
  0x000002451815c90c: 0000 41c7 | 4008 1823 | 0000 448b | 9c24 c400 | 0000 4589 | 580c 410f | 0d8a 4001 | 0000 410f 
  0x000002451815c92c: 0d8a 8001 | 0000 85ed | 0f8e 8000 | 0000 448d | 55ff 443b | 9424 c400 | 0000 0f83 | a86a 0000 
  0x000002451815c94c: 448b 9c24 | c400 0000 | 4585 db0f | 8697 6a00 | 0033 db44 | 8bdd 442b | db45 33c9 | 3beb 450f 
  0x000002451815c96c: 4cd9 4181 | fbe8 0300 | 0041 bae8 | 0300 0045 | 0f47 da44 | 03db 6666 | 0f1f 8400 | 0000 0000 
  0x000002451815c98c: 6666 6690 | 4c63 d38b | 8c24 c000 | 0000 420f | be4c 1110 | 4388 4c10 | 10ff c341 | 3bdb 7ce4 
  0x000002451815c9ac: 4d8b 9758 

  0x000002451815c9b0: ; ImmutableOopMap {r8=Oop [48]=Oop [56]=Oop [80]=Oop [88]=Oop [96]=Oop [112]=Oop [136]=Oop [144]=Oop [152]=Oop [160]=Oop [176]=NarrowOop [184]=Oop [192]=NarrowOop [216]=Oop [224]=Oop [232]=NarrowOop }
                      ;*goto {reexecute=1 rethrow=0 return_oop=0}
                      ; - (reexecute) java.lang.StringLatin1::replace@76
                      ; - java.lang.String::replace@18
                      ; - java.net.URLClassLoader::isSealed@9
                      ; - java.net.URLClassLoader::getAndVerifyPackage@68
                      ; - java.net.URLClassLoader::defineClass@46
                      ; - java.net.URLClassLoader$1::run@43
                      ; - java.net.URLClassLoader$1::run@1
                      ; - java.security.AccessController::executePrivileged@29
                      ; - java.security.AccessController::doPrivileged@13
                      ; - java.net.URLClassLoader::findClass@13
                      ; - java.lang.ClassLoader::loadClass@69
                      ;   {poll}
  0x000002451815c9b0: 0400 0041 | 8502 3bdd | 7ca5 3bac | 24c4 0000 | 000f 8d37 | 3100 003b | ac24 c400 | 0000 0f83 
  0x000002451815c9d0: 8063 0000 | 448b 5c24 | 6844 3b9c | 24c4 0000 | 000f 836d | 6300 0044 | 8d5d 014c | 63d5 448b 
  0x000002451815c9f0: 8c24 c000 | 0000 430f | be4c 1110 | 83f9 2e0f | 842d 1e00 | 0043 884c | 1010 448d | 4d01 453b 
  0x000002451815ca10: cb7d 0541 | 8be9 ebd3 | 443b 4c24 | 6c0f 8df7 | 0000 00ff | c5e9 8e00 | 0000 41ba | 2f00 0000 
  0x000002451815ca30: 4788 5408 | 1147 0fbe | 540b 1241 | 83fa 2e74 | 5f47 8854 | 0812 470f | be54 0b13 | 4183 fa2e 
  0x000002451815ca50: 7446 4788 | 5408 1383 | c504 3be9 | 7d4a 4c63 | cd44 8b94 | 24c0 0000 | 0047 0fbe | 540a 1041 
  0x000002451815ca70: 83fa 2e74 | 1b47 8854 | 0810 448b | 9c24 c000 | 0000 470f | be54 0b11 | 4183 fa2e | 75a2 eb9a 
  0x000002451815ca90: 41ba 2f00 | 0000 ebdd | 41ba 2f00 | 0000 ebb2 | 41ba 2f00 | 0000 eb99 | 4d8b 9758 

  0x000002451815caac: ; ImmutableOopMap {r8=Oop [48]=Oop [56]=Oop [80]=Oop [88]=Oop [96]=Oop [112]=Oop [136]=Oop [144]=Oop [152]=Oop [160]=Oop [176]=NarrowOop [184]=Oop [192]=NarrowOop [216]=Oop [224]=Oop [232]=NarrowOop }
                      ;*goto {reexecute=1 rethrow=0 return_oop=0}
                      ; - (reexecute) java.lang.StringLatin1::replace@113
                      ; - java.lang.String::replace@18
                      ; - java.net.URLClassLoader::isSealed@9
                      ; - java.net.URLClassLoader::getAndVerifyPackage@68
                      ; - java.net.URLClassLoader::defineClass@46
                      ; - java.net.URLClassLoader$1::run@43
                      ; - java.net.URLClassLoader$1::run@1
                      ; - java.security.AccessController::executePrivileged@29
                      ; - java.security.AccessController::doPrivileged@13
                      ; - java.net.URLClassLoader::findClass@13
                      ; - java.lang.ClassLoader::loadClass@69
                      ;   {poll}
  0x000002451815caac: 0400 0041 | 8502 3b6c | 246c 7d65 | 8b8c 24c4 | 0000 002b | cd83 c1fd | 448b 5c24 | 6c45 33d2 
  0x000002451815cacc: 443b dd41 | 0f4c ca81 | f9a0 0f00 | 0041 baa0 | 0f00 0041 | 0f47 ca03 | cde9 74ff | ffff 4c63 
  0x000002451815caec: d544 8b9c | 24c0 0000 | 0047 0fbe | 4c13 1041 | 83f9 2e0f | 8455 2e00 | 0049 8bd0 | 4788 4c10 
  0x000002451815cb0c: 10ff c53b | ac24 c400 | 0000 7cd2 | eb0f 418b | e93b ac24 | c400 0000 | 7cc4 498b | d049 8b9f 
  0x000002451815cb2c: b801 0000 | 4c8b d349 | 83c2 184d | 3b97 c801 | 0000 0f83 | 743b 0000 | 4d89 97b8 | 0100 0041 
  0x000002451815cb4c: 0f0d 8ac0 | 0000 0048 | c703 0100 

  0x000002451815cb58: ;   {metadata('java/lang/String')}
  0x000002451815cb58: 0000 c743 | 0878 e800 | 0044 8963 | 0c4c 8963 | 104c 8bda | 4489 5b14 | 4c8b 8c24 | 9800 0000 
  0x000002451815cb78: 4c8b ac24 | b800 0000 | 4c8b 9c24 | a000 0000 | 448b 9424 | e800 0000 | 8b6c 2428 | 4c8b 7424 
  0x000002451815cb98: 38eb 364c | 8b8c 2498 | 0000 004c | 8bac 24b8 | 0000 004c | 8b9c 24a0 | 0000 0044 | 8b94 24e8 
  0x000002451815cbb8: 0000 008b | 6c24 288b | 8c24 c000 | 0000 4c8b | 7424 3848 | 8bd1 498b | d98b 4a0c | 85c9 0f86 
  0x000002451815cbd8: 7934 0000 | 0fbe 7b10 | c462 42f7 | c149 63f0 | 83ff 010f | 84ff 6900 | 0045 85c0 | 0f8c a263 
  0x000002451815cbf8: 0000 4489 | 8424 c000 | 0000 897c | 2468 898c | 24cc 0000 | 0048 899c | 24d0 0000 | 0048 8994 
  0x000002451815cc18: 24b8 0000 | 004c 8974 | 2438 896c | 2428 4489 | 9424 c800 | 0000 4c89 | 9c24 a000 | 0000 4c89 
  0x000002451815cc38: ac24 a800 | 0000 4c89 | 8c24 9800 | 0000 4889 | b424 e800 | 0000 4883 | c601 8bee | 85ed 0f8c 
  0x000002451815cc58: ;   {no_reloc}
  0x000002451815cc58: 0464 0000 | 4c8b d649 | c1fa 2045 | 8bda c462 | 21f7 cd45 | 85c9 0f8c | 4c6a 0000 | 4181 f900 
  0x000002451815cc78: 0010 000f | 87eb 5600 | 0041 8be9 | 4d63 d181 | fd00 0010 | 000f 87da | 3600 0049 | 8b9f b801 
  0x000002451815cc98: 0000 4983 | c217 4983 | e2f8 4c8b | db4d 03da | 4d3b 9fc8 | 0100 000f | 83b8 3600 | 004d 899f 
  0x000002451815ccb8: b801 0000 | 410f 0d8b | c000 0000 | 48c7 0301 | 0000 0041 | 0f0d 8b00 

  0x000002451815ccd0: ;   {metadata({type array byte})}
  0x000002451815ccd0: 0100 00c7 | 4308 1823 | 0000 448b | d589 6b0c | 410f 0d8b | 4001 0000 | 410f 0d8b | 8001 0000 
  0x000002451815ccf0: 448b 8424 | c000 0000 | 41ff c045 | 3bd0 0f82 | f859 0000 | 448b 8424 | c000 0000 | 42c6 4403 
  0x000002451815cd10: 102f 448b | 4424 6845 | 85c0 0f85 | c863 0000 | 443b 9424 | cc00 0000 | 0f82 b65a | 0000 448b 
  0x000002451815cd30: 9424 cc00 | 0000 4585 | d276 2e48 | 8b8c 24b8 | 0000 0048 | 83c1 1048 | 8bd3 4883 | c210 4d63 
  0x000002451815cd50: c2c5 f877 | 49ba c044 | 9317 4502 | 0000 41ff 

  0x000002451815cd60: ;   {other}
  0x000002451815cd60: d20f 1f84 | 0000 0000 | 0049 8b87 | b801 0000 | 4c8b d049 | 83c2 184d | 3b97 c801 | 0000 0f83 
  0x000002451815cd80: 2736 0000 | 4d89 97b8 | 0100 0041 | 0f0d 8ac0 | 0000 0048 | c700 0100 

  0x000002451815cd98: ;   {metadata('java/lang/String')}
  0x000002451815cd98: 0000 c740 | 0878 e800 | 0044 8960 | 0c44 8960 | 104c 8bdb | 4489 5814 | 4c8b 8c24 | 9800 0000 
  0x000002451815cdb8: 4c8b ac24 | a800 0000 | 4c8b 9c24 | a000 0000 | 448b 9424 | c800 0000 | 8b6c 2428 

  0x000002451815cdd4: ;   {metadata('java/util/jar/JavaUtilJarAccessImpl')}
  0x000002451815cdd4: 81fd a05b | 3100 0f85 | 1857 0000 | 418b 6d10 

  0x000002451815cde4: ; implicit exception: dispatches to 0x0000024518165584
  0x000002451815cde4: 448b 5508 

  0x000002451815cde8: ;   {metadata('java/util/HashMap')}
  0x000002451815cde8: 4181 fa68 | a908 000f | 85c3 5700 | 004c 8bd5 | 458b 4224 | 4585 c00f | 847e 0200 | 0045 8b50 
  0x000002451815ce08: 0c45 85d2 | 0f86 b663 | 0000 488b | d88b 500c | 41ff ca85 | d20f 84ac | 1600 008b | cac1 e910 
  0x000002451815ce28: 33ca 4423 | d147 8b54 | 9010 4585 | d20f 8448 | 0200 0045 | 8b42 0c44 | 3bc1 0f85 | be17 0000 
  0x000002451815ce48: 458b 4210 | 498b ea4c | 3bc3 0f84 | ad00 0000 | 4489 9424 | a400 0000 | 898c 24a0 | 0000 0048 
  0x000002451815ce68: 899c 2498 | 0000 004c | 895c 2478 | 4c89 6c24 | 704c 8b94 | 2490 0000 | 004c 8954 | 2468 4c89 
  0x000002451815ce88: 4c24 3844 | 8b94 24b0 | 0000 0044 | 8954 2428 | 488b d34c | 8b94 24e0 | 0000 004c | 8994 2490 
  0x000002451815cea8: 0000 004c | 8b94 24d8 | 0000 004c | 8994 24b0 | 0000 0090 

  0x000002451815cebc: ;   {optimized virtual_call}
  0x000002451815cebc: c5f8 77e8 

  0x000002451815cec0: ; ImmutableOopMap {rbp=Oop [40]=NarrowOop [48]=Oop [56]=Oop [80]=Oop [88]=Oop [96]=Oop [104]=Oop [112]=Oop [120]=Oop [136]=Oop [144]=Oop [152]=Oop [164]=NarrowOop [176]=Oop [216]=Oop [224]=Oop }
                      ;*invokevirtual equals {reexecute=0 rethrow=0 return_oop=0}
                      ; - java.util.HashMap::getNode@63
                      ; - java.util.HashMap::get@2
                      ; - java.util.jar.Manifest::getAttributes@5
                      ; - java.util.jar.Manifest::getTrustedAttributes@2
                      ; - java.util.jar.JavaUtilJarAccessImpl::getTrustedAttributes@2
                      ; - java.net.URLClassLoader::isSealed@18
                      ; - java.net.URLClassLoader::getAndVerifyPackage@68
                      ; - java.net.URLClassLoader::defineClass@46
                      ; - java.net.URLClassLoader$1::run@43
                      ; - java.net.URLClassLoader$1::run@1
                      ; - java.security.AccessController::executePrivileged@29
                      ; - java.security.AccessController::doPrivileged@13
                      ; - java.net.URLClassLoader::findClass@13
                      ; - java.lang.ClassLoader::loadClass@69
  0x000002451815cec0: bc1b 7fff 

  0x000002451815cec4: ;   {other}
  0x000002451815cec4: 0f1f 8400 | b41a 000c | 85c0 0f84 | f216 0000 | 448b 5c24 | 2844 899c | 24b0 0000 | 004c 8b4c 
  0x000002451815cee4: 2438 4c8b | 5424 684c | 8994 2490 | 0000 004c | 8b6c 2470 | 4c8b 5c24 | 7848 8b9c | 2498 0000 
  0x000002451815cf04: 008b 6d14 | 85ed 0f84 | 7301 0000 | 448b 4508 

  0x000002451815cf14: ;   {metadata('java/util/jar/Attributes')}
  0x000002451815cf14: 4181 f840 | 8816 000f | 853f 7c00 | 0045 8b55 | 144c 8bc5 | 4585 d20f | 84ff 2a00 | 004c 8944 
  0x000002451815cf34: 2438 4889 | 9c24 b800 | 0000 4c89 | 9c24 a800 | 0000 4c89 | ac24 a000 | 0000 4c8b | 9c24 9000 
  0x000002451815cf54: 0000 4c89 | 5c24 704c | 898c 2498 | 0000 0048 | 8b6c 2430 | 448b 9c24 | b000 0000 | 4489 9c24 
  0x000002451815cf74: 9000 0000 | 498b d24c | 8bc3 4c8b | 9424 d800 | 0000 4c89 | 5424 7890 

  0x000002451815cf8c: ;   {optimized virtual_call}
  0x000002451815cf8c: c5f8 77e8 

  0x000002451815cf90: ; ImmutableOopMap {rbp=Oop [56]=Oop [80]=Oop [88]=Oop [96]=Oop [112]=Oop [120]=Oop [136]=Oop [144]=NarrowOop [152]=Oop [160]=Oop [168]=Oop [184]=Oop [216]=Oop [224]=Oop }
                      ;*invokevirtual isTrustedManifestEntry {reexecute=0 rethrow=0 return_oop=0}
                      ; - java.util.jar.Manifest::getTrustedAttributes@22
                      ; - java.util.jar.JavaUtilJarAccessImpl::getTrustedAttributes@2
                      ; - java.net.URLClassLoader::isSealed@18
                      ; - java.net.URLClassLoader::getAndVerifyPackage@68
                      ; - java.net.URLClassLoader::defineClass@46
                      ; - java.net.URLClassLoader$1::run@43
                      ; - java.net.URLClassLoader$1::run@1
                      ; - java.security.AccessController::executePrivileged@29
                      ; - java.security.AccessController::doPrivileged@13
                      ; - java.net.URLClassLoader::findClass@13
                      ; - java.lang.ClassLoader::loadClass@69
  0x000002451815cf90: ec1a 7fff 

  0x000002451815cf94: ;   {other}
  0x000002451815cf94: 0f1f 8400 | 841b 000d | 85c0 0f84 | 4469 0000 | 448b 9c24 | 9000 0000 | 4489 9c24 | b000 0000 
  0x000002451815cfb4: 4c8b 8c24 | 9800 0000 | 4c8b 5424 | 704c 8994 | 2490 0000 | 004c 8bac | 24a0 0000 | 004c 8b9c 
  0x000002451815cfd4: 24a8 0000 | 004c 8b44 | 2438 4c89 | 9c24 a800 | 0000 4c89 | ac24 a000 | 0000 4c8b | 9c24 9000 
  0x000002451815cff4: 0000 4c89 | 5c24 704c | 898c 2498 | 0000 0044 | 8b9c 24b0 | 0000 0044 | 899c 2490 | 0000 0049 
  0x000002451815d014: ;   {oop(a 'java/util/jar/Attributes$Name'{0x000000008068c118})}
  0x000002451815d014: 8bd0 49b8 | 18c1 6880 | 0000 0000 | 4c8b 9424 | d800 0000 | 4c89 5424 | 7866 6690 

  0x000002451815d030: ;   {optimized virtual_call}
  0x000002451815d030: c5f8 77e8 

  0x000002451815d034: ; ImmutableOopMap {rbp=Oop [80]=Oop [88]=Oop [96]=Oop [112]=Oop [120]=Oop [136]=Oop [144]=NarrowOop [152]=Oop [160]=Oop [168]=Oop [216]=Oop [224]=Oop }
                      ;*invokevirtual getValue {reexecute=0 rethrow=0 return_oop=1}
                      ; - java.net.URLClassLoader::isSealed@35
                      ; - java.net.URLClassLoader::getAndVerifyPackage@68
                      ; - java.net.URLClassLoader::defineClass@46
                      ; - java.net.URLClassLoader$1::run@43
                      ; - java.net.URLClassLoader$1::run@1
                      ; - java.security.AccessController::executePrivileged@29
                      ; - java.security.AccessController::doPrivileged@13
                      ; - java.net.URLClassLoader::findClass@13
                      ; - java.lang.ClassLoader::loadClass@69
  0x000002451815d034: 481a 7fff 

  0x000002451815d038: ;   {other}
  0x000002451815d038: 0f1f 8400 | 281c 000e | 4885 c00f | 85e3 6900 | 0044 8b9c | 2490 0000 | 0044 899c | 24b0 0000 
  0x000002451815d058: 0048 896c | 2430 4c8b | 8c24 9800 | 0000 4c8b | 5424 704c | 8994 2490 | 0000 004c | 8bac 24a0 
  0x000002451815d078: 0000 004c | 8b9c 24a8 | 0000 0045 | 8b55 0c41 | 8b6a 0c44 

  0x000002451815d08c: ;   {metadata('java/util/LinkedHashMap')}
  0x000002451815d08c: 8b55 0841 | 81fa e8a1 | 0f00 0f85 | cc55 0000 | 488b cd8b | 5124 85d2 | 0f84 3207 | 0000 448b 
  0x000002451815d0ac: 520c 4585 | d20f 86d1 

  0x000002451815d0b4: ;   {oop(a 'java/util/jar/Attributes$Name'{0x000000008068c118})}
  0x000002451815d0b4: 6100 0049 | b818 c168 | 8000 0000 | 0041 8b78 | 0c41 ffca | 8bdf c1eb | 1033 df44 | 23d3 428b 
  0x000002451815d0d4: 7c92 1085 | ff0f 84fd | 0600 0044 | 8b47 0c44 | 3bc3 0f85 | 2416 0000 | 448b 5710 

  0x000002451815d0f0: ;   {oop(a 'java/util/jar/Attributes$Name'{0x000000008068c118})}
  0x000002451815d0f0: 4c8b c741 | 81fa 18c1 | 6880 0f84 | a700 0000 | 4c89 8424 | a800 0000 | 89bc 24a0 | 0000 0089 
  0x000002451815d110: 5c24 2848 | 898c 2498 | 0000 004c | 895c 2478 | 4c89 6c24 | 704c 8b9c | 2490 0000 | 004c 895c 
  0x000002451815d130: 2468 4c89 | 4c24 388b | ac24 b000 | 0000 4d8b 

  0x000002451815d140: ;   {oop(a 'java/util/jar/Attributes$Name'{0x000000008068c118})}
  0x000002451815d140: c248 ba18 | c168 8000 | 0000 004c | 8b94 24d8 | 0000 004c | 8994 24b8 | 0000 0090 

  0x000002451815d15c: ;   {optimized virtual_call}
  0x000002451815d15c: c5f8 77e8 

  0x000002451815d160: ; ImmutableOopMap {rbp=NarrowOop [48]=Oop [56]=Oop [80]=Oop [88]=Oop [96]=Oop [104]=Oop [112]=Oop [120]=Oop [136]=Oop [152]=Oop [160]=NarrowOop [168]=Oop [184]=Oop [216]=Oop [224]=Oop }
                      ;*invokevirtual equals {reexecute=0 rethrow=0 return_oop=0}
                      ; - java.util.HashMap::getNode@63
                      ; - java.util.LinkedHashMap::get@2
                      ; - java.util.jar.Attributes::get@5
                      ; - java.util.jar.Attributes::getValue@2
                      ; - java.net.URLClassLoader::isSealed@58
                      ; - java.net.URLClassLoader::getAndVerifyPackage@68
                      ; - java.net.URLClassLoader::defineClass@46
                      ; - java.net.URLClassLoader$1::run@43
                      ; - java.net.URLClassLoader$1::run@1
                      ; - java.security.AccessController::executePrivileged@29
                      ; - java.security.AccessController::doPrivileged@13
                      ; - java.net.URLClassLoader::findClass@13
                      ; - java.lang.ClassLoader::loadClass@69
  0x000002451815d160: 1c19 7fff 

  0x000002451815d164: ;   {other}
  0x000002451815d164: 0f1f 8400 | 541d 000f | 85c0 0f84 | 6615 0000 | 89ac 24b0 | 0000 004c | 8b4c 2438 | 4c8b 5424 
  0x000002451815d184: 684c 8994 | 2490 0000 | 004c 8b6c | 2470 4c8b | 5c24 7848 | 8b8c 2498 | 0000 004c | 8b84 24a8 
  0x000002451815d1a4: 0000 000f | b669 3085 | ed0f 85cd | 6900 0041 | 8b68 1485 | ed0f 841d | 0600 0044 

  0x000002451815d1c0: ;   {metadata('java/lang/String')}
  0x000002451815d1c0: 8b45 0841 | 81f8 78e8 | 0000 0f85 | 347a 0000 

  0x000002451815d1d0: ;   {oop("true"{0x000000008044cfa8})}
  0x000002451815d1d0: 488b fd48 | baa8 cf44 | 8000 0000 | 0048 3bfa | 0f84 7666 | 0000 448b | 4714 458b | 500c 0fbe 
  0x000002451815d1f0: 4f10 c442 | 72f7 d241 | 83fa 040f | 85db 0500 | 004c 896c | 2470 4c8b | 9424 9000 | 0000 4c89 
  0x000002451815d210: 5424 684c | 894c 2438 | 448b 8424 | b000 0000 | 4489 4424 | 28b9 0400 | 0000 498b | eb41 b801 
  0x000002451815d230: 0000 0045 | 33c9 33f6 | 4c8b 9424 | d800 0000 | 4c89 9424 | 9800 0000 

  0x000002451815d248: ;   {optimized virtual_call}
  0x000002451815d248: c5f8 77e8 

  0x000002451815d24c: ; ImmutableOopMap {rbp=Oop [40]=NarrowOop [48]=Oop [56]=Oop [80]=Oop [88]=Oop [96]=Oop [104]=Oop [112]=Oop [136]=Oop [152]=Oop [216]=Oop [224]=Oop }
                      ;*invokevirtual regionMatches {reexecute=0 rethrow=0 return_oop=0}
                      ; - java.lang.String::equalsIgnoreCase@33
                      ; - java.net.URLClassLoader::isSealed@68
                      ; - java.net.URLClassLoader::getAndVerifyPackage@68
                      ; - java.net.URLClassLoader::defineClass@46
                      ; - java.net.URLClassLoader$1::run@43
                      ; - java.net.URLClassLoader$1::run@1
                      ; - java.security.AccessController::executePrivileged@29
                      ; - java.security.AccessController::doPrivileged@13
                      ; - java.net.URLClassLoader::findClass@13
                      ; - java.lang.ClassLoader::loadClass@69
  0x000002451815d24c: 3018 7fff 

  0x000002451815d250: ;   {other}
  0x000002451815d250: 0f1f 8400 | 401e 0010 | 85c0 0f85 | d865 0000 | 448b 5c24 | 2844 899c | 24b0 0000 | 00e9 6a05 
  0x000002451815d270: 0000 458b | d0eb 0445 | 8d50 ff4c | 8b84 2488 | 0000 0041 

  0x000002451815d284: ;   {metadata('jdk/internal/loader/URLClassPath$JarLoader$2')}
  0x000002451815d284: 8b58 0881 | fb30 2421 | 000f 8587 | 2800 0041 | 8b50 208b | 521c 8994 | 24b0 0000 | 0044 8b84 
  0x000002451815d2a4: 24b0 0000 | 0049 8bf0 | 4183 faff | 0f84 5a28 | 0000 4585 | d20f 8c81 | 5700 0044 | 3bd1 0f8f 
  0x000002451815d2c4: 3059 0000 | 443b d10f | 842a 1100 | 0045 85d2 | 0f84 502c | 0000 498b | 9fb8 0100 | 004c 8bc3 
  0x000002451815d2e4: 4983 c018 | 4d3b 87c8 | 0100 000f | 834c 2f00 | 004d 8987 | b801 0000 | 410f 0d88 | c000 0000 
  0x000002451815d304: 48c7 0301 

  0x000002451815d308: ;   {metadata('java/lang/String')}
  0x000002451815d308: 0000 00c7 | 4308 78e8 | 0000 4489 | 630c 4c89 | 6310 498d | 5110 453b | d30f 85c5 | 0000 004d 
  0x000002451815d328: 63d3 4181 | fb00 0010 | 000f 87d0 | 3d00 0049 | 8baf b801 | 0000 4d8d | 4217 4983 | e0f8 488b 
  0x000002451815d348: cd49 03c8 | 493b 8fc8 | 0100 000f | 83ae 3d00 | 0049 898f | b801 0000 | 0f0d 89c0 | 0000 0048 
  0x000002451815d368: c745 0001 | 0000 000f | 0d89 0001 

  0x000002451815d374: ;   {metadata({type array byte})}
  0x000002451815d374: 0000 c745 | 0818 2300 | 0044 895d | 0c0f 0d89 | 4001 0000 | 0f0d 8980 | 0100 0048 | 8974 2430 
  0x000002451815d394: 4889 9c24 | 9800 0000 | 4889 5424 | 384c 8954 | 2468 488b | d548 83c2 | 104c 8b44 | 2468 4983 
  0x000002451815d3b4: c007 49c1 | e803 488b | 4c24 38c5 | f877 49ba | 604b 9317 | 4502 0000 

  0x000002451815d3cc: ;   {other}
  0x000002451815d3cc: 41ff d20f | 1f84 0000 | 0000 0048 | 8b9c 2498 | 0000 004c | 8bed 488b | 7424 30e9 | db00 0000 
  0x000002451815d3ec: 4181 fa00 | 0010 000f | 87c3 5400 | 0049 63ca | 453b da41 | 8beb 410f | 4fea 443b | dd0f 821e 
  0x000002451815d40c: 5500 0044 | 3bd5 0f82 | 1555 0000 | 4883 c117 | 4c8b c149 | 83e0 f841 | 81fa 0000 | 1000 0f87 
  0x000002451815d42c: e830 0000 | 4d8b afb8 | 0100 004d | 8bdd 4d03 | d84d 3b9f | c801 0000 | 0f83 ce30 | 0000 4d89 
  0x000002451815d44c: 9fb8 0100 | 0041 0f0d | 8bc0 0000 | 0049 c745 | 0001 0000 | 0041 0f0d | 8b00 0100 

  0x000002451815d468: ;   {metadata({type array byte})}
  0x000002451815d468: 0041 c745 | 0818 2300 | 0045 8955 | 0c41 0f0d | 8b40 0100 | 0041 0f0d | 8b80 0100 | 004d 8bdd 
  0x000002451815d488: 4983 c310 | 48c1 e903 | 85ed 0f84 | 2c54 0000 | 413b ea0f | 8ca8 2800 | 0048 8bca | 4983 c0f0 
  0x000002451815d4a8: 49c1 e803 | 498b d3c5 | f877 49ba | 604b 9317 | 4502 0000 

  0x000002451815d4bc: ;   {other}
  0x000002451815d4bc: 41ff d20f | 1f84 0000 | 0000 0041 | 807f 4000 | 0f85 7427 | 0000 4c8b | db4d 8bd5 | 4489 5314 
  0x000002451815d4dc: 4d8b d54d | 33d3 49c1 | ea14 4d85 | d274 1a49 | c1eb 0948 | b900 0092 | 1f45 0200 | 0049 03cb 
  0x000002451815d4fc: 8039 020f | 8574 2700 | 0044 8863 | 1048 899c | 24f8 0000 | 004c 8b94 | 2488 0000 | 0045 8b52 
  0x000002451815d51c: ;   {metadata('jdk/internal/loader/URLClassPath$JarLoader$2')}
  0x000002451815d51c: 0841 81fa | 3024 2100 | 0f85 6e48 | 0000 4c8b | 9424 8800 | 0000 4c89 | 9424 9000 

  0x000002451815d538: ;   {oop(a 'java/lang/Class'{0x000000008044d0b8} = 'jdk/internal/access/SharedSecrets')}
  0x000002451815d538: 0000 49ba | b8d0 4480 | 0000 0000 | 458b 8ad4 | 0000 0045 | 8b51 084c | 8b9c 2490 | 0000 0045 
  0x000002451815d558: 8b5b 2045 

  0x000002451815d55c: ;   {metadata('java/util/jar/JavaUtilJarAccessImpl')}
  0x000002451815d55c: 8b5b 1841 | 81fa a05b | 3100 0f85 | a448 0000 | 4585 db0f | 849f 4600 | 004d 8bc3 | 488d 9c24 
  0x000002451815d57c: 3801 0000 | 498b 00a8 | 020f 8523 | 0000 0048 | 83c8 0148 | 8903 f049 | 0fb1 180f | 8437 0000 
  0x000002451815d59c: 0048 2bc4 | 4825 07f0 | ffff 4889 | 03e9 2400 | 0000 4c8b | d048 33c0 | f04d 0fb1 | 7a3e 48c7 
  0x000002451815d5bc: 0303 0000 | 0074 114c | 3bf8 7515 | 49ff 8286 | 0000 0048 | 33c0 7509 | 49ff 8750 | 0500 0033 
  0x000002451815d5dc: c00f 85c1 | 4800 0041 | 8b6b 3085 | ed0f 859d | 5600 0045 | 0fb6 4b12 | 4585 c90f | 8582 2300 
  0x000002451815d5fc: 0048 8d84 | 2438 0100 | 0048 8338 | 000f 8479 | 0000 004d | 8b10 41f6 | c202 0f84 | 6200 0000 
  0x000002451815d61c: 4983 ba86 | 0000 0000 | 7409 49ff | 8a86 0000 | 00eb 4b49 | 8b82 9600 | 0000 490b | 828e 0000 
  0x000002451815d63c: 0075 0a49 | c742 3e00 | 0000 00eb | 3d49 83ba | 9e00 0000 | 0074 2248 | 33c0 49c7 | 423e 0000 
  0x000002451815d65c: ;   {no_reloc}
  0x000002451815d65c: 0000 f083 | 0424 0049 | 83ba 9e00 | 0000 0075 | 0df0 4d0f | b17a 3e75 | 0583 c801 | eb0c a800 
  0x000002451815d67c: eb08 4c8b | 10f0 4d0f | b110 750a | 49ff 8f50 | 0500 0045 | 33d2 0f85 | b348 0000 | 4c8b 9424 
  0x000002451815d69c: 9000 0000 | 458b 5220 

  0x000002451815d6a4: ; implicit exception: dispatches to 0x00000245181651a0
  0x000002451815d6a4: 418b 6a18 

  0x000002451815d6a8: ; implicit exception: dispatches to 0x0000024518165224
  0x000002451815d6a8: 448b 5d08 

  0x000002451815d6ac: ;   {metadata('java/util/jar/JarFile')}
  0x000002451815d6ac: 4181 fb08 | 1419 000f | 85bd 4800 | 004c 8bc5 | 418b 5828 | 85db 0f84 | 7411 0000 | 8b6b 0c41 
  0x000002451815d6cc: 807f 4000 | 0f85 4225 | 0000 448b | 5508 4c8b 

  0x000002451815d6dc: ;   {oop(a 'java/lang/Class'{0x00000000806e8da8} = 'java/lang/ref/SoftReference')}
  0x000002451815d6dc: 5b20 49b9 | a88d 6e80 | 0000 0000 | 4d8b 4970 | 4d3b d90f | 8581 2200 

  0x000002451815d6f4: ;   {metadata('java/util/jar/Manifest')}
  0x000002451815d6f4: 0041 81fa | a0e1 0400 | 0f85 7e77 | 0000 4c8b | ed4c 8b94 | 24e0 0000 | 0045 8b52 | 3845 85d2 
  0x000002451815d714: 0f84 7e45 | 0000 4c8b | 8c24 f800 | 0000 418b | 410c 85c0 | 0f84 030c | 0000 458b | 4228 4585 
  0x000002451815d734: c074 3545 | 8b58 0c45 | 85db 0f86 | 8c53 0000 | 448b d041 | c1ea 1044 | 33d0 41ff | cb41 81e2 
  0x000002451815d754: ffff ff7f | 4523 da4d | 63db 478b | 5c98 1045 | 85db 0f85 | 4f03 0000 

  0x000002451815d76c: ;   {metadata('java/lang/IllegalArgumentException')}
  0x000002451815d76c: 48bd c09a | 0625 4502 | 0000 4d85 | ed0f 844b | 2500 004c | 896c 2438 | 4c89 4c24 | 6848 8974 
  0x000002451815d78c: 2430 488b | 9424 e000 | 0000 4d8b | c14d 8bcd | 488b fe4c | 8bd2 4c89 | 5424 784c | 8b94 24d8 
  0x000002451815d7ac: 0000 004c | 8994 2498 | 0000 004c | 8994 24a0 | 0000 004c | 8bd2 4c89 | 9424 a800 | 0000 6690 
  0x000002451815d7cc: ;   {optimized virtual_call}
  0x000002451815d7cc: c5f8 77e8 

  0x000002451815d7d0: ; ImmutableOopMap {[48]=Oop [56]=Oop [80]=Oop [88]=Oop [96]=Oop [104]=Oop [120]=Oop [136]=Oop [144]=Oop [152]=Oop [160]=Oop [168]=Oop [176]=NarrowOop [216]=Oop [224]=Oop }
                      ;*invokevirtual definePackage {reexecute=0 rethrow=0 return_oop=1}
                      ; - java.net.URLClassLoader::defineClass@64
                      ; - java.net.URLClassLoader$1::run@43
                      ; - java.net.URLClassLoader$1::run@1
                      ; - java.security.AccessController::executePrivileged@29
                      ; - java.security.AccessController::doPrivileged@13
                      ; - java.net.URLClassLoader::findClass@13
                      ; - java.lang.ClassLoader::loadClass@69
  0x000002451815d7d0: 4c4a 59f8 

  0x000002451815d7d4: ;   {other}
  0x000002451815d7d4: 0f1f 8400 | c423 0011 | 488b 9424 | 8800 0000 | 4c8b 9424 | d800 0000 | 4c89 5424 | 6866 6690 
  0x000002451815d7f4: ;   {optimized virtual_call}
  0x000002451815d7f4: c5f8 77e8 

  0x000002451815d7f8: ; ImmutableOopMap {[48]=Oop [80]=Oop [88]=Oop [96]=Oop [104]=Oop [136]=Oop [176]=NarrowOop [216]=Oop [224]=Oop }
                      ;*invokevirtual getByteBuffer {reexecute=0 rethrow=0 return_oop=1}
                      ; - java.net.URLClassLoader::defineClass@132
                      ; - java.net.URLClassLoader$1::run@43
                      ; - java.net.URLClassLoader$1::run@1
                      ; - java.security.AccessController::executePrivileged@29
                      ; - java.security.AccessController::doPrivileged@13
                      ; - java.net.URLClassLoader::findClass@13
                      ; - java.lang.ClassLoader::loadClass@69
  0x000002451815d7f8: c4bf 0100 

  0x000002451815d7fc: ;   {other}
  0x000002451815d7fc: 0f1f 8400 | ec23 0012 | 4885 c00f | 8577 5300 | 0048 8b94 | 2488 0000 | 0044 8b52 

  0x000002451815d818: ;   {metadata('jdk/internal/loader/URLClassPath$JarLoader$2')}
  0x000002451815d818: 0841 81fa | 3024 2100 | 0f85 1323 | 0000 4889 | 5424 7090 

  0x000002451815d82c: ;   {optimized virtual_call}
  0x000002451815d82c: c5f8 77e8 

  0x000002451815d830: ; ImmutableOopMap {[48]=Oop [80]=Oop [88]=Oop [96]=Oop [104]=Oop [112]=Oop [136]=Oop [176]=NarrowOop [216]=Oop [224]=Oop }
                      ;*invokevirtual getBytes {reexecute=0 rethrow=0 return_oop=1}
                      ; - java.net.URLClassLoader::defineClass@179
                      ; - java.net.URLClassLoader$1::run@43
                      ; - java.net.URLClassLoader$1::run@1
                      ; - java.security.AccessController::executePrivileged@29
                      ; - java.security.AccessController::doPrivileged@13
                      ; - java.net.URLClassLoader::findClass@13
                      ; - java.lang.ClassLoader::loadClass@69
  0x000002451815d830: 2c8f 0100 

  0x000002451815d834: ;   {other}
  0x000002451815d834: 0f1f 8400 | 2424 0013 | 4889 8424 | 9000 0000 | 4c8b 9424 | 8800 0000 | 458b 5a08 

  0x000002451815d850: ;   {metadata('jdk/internal/loader/URLClassPath$JarLoader$2')}
  0x000002451815d850: 4181 fb30 | 2421 000f | 8510 2300 | 0048 8b94 | 2488 0000 | 004c 8b94 | 24d8 0000 | 004c 8954 
  0x000002451815d870: 2438 4c89 | 5424 6890 

  0x000002451815d878: ;   {optimized virtual_call}
  0x000002451815d878: c5f8 77e8 

  0x000002451815d87c: ; ImmutableOopMap {[48]=Oop [56]=Oop [80]=Oop [88]=Oop [96]=Oop [104]=Oop [136]=Oop [144]=Oop [176]=NarrowOop [216]=Oop [224]=Oop }
                      ;*invokevirtual getCodeSigners {reexecute=0 rethrow=0 return_oop=1}
                      ; - java.net.URLClassLoader::defineClass@185
                      ; - java.net.URLClassLoader$1::run@43
                      ; - java.net.URLClassLoader$1::run@1
                      ; - java.security.AccessController::executePrivileged@29
                      ; - java.security.AccessController::doPrivileged@13
                      ; - java.net.URLClassLoader::findClass@13
                      ; - java.lang.ClassLoader::loadClass@69
  0x000002451815d87c: 6094 0100 

  0x000002451815d880: ;   {other}
  0x000002451815d880: 0f1f 8400 | 7024 0014 | 4889 4424 | 204c 8b94 | 2488 0000 | 0049 8b87 | b801 0000 | 4c8b d849 
  0x000002451815d8a0: 83c3 284d | 3b9f c801 | 0000 0f83 | 5429 0000 | 4d89 9fb8 | 0100 0041 | 0f0d 8bc0 | 0000 0048 
  0x000002451815d8c0: c700 0100 

  0x000002451815d8c4: ;   {metadata('java/security/CodeSource')}
  0x000002451815d8c4: 0000 c740 | 0828 5c00 | 0044 8960 | 0c4c 8960 | 104c 8960 | 184c 8960 | 204c 8994 | 2488 0000 
  0x000002451815d8e4: 0048 8984 | 2498 0000 | 0048 8bd0 | 4c8b 4424 | 304c 8b4c | 2420 4c8b | 9424 d800 | 0000 4c89 
  0x000002451815d904: 5424 304c | 8954 2438 

  0x000002451815d90c: ;   {optimized virtual_call}
  0x000002451815d90c: c5f8 77e8 

  0x000002451815d910: ; ImmutableOopMap {[48]=Oop [56]=Oop [80]=Oop [88]=Oop [96]=Oop [136]=Oop [144]=Oop [152]=Oop [216]=Oop [224]=Oop }
                      ;*invokespecial <init> {reexecute=0 rethrow=0 return_oop=0}
                      ; - java.net.URLClassLoader::defineClass@198
                      ; - java.net.URLClassLoader$1::run@43
                      ; - java.net.URLClassLoader$1::run@1
                      ; - java.security.AccessController::executePrivileged@29
                      ; - java.security.AccessController::doPrivileged@13
                      ; - java.net.URLClassLoader::findClass@13
                      ; - java.lang.ClassLoader::loadClass@69
  0x000002451815d910: 4c9a e4ff 

  0x000002451815d914: ;   {other}
  0x000002451815d914: 0f1f 8400 | 0425 0015 

  0x000002451815d91c: ;   {oop(a 'jdk/internal/perf/PerfCounter'{0x000000008068d590})}
  0x000002451815d91c: 48ba 90d5 | 6880 0000 | 0000 4c8b | 8424 8000 | 0000 6690 

  0x000002451815d930: ;   {optimized virtual_call}
  0x000002451815d930: c5f8 77e8 

  0x000002451815d934: ; ImmutableOopMap {[48]=Oop [80]=Oop [88]=Oop [96]=Oop [136]=Oop [144]=Oop [152]=Oop [216]=Oop [224]=Oop }
                      ;*invokevirtual addElapsedTimeFrom {reexecute=0 rethrow=0 return_oop=0}
                      ; - java.net.URLClassLoader::defineClass@207
                      ; - java.net.URLClassLoader$1::run@43
                      ; - java.net.URLClassLoader$1::run@1
                      ; - java.security.AccessController::executePrivileged@29
                      ; - java.security.AccessController::doPrivileged@13
                      ; - java.net.URLClassLoader::findClass@13
                      ; - java.lang.ClassLoader::loadClass@69
  0x000002451815d934: 880f efff 

  0x000002451815d938: ;   {other}
  0x000002451815d938: 0f1f 8400 | 2825 0016 | 4c8b 8c24 | 9000 0000 

  0x000002451815d948: ; implicit exception: dispatches to 0x0000024518165044
  0x000002451815d948: 418b 710c | 488b 9424 | e000 0000 | 4c8b 4424 | 3033 ff48 | 8b8c 2498 | 0000 004c | 8944 2420 
  0x000002451815d968: ;   {optimized virtual_call}
  0x000002451815d968: c5f8 77e8 

  0x000002451815d96c: ; ImmutableOopMap {[32]=Oop [48]=Oop [80]=Oop [88]=Oop [96]=Oop [136]=Oop [216]=Oop [224]=Oop }
                      ;*invokevirtual defineClass {reexecute=0 rethrow=0 return_oop=1}
                      ; - java.net.URLClassLoader::defineClass@220
                      ; - java.net.URLClassLoader$1::run@43
                      ; - java.net.URLClassLoader$1::run@1
                      ; - java.security.AccessController::executePrivileged@29
                      ; - java.security.AccessController::doPrivileged@13
                      ; - java.net.URLClassLoader::findClass@13
                      ; - java.lang.ClassLoader::loadClass@69
  0x000002451815d96c: d085 e1ff 

  0x000002451815d970: ;   {other}
  0x000002451815d970: 0f1f 8400 | 6025 0017 | 4885 c00f | 84a8 ecff | ff48 8944 | 2420 4c8b | 4424 484c | 2b44 2440 
  0x000002451815d990: ;   {oop(a 'jdk/internal/perf/PerfCounter'{0x000000008068d740})}
  0x000002451815d990: 48ba 40d7 | 6880 0000 | 0000 6690 

  0x000002451815d99c: ;   {optimized virtual_call}
  0x000002451815d99c: c5f8 77e8 

  0x000002451815d9a0: ; ImmutableOopMap {[32]=Oop [80]=Oop [88]=Oop }
                      ;*invokevirtual add {reexecute=0 rethrow=0 return_oop=0}
                      ; - jdk.internal.perf.PerfCounter::addTime@2
                      ; - java.lang.ClassLoader::loadClass@82
  0x000002451815d9a0: bcfd e2ff 

  0x000002451815d9a4: ;   {other}
  0x000002451815d9a4: 0f1f 8400 | 9425 0018 

  0x000002451815d9ac: ;   {oop(a 'jdk/internal/perf/PerfCounter'{0x000000008068d620})}
  0x000002451815d9ac: 48ba 20d6 | 6880 0000 | 0000 4c8b | 4424 4890 

  0x000002451815d9bc: ;   {optimized virtual_call}
  0x000002451815d9bc: c5f8 77e8 

  0x000002451815d9c0: ; ImmutableOopMap {[32]=Oop [80]=Oop [88]=Oop }
                      ;*invokevirtual addElapsedTimeFrom {reexecute=0 rethrow=0 return_oop=0}
                      ; - java.lang.ClassLoader::loadClass@90
  0x000002451815d9c0: fc0e efff 

  0x000002451815d9c4: ;   {other}
  0x000002451815d9c4: 0f1f 8400 | b425 0019 

  0x000002451815d9cc: ;   {oop(a 'jdk/internal/perf/PerfCounter'{0x000000008068d6b0})}
  0x000002451815d9cc: 48ba b0d6 | 6880 0000 | 0000 41b8 | 0100 0000 

  0x000002451815d9dc: ;   {optimized virtual_call}
  0x000002451815d9dc: c5f8 77e8 

  0x000002451815d9e0: ; ImmutableOopMap {[32]=Oop [80]=Oop [88]=Oop }
                      ;*invokevirtual add {reexecute=0 rethrow=0 return_oop=0}
                      ; - jdk.internal.perf.PerfCounter::increment@2
                      ; - java.lang.ClassLoader::loadClass@96
  0x000002451815d9e0: 7cfd e2ff 

  0x000002451815d9e4: ;   {other}
  0x000002451815d9e4: 0f1f 8400 | d425 001a | 488b 5c24 | 2044 8b54 | 242c 4585 | d20f 8505 | 5300 0048 | 8d84 2430 
  0x000002451815da04: 0100 004c | 8b5c 2458 | 4883 3800 | 0f84 7900 | 0000 4d8b | 1341 f6c2 | 020f 8462 | 0000 0049 
  0x000002451815da24: 83ba 8600 | 0000 0074 | 0949 ff8a | 8600 0000 | eb4b 498b | 8296 0000 | 0049 0b82 | 8e00 0000 
  0x000002451815da44: 750a 49c7 | 423e 0000 | 0000 eb3d | 4983 ba9e | 0000 0000 | 7422 4833 | c049 c742 | 3e00 0000 
  0x000002451815da64: 00f0 8304 | 2400 4983 | ba9e 0000 | 0000 750d | f04d 0fb1 | 7a3e 7505 | 83c8 01eb | 0ca8 00eb 
  0x000002451815da84: 084c 8b10 | f04d 0fb1 | 1375 0a49 | ff8f 5005 | 0000 4533 | d20f 8555 | 4500 0048 | 8bc3 c5f8 
  0x000002451815daa4: 7748 81c4 | 5001 0000 

  0x000002451815daac: ;   {poll_return}
  0x000002451815daac: 5d49 3ba7 | 5004 0000 | 0f87 ad8b | 0000 c341 | 8b6b 0c41 | 3bea 0f84 | 2701 0000 | 85ed 0f8c 
  0x000002451815dacc: 0c60 0000 | 458b 4318 | 4585 c00f | 848f fcff | ff49 8bc8 | 448b 410c | 4d8b b758 | 0400 004c 
  0x000002451815daec: 8b9c 24e0 | 0000 0048 | 8b9c 24d8 

  0x000002451815daf8: ; ImmutableOopMap {r11=Oop r9=Oop rcx=Oop rbx=Oop rsi=Oop r13=Oop [80]=Oop [88]=Oop [96]=Oop [136]=Oop [144]=Oop [176]=NarrowOop [216]=Oop [224]=Oop }
                      ;*if_icmpne {reexecute=1 rethrow=0 return_oop=0}
                      ; - (reexecute) java.util.concurrent.ConcurrentHashMap::get@127
                      ; - java.lang.ClassLoader::getDefinedPackage@13
                      ; - java.net.URLClassLoader::getAndVerifyPackage@2
                      ; - java.net.URLClassLoader::defineClass@46
                      ; - java.net.URLClassLoader$1::run@43
                      ; - java.net.URLClassLoader$1::run@1
                      ; - java.security.AccessController::executePrivileged@29
                      ; - java.security.AccessController::doPrivileged@13
                      ; - java.net.URLClassLoader::findClass@13
                      ; - java.lang.ClassLoader::loadClass@69
                      ;   {poll}
  0x000002451815daf8: 0000 0041 | 8506 453b | c274 1244 | 8b41 1845 | 85c0 0f84 | 5cfc ffff | 498b c8eb | cb8b 6910 
  0x000002451815db18: 4c8b dd4d | 3bd9 0f84 | b200 0000 | 85ed 0f84 | d065 0000 | 4889 8c24 | e800 0000 | 4489 9424 
  0x000002451815db38: ac00 0000 | 4c89 ac24 | a000 0000 | 4c8b 9424 | 9000 0000 | 4c89 5424 | 704c 898c | 2498 0000 
  0x000002451815db58: 0048 8974 | 2430 448b | 9424 b000 | 0000 4489 | 9424 a800 | 0000 4c8b | c549 8bd1 | 488b ac24 
  0x000002451815db78: e000 0000 | 4889 9c24 | b000 0000 

  0x000002451815db84: ;   {optimized virtual_call}
  0x000002451815db84: c5f8 77e8 

  0x000002451815db88: ; ImmutableOopMap {rbp=Oop [48]=Oop [80]=Oop [88]=Oop [96]=Oop [112]=Oop [136]=Oop [152]=Oop [160]=Oop [168]=NarrowOop [176]=Oop [216]=Oop [224]=Oop [232]=Oop }
                      ;*invokevirtual equals {reexecute=0 rethrow=0 return_oop=0}
                      ; - java.util.concurrent.ConcurrentHashMap::get@149
                      ; - java.lang.ClassLoader::getDefinedPackage@13
                      ; - java.net.URLClassLoader::getAndVerifyPackage@2
                      ; - java.net.URLClassLoader::defineClass@46
                      ; - java.net.URLClassLoader$1::run@43
                      ; - java.net.URLClassLoader$1::run@1
                      ; - java.security.AccessController::executePrivileged@29
                      ; - java.security.AccessController::doPrivileged@13
                      ; - java.net.URLClassLoader::findClass@13
                      ; - java.lang.ClassLoader::loadClass@69
  0x000002451815db88: b4df d4ff 

  0x000002451815db8c: ;   {other}
  0x000002451815db8c: 0f1f 8400 | 7c27 001c | 85c0 0f84 | 0466 0000 | 448b 9c24 | a800 0000 | 4489 9c24 | b000 0000 
  0x000002451815dbac: 4c8b 8c24 | 9800 0000 | 4c8b 5c24 | 704c 899c | 2490 0000 | 004c 8bac | 24a0 0000 | 0048 8b8c 
  0x000002451815dbcc: 24e8 0000 | 0048 8b74 | 2430 8b69 | 1485 ed0f | 848b fbff | ff45 0fb6 | 5111 418b | 410c e93b 
  0x000002451815dbec: 0100 0041 | 8b6b 104c | 8bc5 4d3b | c10f 8416 | 0100 008b | 4d08 488b | dd4c 3bcb | 0f84 0701 
  0x000002451815dc0c: ;   {metadata('java/lang/String')}
  0x000002451815dc0c: 0000 81f9 | 78e8 0000 | 0f85 2671 | 0000 450f | be41 100f | be6b 1044 | 3bc5 0f85 | 545d 0000 
  0x000002451815dc2c: 488b d644 | 8b43 1441 | 8b79 1441 | 8b58 0c8b | 4f0c 3bcb | 0f85 8afe | ffff 498b | d849 8d70 
  0x000002451815dc4c: 104c 8bc7 | 488d 7f10 | 85c9 0f84 | 9d00 0000 | 8bc1 83e0 | 1f83 e1e0 | 0f84 4b00 | 0000 488d 
  0x000002451815dc6c: 3c0f 488d | 340e 48f7 | d9c5 fe6f | 0c0f c5fe | 6f04 0ec5 | f5ef c8c4 | e27d 17c9 | 0f85 7200 
  0x000002451815dc8c: 0000 4883 | c120 75e1 | 85c0 0f84 | 5d00 0000 | c5fe 6f4c | 07e0 c5fe | 6f44 06e0 | c5f5 efc8 
  0x000002451815dcac: c4e2 7d17 | c975 4deb | 448b c883 | e1fc 7419 | 488d 3c0f | 488d 340e | 48f7 d98b | 1c0f 3b1c 
  0x000002451815dccc: 0e75 3148 | 83c1 0475 | f2a8 0274 | 120f b71f | 0fb7 0e3b | d975 1d48 | 8d7f 0248 | 8d76 02a8 
  0x000002451815dcec: 0174 0a0f | b61f 0fb6 | 0e3b d975 | 07b8 0100 | 0000 eb02 | 33c0 c5f5 | efc9 c5fd | efc0 85c0 
  0x000002451815dd0c: ;   {no_reloc}
  0x000002451815dd0c: 0f84 2722 | 0000 488b | f241 8b6b | 1485 ed0f | 844b faff | ff41 8b41 | 0c45 0fb6 | 5111 448b 
  0x000002451815dd2c: ;   {metadata('java/lang/Package')}
  0x000002451815dd2c: 4508 4181 | f8e8 bd01 | 000f 8501 | 6d00 0041 | 8b79 1444 | 8b5f 0c4c | 8bc5 418b | 4810 4585 
  0x000002451815dd4c: db0f 86f1 | 4600 004c | 8b9c 24e0 | 0000 0045 | 8b43 3845 | 85c0 0f84 | 7445 0000 | 85c0 0f84 
  0x000002451815dd6c: a006 0000 | 418b 5828 | 85db 0f84 | d802 0000 | 448b 5b0c | 4585 db0f | 86af 5500 | 0044 8bd0 
  0x000002451815dd8c: 41c1 ea10 | 4433 d041 | ffcb 4181 | e2ff ffff | 7f45 23da | 4d63 db46 | 8b44 9b10 | 4585 c00f 
  0x000002451815ddac: 84a3 0200 | 0041 8b68 | 0c41 3bea | 0f85 6d01 | 0000 418b | 6810 4c8b | dd4d 3bd9 | 0f84 3801 
  0x000002451815ddcc: 0000 448b | 5d08 488b | dd4c 3bcb | 0f84 2801 

  0x000002451815dddc: ;   {metadata('java/lang/String')}
  0x000002451815dddc: 0000 4181 | fb78 e800 | 000f 85ad | 6e00 0041 | 0fbe 7910 | 0fbe 6b10 | 3bfd 0f85 | 285e 0000 
  0x000002451815ddfc: c4c1 796e | e0c4 c179 | 6ed2 c5f9 | 6ec9 c4c1 | f96e c548 | 8bee 448b | 5314 418b | 5914 418b 
  0x000002451815de1c: 7a0c 8b4b | 0c3b cf0f | 85d8 2000 | 0049 8bfa | 498d 7210 | 4c8b d348 | 8d7b 1085 | c90f 849d 
  0x000002451815de3c: 0000 008b | c183 e01f | 83e1 e00f | 844b 0000 | 0048 8d3c | 0f48 8d34 | 0e48 f7d9 | c5fe 6f2c 
  0x000002451815de5c: 0fc5 fe6f | 1c0e c5d5 | efeb c4e2 | 7d17 ed0f | 8572 0000 | 0048 83c1 | 2075 e185 | c00f 845d 
  0x000002451815de7c: 0000 00c5 | fe6f 6c07 | e0c5 fe6f | 5c06 e0c5 | d5ef ebc4 | e27d 17ed | 754d eb44 | 8bc8 83e1 
  0x000002451815de9c: fc74 1948 | 8d3c 0f48 | 8d34 0e48 | f7d9 8b1c | 0f3b 1c0e | 7531 4883 | c104 75f2 | a802 7412 
  0x000002451815debc: 0fb7 1f0f | b70e 3bd9 | 751d 488d | 7f02 488d | 7602 a801 | 740a 0fb6 | 1f0f b60e | 3bd9 7507 
  0x000002451815dedc: ;   {no_reloc}
  0x000002451815dedc: b801 0000 | 00eb 0233 | c0c5 d5ef | edc5 e5ef | db85 c00f | 84f4 2200 | 00c4 c1f9 | 7ec5 c5f9 
  0x000002451815defc: 7ec9 c4c1 | 797e e048 | 8bf5 418b | 6814 85ed | 0f84 4201 | 0000 448b 

  0x000002451815df14: ;   {metadata('java/lang/Package')}
  0x000002451815df14: 5d08 4181 | fbe8 bd01 | 000f 85c1 | 6e00 004c | 8bdd e9ff | 0100 0085 | ed0f 8ca5 | 5d00 0045 
  0x000002451815df34: 8b58 1845 | 85db 0f84 | 1401 0000 | 498b db44 | 8b43 0c4d | 8bb7 5804 | 0000 4c8b | 9c24 e000 
  0x000002451815df54: 0000 488b | bc24 d800 

  0x000002451815df5c: ; ImmutableOopMap {r11=Oop r9=Oop rcx=NarrowOop rbx=Oop rdi=Oop rsi=Oop r13=Oop [80]=Oop [88]=Oop [96]=Oop [136]=Oop [144]=Oop [176]=NarrowOop [216]=Oop [224]=Oop }
                      ;*if_icmpne {reexecute=1 rethrow=0 return_oop=0}
                      ; - (reexecute) java.util.concurrent.ConcurrentHashMap::get@127
                      ; - java.lang.ClassLoader::definePackage@47
                      ; - java.lang.ClassLoader::getDefinedPackage@32
                      ; - java.net.URLClassLoader::getAndVerifyPackage@2
                      ; - java.net.URLClassLoader::defineClass@46
                      ; - java.net.URLClassLoader$1::run@43
                      ; - java.net.URLClassLoader$1::run@1
                      ; - java.security.AccessController::executePrivileged@29
                      ; - java.security.AccessController::doPrivileged@13
                      ; - java.net.URLClassLoader::findClass@13
                      ; - java.lang.ClassLoader::loadClass@69
                      ;   {poll}
  0x000002451815df5c: 0000 4185 | 0645 3bc2 | 7412 448b | 5b18 4585 | db0f 84e1 | 0000 0049 | 8bdb ebcb | 8b6b 104c 
  0x000002451815df7c: 8bdd 4d3b | d90f 84c2 | 0000 0085 | ed0f 8479 | 6300 0048 | 899c 24f0 | 0000 0044 | 8994 24e8 
  0x000002451815df9c: 0000 0089 | 8c24 ac00 | 0000 4c89 | ac24 a000 | 0000 4c8b | 9424 9000 | 0000 4c89 | 5424 704c 
  0x000002451815dfbc: 898c 2498 | 0000 0048 | 8974 2430 | 448b 9424 | b000 0000 | 4489 9424 | a800 0000 | 4c8b c549 
  0x000002451815dfdc: 8bd1 488b | ac24 e000 | 0000 4889 | bc24 b000 | 0000 6690 

  0x000002451815dff0: ;   {optimized virtual_call}
  0x000002451815dff0: c5f8 77e8 

  0x000002451815dff4: ; ImmutableOopMap {rbp=Oop [48]=Oop [80]=Oop [88]=Oop [96]=Oop [112]=Oop [136]=Oop [152]=Oop [160]=Oop [168]=NarrowOop [172]=NarrowOop [176]=Oop [216]=Oop [224]=Oop [240]=Oop }
                      ;*invokevirtual equals {reexecute=0 rethrow=0 return_oop=0}
                      ; - java.util.concurrent.ConcurrentHashMap::get@149
                      ; - java.lang.ClassLoader::definePackage@47
                      ; - java.lang.ClassLoader::getDefinedPackage@32
                      ; - java.net.URLClassLoader::getAndVerifyPackage@2
                      ; - java.net.URLClassLoader::defineClass@46
                      ; - java.net.URLClassLoader$1::run@43
                      ; - java.net.URLClassLoader$1::run@1
                      ; - java.security.AccessController::executePrivileged@29
                      ; - java.security.AccessController::doPrivileged@13
                      ; - java.net.URLClassLoader::findClass@13
                      ; - java.lang.ClassLoader::loadClass@69
  0x000002451815dff4: 48db d4ff 

  0x000002451815dff8: ;   {other}
  0x000002451815dff8: 0f1f 8400 | e82b 001e | 85c0 0f84 | ac63 0000 | 448b 9424 | a800 0000 | 4489 9424 | b000 0000 
  0x000002451815e018: 4c8b 8c24 | 9800 0000 | 4c8b 5c24 | 704c 899c | 2490 0000 | 004c 8bac | 24a0 0000 | 008b 8c24 
  0x000002451815e038: ac00 0000 | 488b 9c24 | f000 0000 | 488b 7424 | 308b 6b14 | 85ed 0f85 | befe ffff | 4c8b 9424 
  0x000002451815e058: e000 0000 | 418b 6a38 | 4d8b 9fb8 | 0100 004d | 8bd3 4983 | c218 4d3b | 97c8 0100 | 000f 8321 
  0x000002451815e078: 3300 004d | 8997 b801 | 0000 410f | 0d8a c000 | 0000 49c7 | 0301 0000 

  0x000002451815e090: ;   {metadata('java/lang/ClassLoader$$Lambda+0x0000024526065bd0')}
  0x000002451815e090: 0041 c743 | 08d0 5b06 | 014d 8963 | 104c 8b94 | 24e0 0000 | 004d 8bc2 | 4589 430c | 4189 4b10 
  0x000002451815e0b0: 85ed 0f84 | e856 0000 | 4c89 ac24 | a000 0000 | 4c89 8c24 | 9800 0000 | 4889 7424 | 3048 8bd5 
  0x000002451815e0d0: 4d8b c14d | 8bcb 4c89 | 5424 384c | 8b94 24d8 | 0000 004c | 8954 2468 | 4c89 4424 | 7848 8b6c 
  0x000002451815e0f0: 2438 6690 

  0x000002451815e0f4: ;   {optimized virtual_call}
  0x000002451815e0f4: c5f8 77e8 

  0x000002451815e0f8: ; ImmutableOopMap {rbp=Oop [48]=Oop [56]=Oop [80]=Oop [88]=Oop [96]=Oop [104]=Oop [120]=Oop [136]=Oop [144]=Oop [152]=Oop [160]=Oop [176]=NarrowOop [216]=Oop [224]=Oop }
                      ;*invokevirtual compute {reexecute=0 rethrow=0 return_oop=1}
                      ; - java.lang.ClassLoader::definePackage@78
                      ; - java.lang.ClassLoader::getDefinedPackage@32
                      ; - java.net.URLClassLoader::getAndVerifyPackage@2
                      ; - java.net.URLClassLoader::defineClass@46
                      ; - java.net.URLClassLoader$1::run@43
                      ; - java.net.URLClassLoader$1::run@1
                      ; - java.security.AccessController::executePrivileged@29
                      ; - java.security.AccessController::doPrivileged@13
                      ; - java.net.URLClassLoader::findClass@13
                      ; - java.lang.ClassLoader::loadClass@69
  0x000002451815e0f8: 8409 7fff 

  0x000002451815e0fc: ;   {other}
  0x000002451815e0fc: 0f1f 8400 | ec2c 001f 

  0x000002451815e104: ; implicit exception: dispatches to 0x0000024518165894
  0x000002451815e104: 448b 5808 

  0x000002451815e108: ;   {metadata('java/lang/Package')}
  0x000002451815e108: 4181 fbe8 | bd01 000f | 85bb 6900 | 004c 8bd8 | 4c8b 4c24 | 784c 8bac | 24a0 0000 | 0048 8b74 
  0x000002451815e128: 2430 458b | 4310 458b | 501c 4585 | d20f 8503 | 4d00 0045 | 8b53 1441 | 8b6a 2485 | ed0f 8561 
  0x000002451815e148: 5300 004d | 85ed 0f84 | ec53 0000 

  0x000002451815e154: ;   {oop(a 'java/lang/Class'{0x000000008044d0b8} = 'jdk/internal/access/SharedSecrets')}
  0x000002451815e154: 49ba b8d0 | 4480 0000 | 0000 458b | 92d4 0000 | 0041 8b6a | 0841 0fbe | 4910 85c9 | 0f85 664d 
  0x000002451815e174: 0000 418b | 4914 448b | 410c 4889 | 7424 304d | 8bf2 4585 | c00f 863c | eaff ff41 | 8d78 ff41 
  0x000002451815e194: 3bf8 0f83 | db41 0000 | 897c 2468 | 4c89 7424 | 3889 8c24 | c000 0000 | 896c 2428 | 4489 9424 
  0x000002451815e1b4: e800 0000 | 4c89 9c24 | a000 0000 | 4c89 ac24 | b800 0000 | 4c89 8c24 | 9800 0000 | 4489 8424 
  0x000002451815e1d4: c400 0000 | 4183 c0fd | 4489 4424 | 6c4c 8bd1 | 4c89 5424 | 7080 7910 | 2e0f 8404 | 1900 0041 
  0x000002451815e1f4: 83f8 010f | 8e2f 1c00 | 00bd 0100 | 0000 448b | 9c24 c400 | 0000 442b | dd41 83c3 | fd44 8b44 
  0x000002451815e214: 246c 4533 | d244 3bc5 | 450f 4cda | 4181 fba0 | 0f00 0041 | baa0 0f00 | 0045 0f47 | da44 03dd 
  0x000002451815e234: eb0d 6666 | 0f1f 8400 | 0000 0000 | 418b e84c | 63cd 448b | 9424 c000 | 0000 470f 

  0x000002451815e250: ;   {no_reloc}
  0x000002451815e250: be44 0a10 | 4183 f82e | 0f84 4be6 | ffff 470f | be54 0a11 | 4183 fa2e | 0f84 34e6 | ffff 448b 
  0x000002451815e270: 9424 c000 | 0000 470f | be44 0a12 | 4183 f82e | 0f84 20e6 | ffff 470f | be54 0a13 | 4183 fa2e 
  0x000002451815e290: 0f84 09e6 | ffff 448d | 4504 453b | c37c a14d | 8b9f 5804 | 0000 83c5 

  0x000002451815e2a8: ; ImmutableOopMap {[48]=Oop [56]=Oop [80]=Oop [88]=Oop [96]=Oop [112]=Oop [136]=Oop [144]=Oop [152]=Oop [160]=Oop [176]=NarrowOop [184]=Oop [192]=NarrowOop [216]=Oop [224]=Oop [232]=NarrowOop }
                      ;*if_icmpne {reexecute=1 rethrow=0 return_oop=0}
                      ; - (reexecute) java.lang.StringLatin1::replace@28
                      ; - java.lang.String::replace@18
                      ; - java.net.URLClassLoader::isSealed@9
                      ; - java.net.URLClassLoader::getAndVerifyPackage@68
                      ; - java.net.URLClassLoader::defineClass@46
                      ; - java.net.URLClassLoader$1::run@43
                      ; - java.net.URLClassLoader$1::run@1
                      ; - java.security.AccessController::executePrivileged@29
                      ; - java.security.AccessController::doPrivileged@13
                      ; - java.net.URLClassLoader::findClass@13
                      ; - java.lang.ClassLoader::loadClass@69
                      ;   {poll}
  0x000002451815e2a8: 0341 8503 | 443b 4424 | 6c0f 8d7b | 1b00 0041 | 8be8 e943 | ffff ff49 | 8b87 b801 | 0000 4c8b 
  0x000002451815e2c8: d049 83c2 | 184d 3b97 | c801 0000 | 0f83 6930 | 0000 4d89 | 97b8 0100 | 0041 0f0d | 8ac0 0000 
  0x000002451815e2e8: 0048 c700 | 0100 0000 

  0x000002451815e2f0: ;   {metadata('java/lang/String')}
  0x000002451815e2f0: c740 0878 | e800 0044 | 8960 0c44 

  0x000002451815e2fc: ;   {oop([B{0x000000008067d758})}
  0x000002451815e2fc: 8960 10c7 | 4014 58d7 

  0x000002451815e304: ;   {oop(".class"{0x000000008067d740})}
  0x000002451815e304: 6780 49ba | 40d7 6780 | 0000 0000 | 458b 5a0c | 4489 580c | 450f b65a | 1144 8858 | 11e9 a3e2 
  0x000002451815e324: ffff 41ba | 2f00 0000 | e995 dfff | ff45 0fb6 | 5911 4585 | db0f 858c | 1b00 0045 | 8b59 1449 
  0x000002451815e344: 8bea 498b | d341 8079 | 1000 0f85 | ae1f 0000 | 4489 5424 | 784c 896c | 2470 4c8b | 9424 9000 
  0x000002451815e364: 0000 4c89 | 5424 6848 | ffb4 24f8 | 0000 0048 | 8f44 2438 | 4889 7424 | 3044 8b9c | 24b0 0000 
  0x000002451815e384: 0044 895c | 2428 4c8b | 9424 e000 | 0000 4c89 | 9424 9000 | 0000 4c8b | 9424 d800 | 0000 4c89 
  0x000002451815e3a4: 9424 a000 | 0000 6690 

  0x000002451815e3ac: ;   {static_call}
  0x000002451815e3ac: c5f8 77e8 

  0x000002451815e3b0: ; ImmutableOopMap {rbp=Oop [40]=NarrowOop [48]=Oop [56]=Oop [80]=Oop [88]=Oop [96]=Oop [104]=Oop [112]=Oop [120]=NarrowOop [136]=Oop [144]=Oop [160]=Oop [216]=Oop [224]=Oop [248]=Oop }
                      ;*invokestatic hashCode {reexecute=0 rethrow=0 return_oop=0}
                      ; - java.lang.String::hashCode@27
                      ; - java.util.concurrent.ConcurrentHashMap::get@1
                      ; - java.lang.ClassLoader::getDefinedPackage@13
                      ; - java.net.URLClassLoader::getAndVerifyPackage@2
                      ; - java.net.URLClassLoader::defineClass@46
                      ; - java.net.URLClassLoader$1::run@43
                      ; - java.net.URLClassLoader$1::run@1
                      ; - java.security.AccessController::executePrivileged@29
                      ; - java.security.AccessController::doPrivileged@13
                      ; - java.net.URLClassLoader::findClass@13
                      ; - java.lang.ClassLoader::loadClass@69
  0x000002451815e3b0: 8cc9 d6ff 

  0x000002451815e3b4: ;   {other}
  0x000002451815e3b4: 0f1f 8400 | a42f 0021 | 85c0 0f84 | 041f 0000 | 4c8b 4c24 | 3841 8941 | 0c44 8b54 | 2428 4489 
  0x000002451815e3d4: 9424 b000 | 0000 4c8b | 5424 684c | 8994 2490 | 0000 004c | 8b6c 2470 | 448b 5424 | 7848 8b74 
  0x000002451815e3f4: 2430 e933 | f3ff ff4c | 8b94 24d8 | 0000 004c | 8994 24f8 | 0000 00e9 | 01f1 ffff | 4585 d20f 
  0x000002451815e414: 8500 1b00 | 0048 8bd7 | 498b e841 | 8079 1000 | 0f85 d921 | 0000 4489 | 4424 7c89 | 4c24 784c 
  0x000002451815e434: 896c 2470 | 4c8b 9424 | 9000 0000 | 4c89 5424 | 684c 894c | 2438 4889 | 7424 3044 | 8b9c 24b0 
  0x000002451815e454: 0000 0044 | 895c 2428 | 4c8b 9424 | e000 0000 | 4c89 9424 | 9000 0000 | 4c8b 9424 | d800 0000 
  0x000002451815e474: 4c89 9424 | a000 0000 

  0x000002451815e47c: ;   {static_call}
  0x000002451815e47c: c5f8 77e8 

  0x000002451815e480: ; ImmutableOopMap {rbp=Oop [40]=NarrowOop [48]=Oop [56]=Oop [80]=Oop [88]=Oop [96]=Oop [104]=Oop [112]=Oop [120]=NarrowOop [124]=NarrowOop [136]=Oop [144]=Oop [160]=Oop [216]=Oop [224]=Oop }
                      ;*invokestatic hashCode {reexecute=0 rethrow=0 return_oop=0}
                      ; - java.lang.String::hashCode@27
                      ; - java.util.concurrent.ConcurrentHashMap::get@1
                      ; - java.lang.ClassLoader::definePackage@47
                      ; - java.lang.ClassLoader::getDefinedPackage@32
                      ; - java.net.URLClassLoader::getAndVerifyPackage@2
                      ; - java.net.URLClassLoader::defineClass@46
                      ; - java.net.URLClassLoader$1::run@43
                      ; - java.net.URLClassLoader$1::run@1
                      ; - java.security.AccessController::executePrivileged@29
                      ; - java.security.AccessController::doPrivileged@13
                      ; - java.net.URLClassLoader::findClass@13
                      ; - java.lang.ClassLoader::loadClass@69
  0x000002451815e480: fc0b 7fff 

  0x000002451815e484: ;   {other}
  0x000002451815e484: 0f1f 8400 | 7430 0022 | 85c0 0f84 | 3121 0000 | 4c8b 4c24 | 3841 8941 | 0c44 8b54 | 2428 4489 
  0x000002451815e4a4: 9424 b000 | 0000 4c8b | 5c24 684c | 899c 2490 | 0000 004c | 8b6c 2470 | 8b4c 2478 | 448b 4424 
  0x000002451815e4c4: 7c48 8b74 | 2430 e9a1 | f8ff ff0f | b678 1185 | ff0f 8545 | 1a00 008b | 7814 498b | e848 8bd7 
  0x000002451815e4e4: 8078 1000 | 0f85 5422 | 0000 4489 | 9424 a400 | 0000 4489 | 8424 a000 | 0000 4889 | 8424 9800 
  0x000002451815e504: 0000 4c89 | 5c24 784c | 896c 2470 | 4c8b 9424 | 9000 0000 | 4c89 5424 | 684c 894c | 2438 448b 
  0x000002451815e524: 9424 b000 | 0000 4489 | 5424 284c | 8b94 24e0 | 0000 004c | 8994 2490 | 0000 004c | 8b94 24d8 
  0x000002451815e544: 0000 004c | 8994 24b0 | 0000 0090 

  0x000002451815e550: ;   {static_call}
  0x000002451815e550: c5f8 77e8 

  0x000002451815e554: ; ImmutableOopMap {rbp=Oop [40]=NarrowOop [48]=Oop [56]=Oop [80]=Oop [88]=Oop [96]=Oop [104]=Oop [112]=Oop [120]=Oop [136]=Oop [144]=Oop [152]=Oop [160]=NarrowOop [176]=Oop [216]=Oop [224]=Oop }
                      ;*invokestatic hashCode {reexecute=0 rethrow=0 return_oop=0}
                      ; - java.lang.String::hashCode@27
                      ; - java.util.HashMap::hash@9
                      ; - java.util.HashMap::getNode@23
                      ; - java.util.HashMap::get@2
                      ; - java.util.jar.Manifest::getAttributes@5
                      ; - java.util.jar.Manifest::getTrustedAttributes@2
                      ; - java.util.jar.JavaUtilJarAccessImpl::getTrustedAttributes@2
                      ; - java.net.URLClassLoader::isSealed@18
                      ; - java.net.URLClassLoader::getAndVerifyPackage@68
                      ; - java.net.URLClassLoader::defineClass@46
                      ; - java.net.URLClassLoader$1::run@43
                      ; - java.net.URLClassLoader$1::run@1
                      ; - java.security.AccessController::executePrivileged@29
                      ; - java.security.AccessController::doPrivileged@13
                      ; - java.net.URLClassLoader::findClass@13
                      ; - java.lang.ClassLoader::loadClass@69
  0x000002451815e554: 280b 7fff 

  0x000002451815e558: ;   {other}
  0x000002451815e558: 0f1f 8400 | 4831 0023 | 85c0 0f84 | 9321 0000 | 488b 9c24 | 9800 0000 | 8943 0c8b | c8c1 e910 
  0x000002451815e578: 33c8 448b | 9424 a400 | 0000 4423 | d144 8b5c | 2428 4489 | 9c24 b000 | 0000 4c8b | 4c24 384c 
  0x000002451815e598: 8b5c 2468 | 4c89 9c24 | 9000 0000 | 4c8b 6c24 | 704c 8b5c | 2478 448b | 8424 a000 | 0000 e972 
  0x000002451815e5b8: e8ff ff41 | b92f 0000 | 00e9 19de | ffff 448b | 5424 2844 | 8994 24b0 | 0000 004c | 8b4c 2438 
  0x000002451815e5d8: 4c8b 5424 | 684c 8994 | 2490 0000 | 004c 8b6c | 2470 4c8b | 5c24 7848 | 8b9c 2498 | 0000 008b 
  0x000002451815e5f8: 8c24 a000 | 0000 448b | 9424 a400 | 0000 458b | 4218 4585 | c00f 8470 | eaff ff41 

  0x000002451815e614: ;   {metadata('java/util/HashMap$TreeNode')}
  0x000002451815e614: 8b7a 0881 | ff20 011a | 000f 845d | 5700 0049 | 8be8 8b7d | 0c3b f90f | 8541 1400 | 0044 8b45 
  0x000002451815e634: 104c 3bc3 | 0f84 c7e8 | ffff 898c | 24a0 0000 | 0048 899c | 2498 0000 | 004c 895c | 2478 4c89 
  0x000002451815e654: 6c24 704c | 8b94 2490 | 0000 004c | 8954 2468 | 4c89 4c24 | 3844 8b94 | 24b0 0000 | 0044 8954 
  0x000002451815e674: 2428 488b | d34c 8b94 | 24d8 0000 | 004c 8994 | 24b0 0000 | 0066 6690 

  0x000002451815e68c: ;   {optimized virtual_call}
  0x000002451815e68c: c5f8 77e8 

  0x000002451815e690: ; ImmutableOopMap {rbp=Oop [40]=NarrowOop [48]=Oop [56]=Oop [80]=Oop [88]=Oop [96]=Oop [104]=Oop [112]=Oop [120]=Oop [136]=Oop [152]=Oop [176]=Oop [216]=Oop [224]=Oop }
                      ;*invokevirtual equals {reexecute=0 rethrow=0 return_oop=0}
                      ; - java.util.HashMap::getNode@128
                      ; - java.util.HashMap::get@2
                      ; - java.util.jar.Manifest::getAttributes@5
                      ; - java.util.jar.Manifest::getTrustedAttributes@2
                      ; - java.util.jar.JavaUtilJarAccessImpl::getTrustedAttributes@2
                      ; - java.net.URLClassLoader::isSealed@18
                      ; - java.net.URLClassLoader::getAndVerifyPackage@68
                      ; - java.net.URLClassLoader::defineClass@46
                      ; - java.net.URLClassLoader$1::run@43
                      ; - java.net.URLClassLoader$1::run@1
                      ; - java.security.AccessController::executePrivileged@29
                      ; - java.security.AccessController::doPrivileged@13
                      ; - java.net.URLClassLoader::findClass@13
                      ; - java.lang.ClassLoader::loadClass@69
  0x000002451815e690: ec03 7fff 

  0x000002451815e694: ;   {other}
  0x000002451815e694: 0f1f 8400 | 8432 0024 | 85c0 0f84 | 9613 0000 | 448b 5c24 | 2844 899c | 24b0 0000 | 004c 8b4c 
  0x000002451815e6b4: 2438 4c8b | 5424 684c | 8994 2490 | 0000 004c | 8b6c 2470 | 4c8b 5c24 | 7848 8b9c | 2498 0000 
  0x000002451815e6d4: 00e9 2be8 | ffff 89ac | 24b0 0000 | 004c 8b4c | 2438 4c8b | 5424 684c | 8994 2490 | 0000 004c 
  0x000002451815e6f4: 8b6c 2470 | 4c8b 5c24 | 7848 8b8c | 2498 0000 | 008b 5c24 | 288b bc24 | a000 0000 | 448b 5718 
  0x000002451815e714: 4585 d20f | 84bf f0ff | ff44 8b47 

  0x000002451815e720: ;   {metadata('java/util/HashMap$TreeNode')}
  0x000002451815e720: 0841 81f8 | 2001 1a00 | 0f84 1a57 | 0000 4d8b | c241 8b78 | 0c3b fb0f | 8593 1300 | 0041 8b78 
  0x000002451815e740: ;   {oop(a 'java/util/jar/Attributes$Name'{0x000000008068c118})}
  0x000002451815e740: 1081 ff18 | c168 800f | 845a eaff | ff4c 8984 | 24a0 0000 | 0089 5c24 | 2848 898c | 2498 0000 
  0x000002451815e760: 004c 895c | 2478 4c89 | 6c24 704c | 8b94 2490 | 0000 004c | 8954 2468 | 4c89 4c24 | 388b ac24 
  0x000002451815e780: b000 0000 

  0x000002451815e784: ;   {oop(a 'java/util/jar/Attributes$Name'{0x000000008068c118})}
  0x000002451815e784: 4c8b c748 | ba18 c168 | 8000 0000 | 004c 8b94 | 24d8 0000 | 004c 8994 | 24b0 0000 | 0066 6690 
  0x000002451815e7a4: ;   {optimized virtual_call}
  0x000002451815e7a4: c5f8 77e8 

  0x000002451815e7a8: ; ImmutableOopMap {rbp=NarrowOop [48]=Oop [56]=Oop [80]=Oop [88]=Oop [96]=Oop [104]=Oop [112]=Oop [120]=Oop [136]=Oop [152]=Oop [160]=Oop [176]=Oop [216]=Oop [224]=Oop }
                      ;*invokevirtual equals {reexecute=0 rethrow=0 return_oop=0}
                      ; - java.util.HashMap::getNode@128
                      ; - java.util.LinkedHashMap::get@2
                      ; - java.util.jar.Attributes::get@5
                      ; - java.util.jar.Attributes::getValue@2
                      ; - java.net.URLClassLoader::isSealed@58
                      ; - java.net.URLClassLoader::getAndVerifyPackage@68
                      ; - java.net.URLClassLoader::defineClass@46
                      ; - java.net.URLClassLoader$1::run@43
                      ; - java.net.URLClassLoader$1::run@1
                      ; - java.security.AccessController::executePrivileged@29
                      ; - java.security.AccessController::doPrivileged@13
                      ; - java.net.URLClassLoader::findClass@13
                      ; - java.lang.ClassLoader::loadClass@69
  0x000002451815e7a8: d402 7fff 

  0x000002451815e7ac: ;   {other}
  0x000002451815e7ac: 0f1f 8400 | 9c33 0025 | 85c0 0f84 | dd12 0000 | 89ac 24b0 | 0000 004c | 8b4c 2438 | 4c8b 5424 
  0x000002451815e7cc: 684c 8994 | 2490 0000 | 004c 8b6c | 2470 4c8b | 5c24 7848 | 8b8c 2498 | 0000 004c | 8b84 24a0 
  0x000002451815e7ec: 0000 00e9 | b3e9 ffff | 4889 4424 | 58e9 1cd6 | ffff 498b | d24c 8b84 | 24d8 0000 | 0048 8b6c 
  0x000002451815e80c: 2440 c5f8 | 7748 b8ff | ffff ffff 

  0x000002451815e818: ;   {virtual_call}
  0x000002451815e818: ffff ffe8 

  0x000002451815e81c: ; ImmutableOopMap {[80]=Oop [88]=Oop }
                      ;*invokevirtual findClass {reexecute=0 rethrow=0 return_oop=1}
                      ; - java.lang.ClassLoader::loadClass@69
  0x000002451815e81c: 6005 7fff 

  0x000002451815e820: ;   {other}
  0x000002451815e820: 0f1f 8400 | 1034 0026 | 4889 4424 | 20e9 54f1 | ffff b92f | 0000 00e9 | c9e1 ffff | 4c89 4424 
  0x000002451815e840: 384c 8b94 | 2490 0000 | 004c 8954 | 2478 4889 | 7424 3044 | 8b94 24b0 | 0000 0044 | 8994 2490 
  0x000002451815e860: 0000 0049 | 8bd0 4c8b | 9424 e000 | 0000 4c89 | 5424 684c | 8b94 24d8 | 0000 004c | 8994 24a0 
  0x000002451815e880: 0000 0048 | 8b6c 2468 

  0x000002451815e888: ;   {optimized virtual_call}
  0x000002451815e888: c5f8 77e8 

  0x000002451815e88c: ; ImmutableOopMap {rbp=Oop [48]=Oop [56]=Oop [80]=Oop [88]=Oop [96]=Oop [104]=Oop [120]=Oop [136]=Oop [144]=NarrowOop [160]=Oop [216]=Oop [224]=Oop [248]=Oop }
                      ;*invokevirtual getManEntry {reexecute=0 rethrow=0 return_oop=1}
                      ; - java.util.jar.JarFile::getManifestFromReference@27
                      ; - java.util.jar.JarFile::getManifest@1
                      ; - jdk.internal.loader.URLClassPath$JarLoader$2::getManifest@22
                      ; - java.net.URLClassLoader::defineClass@34
                      ; - java.net.URLClassLoader$1::run@43
                      ; - java.net.URLClassLoader$1::run@1
                      ; - java.security.AccessController::executePrivileged@29
                      ; - java.security.AccessController::doPrivileged@13
                      ; - java.net.URLClassLoader::findClass@13
                      ; - java.lang.ClassLoader::loadClass@69
  0x000002451815e88c: f001 7fff 

  0x000002451815e890: ;   {other}
  0x000002451815e890: 0f1f 8400 | 8034 0027 | 4885 c00f | 845e 1500 | 004c 8b44 | 2438 450f | b658 1245 | 85db 0f85 
  0x000002451815e8b0: c102 0000 | 498b e849 | 8bd0 4c8b | c04c 8b54 | 2468 4c89 | 5424 384c | 8b94 24a0 | 0000 004c 
  0x000002451815e8d0: 8954 2470 

  0x000002451815e8d4: ;   {optimized virtual_call}
  0x000002451815e8d4: c5f8 77e8 

  0x000002451815e8d8: ; ImmutableOopMap {rbp=Oop [48]=Oop [56]=Oop [80]=Oop [88]=Oop [96]=Oop [112]=Oop [120]=Oop [136]=Oop [144]=NarrowOop [160]=Oop [216]=Oop [224]=Oop [248]=Oop }
                      ;*invokespecial getInputStream {reexecute=0 rethrow=0 return_oop=1}
                      ; - java.util.jar.JarFile::getManifestFromReference@130
                      ; - java.util.jar.JarFile::getManifest@1
                      ; - jdk.internal.loader.URLClassPath$JarLoader$2::getManifest@22
                      ; - java.net.URLClassLoader::defineClass@34
                      ; - java.net.URLClassLoader$1::run@43
                      ; - java.net.URLClassLoader$1::run@1
                      ; - java.security.AccessController::executePrivileged@29
                      ; - java.security.AccessController::doPrivileged@13
                      ; - java.net.URLClassLoader::findClass@13
                      ; - java.lang.ClassLoader::loadClass@69
  0x000002451815e8d8: a401 7fff 

  0x000002451815e8dc: ;   {other}
  0x000002451815e8dc: 0f1f 8400 | cc34 0028 | 4889 4424 | 3849 8b87 | b801 0000 | 4c8b d049 | 83c2 184d | 3b97 c801 
  0x000002451815e8fc: 0000 0f83 | 2c2e 0000 | 4d89 97b8 | 0100 0041 | 0f0d 8ac0 | 0000 0048 | c700 0100 

  0x000002451815e918: ;   {metadata('java/util/jar/Manifest')}
  0x000002451815e918: 0000 c740 | 08a0 e104 | 0044 8960 | 0c4c 8960 | 104c 8bd8 | 4c8b c545 | 8b48 1449 | 8baf b801 
  0x000002451815e938: 0000 4c8b | d549 83c2 | 104d 3b97 | c801 0000 | 0f83 1f2e | 0000 4d89 | 97b8 0100 | 0041 0f0d 
  0x000002451815e958: 8ac0 0000 | 0048 c745 | 0001 0000 

  0x000002451815e964: ;   {metadata('java/util/jar/Attributes')}
  0x000002451815e964: 00c7 4508 | 4088 1600 | 4489 650c | 4c89 8424 | 9800 0000 | 4c89 5c24 | 6844 894c | 2428 ba10 
  0x000002451815e984: 0000 004c | 8b94 24e0 | 0000 004c | 8954 2470 | 4c8b 9424 | d800 0000 | 4c89 9424 | a800 0000 
  0x000002451815e9a4: ;   {static_call}
  0x000002451815e9a4: c5f8 77e8 

  0x000002451815e9a8: ; ImmutableOopMap {rbp=Oop [40]=NarrowOop [48]=Oop [56]=Oop [80]=Oop [88]=Oop [96]=Oop [104]=Oop [112]=Oop [120]=Oop [136]=Oop [144]=NarrowOop [152]=Oop [168]=Oop [216]=Oop [224]=Oop [248]=Oop }
                      ;*invokestatic newLinkedHashMap {reexecute=0 rethrow=0 return_oop=1}
                      ; - java.util.jar.Attributes::<init>@6
                      ; - java.util.jar.Attributes::<init>@3
                      ; - java.util.jar.Manifest::<init>@9
                      ; - java.util.jar.Manifest::<init>@4
                      ; - java.util.jar.JarFile::getManifestFromReference@143
                      ; - java.util.jar.JarFile::getManifest@1
                      ; - jdk.internal.loader.URLClassPath$JarLoader$2::getManifest@22
                      ; - java.net.URLClassLoader::defineClass@34
                      ; - java.net.URLClassLoader$1::run@43
                      ; - java.net.URLClassLoader$1::run@1
                      ; - java.security.AccessController::executePrivileged@29
                      ; - java.security.AccessController::doPrivileged@13
                      ; - java.net.URLClassLoader::findClass@13
                      ; - java.lang.ClassLoader::loadClass@69
  0x000002451815e9a8: d406 7fff 

  0x000002451815e9ac: ;   {other}
  0x000002451815e9ac: 0f1f 8400 | 9c35 0029 | 488b f841 | 807f 4000 | 0f85 e927 | 0000 4c8b | df4d 8bd3 | 4489 550c 
  0x000002451815e9cc: 4d8b d34c | 8bdd 4d33 | d348 8bdd | 49c1 ea14 | 448b 4c24 | 284d 8bc1 | 4c89 4424 | 704d 85d2 
  0x000002451815e9ec: 741f 4885 | ff74 1a49 | c1eb 0948 | b900 0092 | 1f45 0200 | 0049 03cb | 8039 020f | 85e5 2800 
  0x000002451815ea0c: 0041 807f | 4000 0f85 | c627 0000 | 4c8b 4424 | 6841 8958 | 0c4c 8bd5 | 4d8b d84d | 33d3 49c1 
  0x000002451815ea2c: ea14 4d85 | d274 1a49 | c1eb 0948 | b900 0092 | 1f45 0200 | 0049 03cb | 8039 020f | 85ff 2700 
  0x000002451815ea4c: 0049 8b9f | b801 0000 | 4c8b d349 | 83c2 304d | 3b97 c801 | 0000 0f83 | 542d 0000 | 4d89 97b8 
  0x000002451815ea6c: 0100 0041 | 0f0d 8ac0 | 0000 0048 | c703 0100 

  0x000002451815ea7c: ;   {metadata('java/util/HashMap')}
  0x000002451815ea7c: 0000 c743 | 0868 a908 | 0044 8963 | 0c4c 8963 | 104c 8963 | 184c 8963 | 2848 c743 | 2000 0040 
  0x000002451815ea9c: 3f41 807f | 4000 0f85 | c426 0000 | 4d8b d04c | 8bcb 4589 | 4810 4c8b | db4d 33da | 49c1 eb14 
  0x000002451815eabc: 4d85 db74 | 1a49 c1ea | 0948 b900 | 0092 1f45 | 0200 0049 | 03ca 8039 | 020f 85c0 | 2700 0049 
  0x000002451815eadc: 8be8 498b | d04c 8b44 | 2438 4c8b | 4c24 704c | 8b94 24e0 | 0000 004c | 8954 2468 | 4c8b 9424 
  0x000002451815eafc: a800 0000 | 4c89 9424 | a000 0000 

  0x000002451815eb08: ;   {optimized virtual_call}
  0x000002451815eb08: c5f8 77e8 

  0x000002451815eb0c: ; ImmutableOopMap {rbp=Oop [48]=Oop [56]=Oop [80]=Oop [88]=Oop [96]=Oop [104]=Oop [120]=Oop [136]=Oop [144]=NarrowOop [152]=Oop [160]=Oop [216]=Oop [224]=Oop [248]=Oop }
                      ;*invokevirtual read {reexecute=0 rethrow=0 return_oop=0}
                      ; - java.util.jar.Manifest::<init>@29
                      ; - java.util.jar.Manifest::<init>@4
                      ; - java.util.jar.JarFile::getManifestFromReference@143
                      ; - java.util.jar.JarFile::getManifest@1
                      ; - jdk.internal.loader.URLClassPath$JarLoader$2::getManifest@22
                      ; - java.net.URLClassLoader::defineClass@34
                      ; - java.net.URLClassLoader$1::run@43
                      ; - java.net.URLClassLoader$1::run@1
                      ; - java.security.AccessController::executePrivileged@29
                      ; - java.security.AccessController::doPrivileged@13
                      ; - java.net.URLClassLoader::findClass@13
                      ; - java.lang.ClassLoader::loadClass@69
  0x000002451815eb0c: 70ff 7eff 

  0x000002451815eb10: ;   {other}
  0x000002451815eb10: 0f1f 8400 | 0037 002a | 4180 7f40 | 000f 85f3 | 2600 004c | 8bd5 4589 | 6214 4c8b | 4424 3845 
  0x000002451815eb30: ;   {metadata('java/util/zip/ZipFile$ZipFileInflaterInputStream')}
  0x000002451815eb30: 8b48 0841 | 81f9 c0a4 | 3100 0f85 | 2b57 0000 | 498b ea49 | 8bd0 4c8b | 5424 684c | 8954 2438 
  0x000002451815eb50: 4c8b 9424 | a000 0000 | 4c89 5424 | 7066 6690 

  0x000002451815eb60: ;   {optimized virtual_call}
  0x000002451815eb60: c5f8 77e8 

  0x000002451815eb64: ; ImmutableOopMap {rbp=Oop [48]=Oop [56]=Oop [80]=Oop [88]=Oop [96]=Oop [112]=Oop [120]=Oop [136]=Oop [144]=NarrowOop [152]=Oop [216]=Oop [224]=Oop [248]=Oop }
                      ;*invokevirtual close {reexecute=0 rethrow=0 return_oop=0}
                      ; - java.util.jar.JarFile::getManifestFromReference@152
                      ; - java.util.jar.JarFile::getManifest@1
                      ; - jdk.internal.loader.URLClassPath$JarLoader$2::getManifest@22
                      ; - java.net.URLClassLoader::defineClass@34
                      ; - java.net.URLClassLoader$1::run@43
                      ; - java.net.URLClassLoader$1::run@1
                      ; - java.security.AccessController::executePrivileged@29
                      ; - java.security.AccessController::doPrivileged@13
                      ; - java.net.URLClassLoader::findClass@13
                      ; - java.lang.ClassLoader::loadClass@69
  0x000002451815eb64: 18ff 7eff 

  0x000002451815eb68: ;   {other}
  0x000002451815eb68: 0f1f 8400 | 5837 002b | e9b8 0c00 | 0048 8944 | 2438 498b | e849 8bd0 | 4c8b c04c | 8b94 24a0 
  0x000002451815eb88: 0000 004c | 8994 2498 | 0000 0090 

  0x000002451815eb94: ;   {optimized virtual_call}
  0x000002451815eb94: c5f8 77e8 

  0x000002451815eb98: ; ImmutableOopMap {rbp=Oop [48]=Oop [56]=Oop [80]=Oop [88]=Oop [96]=Oop [104]=Oop [120]=Oop [136]=Oop [144]=NarrowOop [152]=Oop [216]=Oop [224]=Oop [248]=Oop }
                      ;*invokevirtual getBytes {reexecute=0 rethrow=0 return_oop=1}
                      ; - java.util.jar.JarFile::getManifestFromReference@44
                      ; - java.util.jar.JarFile::getManifest@1
                      ; - jdk.internal.loader.URLClassPath$JarLoader$2::getManifest@22
                      ; - java.net.URLClassLoader::defineClass@34
                      ; - java.net.URLClassLoader$1::run@43
                      ; - java.net.URLClassLoader$1::run@1
                      ; - java.security.AccessController::executePrivileged@29
                      ; - java.security.AccessController::doPrivileged@13
                      ; - java.net.URLClassLoader::findClass@13
                      ; - java.lang.ClassLoader::loadClass@69
  0x000002451815eb98: e4fe 7eff 

  0x000002451815eb9c: ;   {other}
  0x000002451815eb9c: 0f1f 8400 | 8c37 002c | 4889 8424 | a000 0000 | 4c8b dd41 | 0fb6 6b11 | 85ed 0f85 | 8058 0000 
  0x000002451815ebbc: 4c89 9c24 | a800 0000 | 498b d348 | 8b6c 2468 | 4c8b 9424 | 9800 0000 | 4c89 5424 | 7066 6690 
  0x000002451815ebdc: ;   {optimized virtual_call}
  0x000002451815ebdc: c5f8 77e8 

  0x000002451815ebe0: ; ImmutableOopMap {rbp=Oop [48]=Oop [56]=Oop [80]=Oop [88]=Oop [96]=Oop [112]=Oop [120]=Oop [136]=Oop [144]=NarrowOop [160]=Oop [168]=Oop [216]=Oop [224]=Oop [248]=Oop }
                      ;*invokevirtual getManifestNum {reexecute=0 rethrow=0 return_oop=0}
                      ; - java.util.zip.ZipFile$1::getManifestNum@1
                      ; - java.util.jar.JarFile::getManifestFromReference@59
                      ; - java.util.jar.JarFile::getManifest@1
                      ; - jdk.internal.loader.URLClassPath$JarLoader$2::getManifest@22
                      ; - java.net.URLClassLoader::defineClass@34
                      ; - java.net.URLClassLoader$1::run@43
                      ; - java.net.URLClassLoader$1::run@1
                      ; - java.security.AccessController::executePrivileged@29
                      ; - java.security.AccessController::doPrivileged@13
                      ; - java.net.URLClassLoader::findClass@13
                      ; - java.lang.ClassLoader::loadClass@69
  0x000002451815ebe0: 9cfe 7eff 

  0x000002451815ebe4: ;   {other}
  0x000002451815ebe4: 0f1f 8400 | d437 002d | 83f8 010f | 85c7 5800 | 004d 8b87 | b801 0000 | 4d8b d049 | 83c2 404d 
  0x000002451815ec04: 3b97 c801 | 0000 0f83 | 7428 0000 | 4d89 97b8 | 0100 0041 | 0f0d 8ac0 | 0000 0049 | c700 0100 
  0x000002451815ec24: ;   {metadata('java/util/jar/JarVerifier')}
  0x000002451815ec24: 0000 41c7 | 4008 789e | 1600 4589 | 600c 4d89 | 6010 4d89 | 6018 4d89 | 6020 4d89 | 6028 4d89 
  0x000002451815ec44: 6030 4d89 | 6038 4c8b | 5424 3845 

  0x000002451815ec50: ;   {metadata('java/util/jar/JarFile$JarFileEntry')}
  0x000002451815ec50: 8b4a 0841 | 81f9 d032 | 3100 0f85 | a052 0000 | 41c6 400e | 0145 8b52 | 6045 8950 | 3041 c640 
  0x000002451815ec70: 0d01 498b | d84d 8bda | 4d33 d84c | 8b8c 24a0 | 0000 0049 | 8bc9 894c | 2428 49c1 | eb14 4d85 
  0x000002451815ec90: db74 1f45 | 85d2 741a | 49c1 e809 | 48b9 0000 | 921f 4502 | 0000 4903 | c880 3902 | 0f85 5c23 
  0x000002451815ecb0: 0000 4180 | 7f40 000f | 85fc 1a00 | 004c 8bd3 | 448b 4424 | 2845 8942 | 2c4c 8994 | 24b0 0000 
  0x000002451815ecd0: 004c 8b94 | 24a0 0000 | 004c 8b9c | 24b0 0000 | 004d 33d3 | 49c1 ea14 | 4d85 d274 | 354c 8b94 
  0x000002451815ecf0: 24a0 0000 | 004d 85d2 | 7420 498b | da49 c1eb | 0948 b900 | 0092 1f45 | 0200 0049 | 03cb 8039 
  0x000002451815ed10: 020f 85a6 | 2200 004c | 8bd3 4c89 | 9424 a000 | 0000 498b | afb8 0100 | 004c 8bd5 | 4983 c230 
  0x000002451815ed30: 4d3b 97c8 | 0100 000f | 836b 2700 | 004d 8997 | b801 0000 | 410f 0d8a | c000 0000 | 48c7 4500 
  0x000002451815ed50: ;   {no_reloc}
  0x000002451815ed50: 0100 0000 

  0x000002451815ed54: ;   {metadata('java/util/Hashtable')}
  0x000002451815ed54: c745 08b8 | d300 0044 | 8965 0c4c | 8965 104c | 8965 184c | 8965 204c 

  0x000002451815ed6c: ;   {section_word}
  0x000002451815ed6c: 8965 28c5 | fa10 05a9 | cfff ff4c | 8b94 24e0 | 0000 004c | 8954 2438 

  0x000002451815ed84: ;   {static_call}
  0x000002451815ed84: c5f8 77e8 

  0x000002451815ed88: ; ImmutableOopMap {rbp=Oop [40]=NarrowOop [48]=Oop [56]=Oop [80]=Oop [88]=Oop [96]=Oop [112]=Oop [120]=Oop [136]=Oop [144]=NarrowOop [160]=Oop [168]=Oop [176]=Oop [216]=Oop [224]=Oop [248]=Oop }
                      ;*invokestatic isNaN {reexecute=0 rethrow=0 return_oop=0}
                      ; - java.util.Hashtable::<init>@47
                      ; - java.util.Hashtable::<init>@5
                      ; - java.util.jar.JarVerifier::<init>@39
                      ; - java.util.jar.JarFile::getManifestFromReference@78
                      ; - java.util.jar.JarFile::getManifest@1
                      ; - jdk.internal.loader.URLClassPath$JarLoader$2::getManifest@22
                      ; - java.net.URLClassLoader::defineClass@34
                      ; - java.net.URLClassLoader$1::run@43
                      ; - java.net.URLClassLoader$1::run@1
                      ; - java.security.AccessController::executePrivileged@29
                      ; - java.security.AccessController::doPrivileged@13
                      ; - java.net.URLClassLoader::findClass@13
                      ; - java.lang.ClassLoader::loadClass@69
  0x000002451815ed88: f402 7fff 

  0x000002451815ed8c: ;   {other}
  0x000002451815ed8c: 0f1f 8400 | 7c39 002e | 85c0 0f85 | f851 0000 | c745 1400 | 0040 3f4d | 8b97 b801 | 0000 4d8b 
  0x000002451815edac: da49 83c3 | 404d 3b9f | c801 0000 | 0f83 3e27 | 0000 4d89 | 9fb8 0100 | 0041 0f0d | 8bc0 0000 
  0x000002451815edcc: 0049 c702 | 0100 0000 | 410f 0d8b | 0001 0000 

  0x000002451815eddc: ;   {metadata('java/util/Hashtable$Entry'[])}
  0x000002451815eddc: 41c7 4208 | a87f 1300 | 410f 0d8b | 4001 0000 | 41c7 420c | 0b00 0000 | 410f 0d8b | 8001 0000 
  0x000002451815edfc: 4d89 6210 | 4d89 6218 | 4d89 6220 | 4d89 6228 | 4d89 6230 | 4d89 6238 | 498b da41 | 807f 4000 
  0x000002451815ee1c: 0f85 d019 | 0000 4c8b | d54c 8bdb | 4d33 da4c | 8bc3 4489 | 451c 49c1 | eb14 488b | fd4d 85db 
  0x000002451815ee3c: 741a 49c1 | ea09 48b9 | 0000 921f | 4502 0000 | 4903 ca80 | 3902 0f85 | f81c 0000 | 4180 7f40 
  0x000002451815ee5c: 000f 85c2 | 1900 004c | 8b94 24b0 | 0000 0041 | 897a 14c7 | 4510 0800 | 0000 4c8b | dd4d 33da 
  0x000002451815ee7c: 49c1 eb14 | 4d85 db74 | 1a49 c1ea | 0948 b900 | 0092 1f45 | 0200 0049 | 03ca 8039 | 020f 8502 
  0x000002451815ee9c: 1d00 0049 | 8baf b801 | 0000 4c8b | d549 83c2 | 304d 3b97 | c801 0000 | 0f83 1a26 | 0000 4d89 
  0x000002451815eebc: 97b8 0100 | 0041 0f0d | 8ac0 0000 | 0048 c745 | 0001 0000 

  0x000002451815eed0: ;   {metadata('java/util/Hashtable')}
  0x000002451815eed0: 00c7 4508 | b8d3 0000 | 4489 650c | 4c89 6510 | 4c89 6518 | 4c89 6520 | 4c89 6528 

  0x000002451815eeec: ;   {section_word}
  0x000002451815eeec: c5fa 1005 | 2cce ffff | 4c8b 9424 | e000 0000 | 4c89 5424 | 3866 6690 

  0x000002451815ef04: ;   {static_call}
  0x000002451815ef04: c5f8 77e8 

  0x000002451815ef08: ; ImmutableOopMap {rbp=Oop [40]=NarrowOop [48]=Oop [56]=Oop [80]=Oop [88]=Oop [96]=Oop [112]=Oop [120]=Oop [136]=Oop [144]=NarrowOop [160]=Oop [168]=Oop [176]=Oop [216]=Oop [224]=Oop [248]=Oop }
                      ;*invokestatic isNaN {reexecute=0 rethrow=0 return_oop=0}
                      ; - java.util.Hashtable::<init>@47
                      ; - java.util.Hashtable::<init>@5
                      ; - java.util.jar.JarVerifier::<init>@50
                      ; - java.util.jar.JarFile::getManifestFromReference@78
                      ; - java.util.jar.JarFile::getManifest@1
                      ; - jdk.internal.loader.URLClassPath$JarLoader$2::getManifest@22
                      ; - java.net.URLClassLoader::defineClass@34
                      ; - java.net.URLClassLoader$1::run@43
                      ; - java.net.URLClassLoader$1::run@1
                      ; - java.security.AccessController::executePrivileged@29
                      ; - java.security.AccessController::doPrivileged@13
                      ; - java.net.URLClassLoader::findClass@13
                      ; - java.lang.ClassLoader::loadClass@69
  0x000002451815ef08: 7401 7fff 

  0x000002451815ef0c: ;   {other}
  0x000002451815ef0c: 0f1f 8400 | fc3a 002f | 85c0 0f85 | f050 0000 | c745 1400 | 0040 3f4d | 8b97 b801 | 0000 4d8b 
  0x000002451815ef2c: da49 83c3 | 404d 3b9f | c801 0000 | 0f83 e625 | 0000 4d89 | 9fb8 0100 | 0041 0f0d | 8bc0 0000 
  0x000002451815ef4c: 0049 c702 | 0100 0000 | 410f 0d8b | 0001 0000 

  0x000002451815ef5c: ;   {metadata('java/util/Hashtable$Entry'[])}
  0x000002451815ef5c: 41c7 4208 | a87f 1300 | 410f 0d8b | 4001 0000 | 41c7 420c | 0b00 0000 | 410f 0d8b | 8001 0000 
  0x000002451815ef7c: 4d89 6210 | 4d89 6218 | 4d89 6220 | 4d89 6228 | 4d89 6230 | 4d89 6238 | 498b da41 | 807f 4000 
  0x000002451815ef9c: 0f85 be18 | 0000 4c8b | d54c 8bdb | 4d33 da4c | 8bcb 4489 | 4d1c 49c1 | eb14 488b | dd4d 85db 
  0x000002451815efbc: 741a 49c1 | ea09 48b9 | 0000 921f | 4502 0000 | 4903 ca80 | 3902 0f85 | 1a1c 0000 | 4180 7f40 
  0x000002451815efdc: 000f 85b0 | 1800 004c | 8b94 24b0 | 0000 0041 | 895a 10c7 | 4510 0800 | 0000 4c8b | dd4d 33da 
  0x000002451815effc: 49c1 eb14 | 4d85 db74 | 1a49 c1ea | 0948 b900 | 0092 1f45 | 0200 0049 | 03ca 8039 | 020f 8524 
  0x000002451815f01c: 1c00 0049 | 8baf b801 | 0000 4c8b | d549 83c2 | 304d 3b97 | c801 0000 | 0f83 1225 | 0000 4d89 
  0x000002451815f03c: 97b8 0100 | 0041 0f0d | 8ac0 0000 | 0048 c745 | 0001 0000 

  0x000002451815f050: ;   {metadata('java/util/Hashtable')}
  0x000002451815f050: 00c7 4508 | b8d3 0000 | 4489 650c | 4c89 6510 | 4c89 6518 | 4c89 6520 | 4c89 6528 

  0x000002451815f06c: ;   {section_word}
  0x000002451815f06c: c5fa 1005 | accc ffff | 4c8b 9424 | e000 0000 | 4c89 5424 | 3866 6690 

  0x000002451815f084: ;   {static_call}
  0x000002451815f084: c5f8 77e8 

  0x000002451815f088: ; ImmutableOopMap {rbp=Oop [40]=NarrowOop [48]=Oop [56]=Oop [80]=Oop [88]=Oop [96]=Oop [112]=Oop [120]=Oop [136]=Oop [144]=NarrowOop [160]=Oop [168]=Oop [176]=Oop [216]=Oop [224]=Oop [248]=Oop }
                      ;*invokestatic isNaN {reexecute=0 rethrow=0 return_oop=0}
                      ; - java.util.Hashtable::<init>@47
                      ; - java.util.Hashtable::<init>@4
                      ; - java.util.jar.JarVerifier::<init>@63
                      ; - java.util.jar.JarFile::getManifestFromReference@78
                      ; - java.util.jar.JarFile::getManifest@1
                      ; - jdk.internal.loader.URLClassPath$JarLoader$2::getManifest@22
                      ; - java.net.URLClassLoader::defineClass@34
                      ; - java.net.URLClassLoader$1::run@43
                      ; - java.net.URLClassLoader$1::run@1
                      ; - java.security.AccessController::executePrivileged@29
                      ; - java.security.AccessController::doPrivileged@13
                      ; - java.net.URLClassLoader::findClass@13
                      ; - java.lang.ClassLoader::loadClass@69
  0x000002451815f088: f4ff 7eff 

  0x000002451815f08c: ;   {other}
  0x000002451815f08c: 0f1f 8400 | 7c3c 0030 | 85c0 0f85 | e84f 0000 | c745 1400 | 0040 3f4d | 8b97 b801 | 0000 4d8b 
  0x000002451815f0ac: da49 83c3 | 404d 3b9f | c801 0000 | 0f83 ef25 | 0000 4d89 | 9fb8 0100 | 0041 0f0d | 8bc0 0000 
  0x000002451815f0cc: 0049 c702 | 0100 0000 | 410f 0d8b | 0001 0000 

  0x000002451815f0dc: ;   {metadata('java/util/Hashtable$Entry'[])}
  0x000002451815f0dc: 41c7 4208 | a87f 1300 | 410f 0d8b | 4001 0000 | 41c7 420c | 0b00 0000 | 410f 0d8b | 8001 0000 
  0x000002451815f0fc: 4d89 6210 | 4d89 6218 | 4d89 6220 | 4d89 6228 | 4d89 6230 | 4d89 6238 | 498b da41 | 807f 4000 
  0x000002451815f11c: 0f85 2218 | 0000 4c8b | d54c 8b9c | 24b0 0000 | 0044 899c | 2494 0000 | 0048 8bf5 | 4c8b db44 
  0x000002451815f13c: 895d 1c4c | 8bdb 4d33 | da49 c1eb | 144d 85db | 741a 49c1 | ea09 48b9 | 0000 921f | 4502 0000 
  0x000002451815f15c: 4903 ca80 | 3902 0f85 | 111d 0000 | 4180 7f40 | 000f 85b5 | 1800 004c | 8b94 24b0 | 0000 0041 
  0x000002451815f17c: 8972 18c7 | 4510 0800 | 0000 4c8b | dd4d 33da | 49c1 eb14 | 4d85 db74 | 1a49 c1ea | 0948 b900 
  0x000002451815f19c: 0092 1f45 | 0200 0049 | 03ca 8039 | 020f 85d7 | 1b00 004d | 8b97 b801 | 0000 4d8b | da49 83c3 
  0x000002451815f1bc: 184d 3b9f | c801 0000 | 0f83 5a24 | 0000 4d89 | 9fb8 0100 | 0041 0f0d | 8bc0 0000 

  0x000002451815f1d8: ;   {no_reloc}
  0x000002451815f1d8: 0049 c702 | 0100 0000 

  0x000002451815f1e0: ;   {metadata('java/util/ArrayList')}
  0x000002451815f1e0: 41c7 4208 | d089 0b00 | 4589 620c | 4589 6210 

  0x000002451815f1f0: ;   {oop(a 'java/lang/Object'[0] {0x00000000807aa2c0})}
  0x000002451815f1f0: 41c7 4214 | c0a2 7a80 | 498b da41 | 807f 4000 | 0f85 e717 | 0000 4c8b | 9424 b000 | 0000 4c8b 
  0x000002451815f210: db4c 8b84 | 24b0 0000 | 0045 8958 | 1c4c 8bdb | 4d33 da49 | c1eb 144d | 85db 741a | 49c1 ea09 
  0x000002451815f230: 48b9 0000 | 921f 4502 | 0000 4903 | ca80 3902 | 0f85 e21b | 0000 4d8b | 97b8 0100 | 004d 8bda 
  0x000002451815f250: 4983 c318 | 4d3b 9fc8 | 0100 000f | 83eb 2300 | 004d 899f | b801 0000 | 410f 0d8b | c000 0000 
  0x000002451815f270: 49c7 0201 

  0x000002451815f274: ;   {metadata('java/io/ByteArrayOutputStream')}
  0x000002451815f274: 0000 0041 | c742 08a0 | 0022 0045 | 8962 0c4d | 8962 1049 | 8bea 498b | 87b8 0100 | 004c 8bd0 
  0x000002451815f294: 4983 c230 | 4d3b 97c8 | 0100 000f | 83d3 2300 | 004d 8997 | b801 0000 | 410f 0d8a | c000 0000 
  0x000002451815f2b4: 48c7 0001 | 0000 0041 | 0f0d 8a00 

  0x000002451815f2c0: ;   {metadata({type array byte})}
  0x000002451815f2c0: 0100 00c7 | 4008 1823 | 0000 410f | 0d8a 4001 | 0000 c740 | 0c20 0000 | 0041 0f0d | 8a80 0100 
  0x000002451815f2e0: 004c 8960 | 104c 8960 | 184c 8960 | 204c 8960 | 284c 8bd5 | 498b fa4c | 8bd0 4489 | 5510 4c8b 
  0x000002451815f300: d04c 8bdd | 4d33 d349 | c1ea 144d | 85d2 741a | 49c1 eb09 | 48b9 0000 | 921f 4502 | 0000 4903 
  0x000002451815f320: cb80 3902 | 0f85 ad1a | 0000 4180 | 7f40 000f | 857d 1600 | 004c 8b94 | 24b0 0000 | 0041 897a 
  0x000002451815f340: 244c 8bd5 | 4c8b 9c24 | b000 0000 | 4d33 d349 | c1ea 144d | 85d2 741a | 49c1 eb09 | 48b9 0000 
  0x000002451815f360: 921f 4502 | 0000 4903 | cb80 3902 | 0f85 581b | 0000 4d8b | 97b8 0100 | 004d 8bda | 4983 c318 
  0x000002451815f380: 4d3b 9fc8 | 0100 000f | 836c 2200 | 004d 899f | b801 0000 | 410f 0d8b | c000 0000 | 49c7 0201 
  0x000002451815f3a0: ;   {metadata('java/util/ArrayList')}
  0x000002451815f3a0: 0000 0041 | c742 08d0 | 890b 0045 | 8962 0c45 

  0x000002451815f3b0: ;   {oop(a 'java/lang/Object'[0] {0x00000000807aa2c0})}
  0x000002451815f3b0: 8962 1041 | c742 14c0 | a27a 8049 | 8bda 4180 | 7f40 000f | 85ae 1500 | 004c 8b94 | 24b0 0000 
  0x000002451815f3d0: 004c 8bdb | 4c8b 8424 | b000 0000 | 4589 5834 | 4c8b db4d | 33da 49c1 | eb14 4d85 | db74 1a49 
  0x000002451815f3f0: c1ea 0948 | b900 0092 | 1f45 0200 | 0049 03ca | 8039 020f | 852c 1900 | 004d 8b97 | b801 0000 
  0x000002451815f410: 4d8b da49 | 83c3 304d | 3b9f c801 | 0000 0f83 | 8121 0000 | 4d89 9fb8 | 0100 0041 | 0f0d 8bc0 
  0x000002451815f430: 0000 0049 | c702 0100 

  0x000002451815f438: ;   {metadata('java/util/HashMap')}
  0x000002451815f438: 0000 41c7 | 4208 68a9 | 0800 4589 | 620c 4d89 | 6210 4d89 | 6218 4d89 | 6228 49c7 | 4220 0000 
  0x000002451815f458: 403f 498b | da41 807f | 4000 0f85 | a114 0000 | 4c8b 9424 | b000 0000 | 4c8b db4c | 8b84 24b0 
  0x000002451815f478: 0000 0045 | 8958 384c | 8bdb 4d33 | da49 c1eb | 144d 85db | 741a 49c1 | ea09 48b9 | 0000 921f 
  0x000002451815f498: 4502 0000 | 4903 ca80 | 3902 0f85 | 3c18 0000 | 4180 7f40 | 000f 851b | 1400 004c | 8b84 24a8 
  0x000002451815f4b8: 0000 0044 | 8b9c 2494 | 0000 0045 | 8958 304c | 8b94 24b0 | 0000 004d | 8bd8 4d33 | d349 c1ea 
  0x000002451815f4d8: 144d 85d2 | 741a 49c1 | eb09 48b9 | 0000 921f | 4502 0000 | 4903 cb80 | 3902 0f85 | 9c17 0000 
  0x000002451815f4f8: 498b 87b8 | 0100 004c | 8bd0 4983 | c218 4d3b | 97c8 0100 | 000f 8361 | 2000 004d | 8997 b801 
  0x000002451815f518: 0000 410f | 0d8a c000 | 0000 48c7 | 0001 0000 

  0x000002451815f528: ;   {metadata('java/util/jar/Manifest')}
  0x000002451815f528: 00c7 4008 | a0e1 0400 | 4489 600c | 4c89 6010 | 4c89 8424 | 9800 0000 | 4c8b d04c | 8994 24a8 
  0x000002451815f548: 0000 004c | 8b94 2498 | 0000 0045 | 8b52 3044 | 8994 24b0 | 0000 0049 | 8b87 b801 | 0000 4c8b 
  0x000002451815f568: d049 83c2 | 2044 8b84 | 24b0 0000 | 004d 8bd8 | 4c89 5c24 | 384d 3b97 | c801 0000 | 0f83 4620 
  0x000002451815f588: 0000 4d89 | 97b8 0100 | 0041 0f0d | 8ac0 0000 | 0048 c700 | 0100 0000 

  0x000002451815f5a0: ;   {metadata('java/io/ByteArrayInputStream')}
  0x000002451815f5a0: c740 08a0 | 2305 0044 | 8960 0c4c | 8960 104c | 8960 184c | 8bd0 4c89 | 9424 b800 | 0000 448b 
  0x000002451815f5c0: 5c24 2845 | 895a 184c | 8b94 24a0 | 0000 0045 | 8b5a 0c4c | 8b94 24b8 | 0000 0045 | 895a 144c 
  0x000002451815f5e0: 8b94 2498 | 0000 0045 | 8b5a 1444 | 895c 2428 | 498b afb8 | 0100 004c | 8bd5 4983 | c210 4d3b 
  0x000002451815f600: 97c8 0100 | 000f 83cd | 2000 004d | 8997 b801 | 0000 410f | 0d8a c000 | 0000 48c7 | 4500 0100 
  0x000002451815f620: ;   {metadata('java/util/jar/Attributes')}
  0x000002451815f620: 0000 c745 | 0840 8816 | 0044 8965 | 0cba 1000 | 0000 4c8b | 9424 e000 | 0000 4c89 | 5424 684c 
  0x000002451815f640: 8b94 24d8 | 0000 004c | 8994 24a0 | 0000 0090 

  0x000002451815f650: ;   {static_call}
  0x000002451815f650: c5f8 77e8 

  0x000002451815f654: ; ImmutableOopMap {rbp=Oop [40]=NarrowOop [48]=Oop [56]=Oop [80]=Oop [88]=Oop [96]=Oop [104]=Oop [120]=Oop [136]=Oop [144]=NarrowOop [152]=Oop [160]=Oop [168]=Oop [176]=NarrowOop [184]=Oop [216]=Oop [224]=Oop [248]=Oop }
                      ;*invokestatic newLinkedHashMap {reexecute=0 rethrow=0 return_oop=1}
                      ; - java.util.jar.Attributes::<init>@6
                      ; - java.util.jar.Attributes::<init>@3
                      ; - java.util.jar.Manifest::<init>@9
                      ; - java.util.jar.JarFile::getManifestFromReference@121
                      ; - java.util.jar.JarFile::getManifest@1
                      ; - jdk.internal.loader.URLClassPath$JarLoader$2::getManifest@22
                      ; - java.net.URLClassLoader::defineClass@34
                      ; - java.net.URLClassLoader$1::run@43
                      ; - java.net.URLClassLoader$1::run@1
                      ; - java.security.AccessController::executePrivileged@29
                      ; - java.security.AccessController::doPrivileged@13
                      ; - java.net.URLClassLoader::findClass@13
                      ; - java.lang.ClassLoader::loadClass@69
  0x000002451815f654: 28fa 7eff 

  0x000002451815f658: ;   {other}
  0x000002451815f658: 0f1f 8400 | 4842 0031 | 488b d841 | 807f 4000 | 0f85 6e14 | 0000 4c8b | d344 8955 | 0c4c 8bd3 
  0x000002451815f678: 4c8b dd4d | 33d3 448b | 4c24 284d | 8bc1 4c89 | 4424 6849 | c1ea 1448 | 8bfd 4d85 | d274 1f48 
  0x000002451815f698: 85db 741a | 49c1 eb09 | 48b9 0000 | 921f 4502 | 0000 4903 | cb80 3902 | 0f85 a919 | 0000 4180 
  0x000002451815f6b8: 7f40 000f | 85a2 1300 | 004c 8b94 | 24a8 0000 | 0041 897a | 0c4c 8bd5 | 4c8b 9c24 | a800 0000 
  0x000002451815f6d8: 4d33 d349 | c1ea 144d | 85d2 741a | 49c1 eb09 | 48b9 0000 | 921f 4502 | 0000 4903 | cb80 3902 
  0x000002451815f6f8: 0f85 6e18 | 0000 4d8b | 97b8 0100 | 004d 8bda | 4983 c330 | 4d3b 9fc8 | 0100 000f | 83eb 1f00 
  0x000002451815f718: 004d 899f | b801 0000 | 410f 0d8b | c000 0000 | 49c7 0201 

  0x000002451815f72c: ;   {metadata('java/util/HashMap')}
  0x000002451815f72c: 0000 0041 | c742 0868 | a908 0045 | 8962 0c4d | 8962 104d | 8962 184d | 8962 2849 | c742 2000 
  0x000002451815f74c: 0040 3f41 | 807f 4000 | 0f85 4413 | 0000 498b | da4c 8b94 | 24a8 0000 | 004c 8bc3 | 4c8b 9c24 
  0x000002451815f76c: a800 0000 | 4589 4310 | 4c8b db4d | 33da 49c1 | eb14 4d85 | db74 1a49 | c1ea 0948 | b900 0092 
  0x000002451815f78c: 1f45 0200 | 0049 03ca | 8039 020f | 857e 1700 | 0048 8b94 | 24a8 0000 | 004c 8b84 | 24b8 0000 
  0x000002451815f7ac: 004c 8b4c | 2468 488b | ac24 e000 | 0000 4c8b | 9424 a000 | 0000 4c89 | 5424 7090 

  0x000002451815f7c8: ;   {optimized virtual_call}
  0x000002451815f7c8: c5f8 77e8 

  0x000002451815f7cc: ; ImmutableOopMap {rbp=Oop [48]=Oop [56]=Oop [80]=Oop [88]=Oop [96]=Oop [112]=Oop [120]=Oop [136]=Oop [144]=NarrowOop [152]=Oop [168]=Oop [176]=NarrowOop [216]=Oop [224]=Oop [248]=Oop }
                      ;*invokevirtual read {reexecute=0 rethrow=0 return_oop=0}
                      ; - java.util.jar.Manifest::<init>@29
                      ; - java.util.jar.JarFile::getManifestFromReference@121
                      ; - java.util.jar.JarFile::getManifest@1
                      ; - jdk.internal.loader.URLClassPath$JarLoader$2::getManifest@22
                      ; - java.net.URLClassLoader::defineClass@34
                      ; - java.net.URLClassLoader$1::run@43
                      ; - java.net.URLClassLoader$1::run@1
                      ; - java.security.AccessController::executePrivileged@29
                      ; - java.security.AccessController::doPrivileged@13
                      ; - java.net.URLClassLoader::findClass@13
                      ; - java.lang.ClassLoader::loadClass@69
  0x000002451815f7cc: b0f2 7eff 

  0x000002451815f7d0: ;   {other}
  0x000002451815f7d0: 0f1f 8400 | c043 0032 | 4180 7f40 | 000f 852c | 1300 004c | 8b84 24a8 | 0000 0044 | 8b8c 24b0 
  0x000002451815f7f0: 0000 0045 | 8948 144c | 8b54 2438 | 4d8b d84d | 33d3 49c1 | ea14 4d85 | d274 1f45 | 85c9 741a 
  0x000002451815f810: 49c1 eb09 | 48b9 0000 | 921f 4502 | 0000 4903 | cb80 3902 | 0f85 8618 | 0000 498b | e84d 8b87 
  0x000002451815f830: b801 0000 | 4d8b d049 | 83c2 284d | 3b97 c801 | 0000 0f83 | 001c 0000 | 4d89 97b8 | 0100 0041 
  0x000002451815f850: 0f0d 8ac0 | 0000 0049 | c700 0100 

  0x000002451815f85c: ;   {metadata('java/lang/ref/SoftReference')}
  0x000002451815f85c: 0000 41c7 | 4008 90df | 0300 4589 | 600c 4d89 | 6010 4d89 | 6018 4d89 | 6020 4c8b | dd45 8958 
  0x000002451815f87c: 0c41 807f | 4000 0f85 | b10b 0000 

  0x000002451815f888: ;   {oop(a 'java/lang/ref/ReferenceQueue$Null'{0x0000000080707620})}
  0x000002451815f888: 41c7 4010 | 2076 7080 | 4d8b d049 | 8bf8 498b 

  0x000002451815f898: ;   {oop(a 'java/lang/ref/ReferenceQueue$Null'{0x0000000080707620})}
  0x000002451815f898: d849 bb20 | 7670 8000 | 0000 004d | 33da 49c1 | eb14 4d85 | db74 1a49 | c1ea 0948 | b900 0092 
  0x000002451815f8b8: 1f45 0200 | 0049 03ca | 8039 020f | 85a9 0b00 | 00f0 8344 | 24c0 0041 | 807f 4000 | 0f85 1c0b 
  0x000002451815f8d8: 0000 4c8b | 9c24 9800 | 0000 4189 

  0x000002451815f8e4: ;   {oop(a 'java/lang/Class'{0x00000000806e8da8} = 'java/lang/ref/SoftReference')}
  0x000002451815f8e4: 7b28 49ba | a88d 6e80 | 0000 0000 | 4d8b 5270 | 4c8b c34d | 8950 204d | 8bd0 4d33 | d349 c1ea 
  0x000002451815f904: 144d 85d2 | 741b 49c1 | eb09 49b8 | 0000 921f | 4502 0000 | 4d03 c341 | 8038 020f | 859e 0b00 
  0x000002451815f924: 0044 8b9c | 2490 0000 | 0044 899c | 24b0 0000 | 004c 8b5c | 2430 4c8b | 4424 784c | 8984 2490 
  0x000002451815f944: 0000 004c | 8bed 498b | f3e9 b3dd | ffff 458b | d0e9 21d9 | ffff 41b9 | 2f00 0000 | e9a0 d1ff 
  0x000002451815f964: ff33 dbe9 | 43c7 ffff | 33ed 4533 | ede9 3cc8 | ffff 4c89 | 4b20 e976 | ddff ff4c | 8944 2468 
  0x000002451815f984: 4489 9c24 | a000 0000 | 4c8b 9424 | 9000 0000 | 4c89 9424 | 9800 0000 | 4889 7424 | 3044 8b94 
  0x000002451815f9a4: 24b0 0000 | 0044 8994 | 2490 0000 | 0049 8bd0 | 41b8 0100 | 0000 488b | ac24 e000 | 0000 4c8b 
  0x000002451815f9c4: 9424 d800 | 0000 4c89 | 5424 7890 

  0x000002451815f9d0: ;   {optimized virtual_call}
  0x000002451815f9d0: c5f8 77e8 

  0x000002451815f9d4: ; ImmutableOopMap {rbp=Oop [48]=Oop [80]=Oop [88]=Oop [96]=Oop [104]=Oop [120]=Oop [136]=Oop [144]=NarrowOop [152]=Oop [160]=NarrowOop [216]=Oop [224]=Oop [248]=Oop }
                      ;*invokevirtual getManifestName {reexecute=0 rethrow=0 return_oop=1}
                      ; - java.util.zip.ZipFile$1::getManifestName@2
                      ; - java.util.jar.JarFile::maybeInstantiateVerifier@20
                      ; - java.util.jar.JarFile::ensureInitialization@1
                      ; - java.util.jar.JavaUtilJarAccessImpl::ensureInitialization@1
                      ; - jdk.internal.loader.URLClassPath$JarLoader$2::getManifest@10
                      ; - java.net.URLClassLoader::defineClass@34
                      ; - java.net.URLClassLoader$1::run@43
                      ; - java.net.URLClassLoader$1::run@1
                      ; - java.security.AccessController::executePrivileged@29
                      ; - java.security.AccessController::doPrivileged@13
                      ; - java.net.URLClassLoader::findClass@13
                      ; - java.lang.ClassLoader::loadClass@69
  0x000002451815f9d4: a8f0 7eff 

  0x000002451815f9d8: ;   {other}
  0x000002451815f9d8: 0f1f 8400 | c845 0033 | 4885 c00f | 8524 4e00 | 0044 8b9c | 24a0 0000 | 0045 8863 | 1241 8b6b 
  0x000002451815f9f8: 3085 ed0f | 859b 4e00 | 0044 8b9c | 2490 0000 | 0044 899c | 24b0 0000 | 004c 8b9c | 2498 0000 
  0x000002451815fa18: 004c 899c | 2490 0000 | 004c 8b44 | 2468 488b | 7424 30e9 | cddb ffff | 488b 6c24 | 30e9 a4d5 
  0x000002451815fa38: ffff 448b | 5424 2844 | 8994 24b0 | 0000 004c | 8b4c 2438 | 4c8b 5424 | 684c 8994 | 2490 0000 
  0x000002451815fa58: 004c 8b6c | 2470 4c8b | 5c24 7848 | 8b9c 2498 | 0000 008b | 8c24 a000 | 0000 4d8b | b758 0400 
  0x000002451815fa78: 0044 8b45 | 1848 8bbc | 24d8 0000 

  0x000002451815fa84: ; ImmutableOopMap {r11=Oop r8=NarrowOop r9=Oop rbx=Oop rdi=Oop r13=Oop [48]=Oop [80]=Oop [88]=Oop [96]=Oop [136]=Oop [144]=Oop [176]=NarrowOop [216]=Oop [224]=Oop }
                      ;*ifnonnull {reexecute=1 rethrow=0 return_oop=0}
                      ; - (reexecute) java.util.HashMap::getNode@145
                      ; - java.util.HashMap::get@2
                      ; - java.util.jar.Manifest::getAttributes@5
                      ; - java.util.jar.Manifest::getTrustedAttributes@2
                      ; - java.util.jar.JavaUtilJarAccessImpl::getTrustedAttributes@2
                      ; - java.net.URLClassLoader::isSealed@18
                      ; - java.net.URLClassLoader::getAndVerifyPackage@68
                      ; - java.net.URLClassLoader::defineClass@46
                      ; - java.net.URLClassLoader$1::run@43
                      ; - java.net.URLClassLoader$1::run@1
                      ; - java.security.AccessController::executePrivileged@29
                      ; - java.security.AccessController::doPrivileged@13
                      ; - java.net.URLClassLoader::findClass@13
                      ; - java.lang.ClassLoader::loadClass@69
                      ;   {poll}
  0x000002451815fa84: 0041 8506 | 4585 c00f | 84f2 d5ff | ff49 8be8 | e98d ebff | ff89 ac24 | b000 0000 | 4c8b 4c24 
  0x000002451815faa4: 384c 8b54 | 2468 4c89 | 9424 9000 | 0000 4c8b | 6c24 704c | 8b5c 2478 | 488b 8c24 | 9800 0000 
  0x000002451815fac4: 8b5c 2428 | 4c8b 8424 | a000 0000 | 498b af58 | 0400 0045 | 8b50 1848 | 8bbc 24d8 

  0x000002451815fae0: ; ImmutableOopMap {r10=NarrowOop r11=Oop r9=Oop rcx=Oop rdi=Oop r13=Oop [48]=Oop [80]=Oop [88]=Oop [96]=Oop [136]=Oop [144]=Oop [176]=NarrowOop [216]=Oop [224]=Oop }
                      ;*ifnonnull {reexecute=1 rethrow=0 return_oop=0}
                      ; - (reexecute) java.util.HashMap::getNode@145
                      ; - java.util.LinkedHashMap::get@2
                      ; - java.util.jar.Attributes::get@5
                      ; - java.util.jar.Attributes::getValue@2
                      ; - java.net.URLClassLoader::isSealed@58
                      ; - java.net.URLClassLoader::getAndVerifyPackage@68
                      ; - java.net.URLClassLoader::defineClass@46
                      ; - java.net.URLClassLoader$1::run@43
                      ; - java.net.URLClassLoader$1::run@1
                      ; - java.security.AccessController::executePrivileged@29
                      ; - java.security.AccessController::doPrivileged@13
                      ; - java.net.URLClassLoader::findClass@13
                      ; - java.lang.ClassLoader::loadClass@69
                      ;   {poll}
  0x000002451815fae0: 0000 0085 | 4500 4585 | d20f 84ed | dcff ff4d | 8bc2 e93a | ecff ff33 | ede9 abcd | ffff 498b 
  0x000002451815fb00: d0e9 23d0 | ffff 4889 | 5424 58e9 | 0ac3 ffff | 4889 7424 | 30e9 c2dc 

  0x000002451815fb18: ;   {metadata('jdk/internal/loader/URLClassPath$FileLoader$1')}
  0x000002451815fb18: ffff 81fb | d870 3401 | 0f85 9b4e | 0000 418b | 501c 8b5a | 0c89 9c24 | b000 0000 | e968 d7ff 
  0x000002451815fb38: ff4c 8b94 | 24d8 0000 | 004c 8954 | 2470 c5f8 | 7748 b8ff | ffff ffff 

  0x000002451815fb50: ;   {virtual_call}
  0x000002451815fb50: ffff ffe8 

  0x000002451815fb54: ; ImmutableOopMap {[48]=Oop [80]=Oop [88]=Oop [96]=Oop [112]=Oop [136]=Oop [176]=NarrowOop [216]=Oop [224]=Oop }
                      ;*invokevirtual getBytes {reexecute=0 rethrow=0 return_oop=1}
                      ; - java.net.URLClassLoader::defineClass@179
                      ; - java.net.URLClassLoader$1::run@43
                      ; - java.net.URLClassLoader$1::run@1
                      ; - java.security.AccessController::executePrivileged@29
                      ; - java.security.AccessController::doPrivileged@13
                      ; - java.net.URLClassLoader::findClass@13
                      ; - java.lang.ClassLoader::loadClass@69
  0x000002451815fb54: 28f2 7eff 

  0x000002451815fb58: ;   {other}
  0x000002451815fb58: 0f1f 8400 | 4847 0036 | 4889 8424 | 9000 0000 | e9d7 dcff 

  0x000002451815fb6c: ;   {metadata('jdk/internal/loader/URLClassPath$FileLoader$1')}
  0x000002451815fb6c: ff41 81fb | d870 3401 | 0f84 1bdd | ffff bac6 | ffff ff44 | 8b44 242c | 4489 4424 | 204c 8b5c 
  0x000002451815fb8c: 2440 4c89 | 5c24 304c | 8b5c 2448 | 4c89 5c24 | 384c 8b5c | 2458 4c89 | 5c24 404c | 8b9c 24d8 
  0x000002451815fbac: 0000 004c | 895c 2448 | 4c8b 5c24 | 604c 895c | 2450 4c8b | 9c24 8000 | 0000 4c89 | 5c24 7048 
  0x000002451815fbcc: ffb4 2488 | 0000 0048 | 8f44 2478 

  0x000002451815fbd8: ;   {runtime_call UncommonTrapBlob}
  0x000002451815fbd8: c5f8 77e8 

  0x000002451815fbdc: ; ImmutableOopMap {[64]=Oop [72]=Oop [80]=Oop [120]=Oop [144]=Oop [176]=NarrowOop [224]=Oop }
                      ;*invokevirtual getCodeSigners {reexecute=0 rethrow=0 return_oop=0}
                      ; - java.net.URLClassLoader::defineClass@185
                      ; - java.net.URLClassLoader$1::run@43
                      ; - java.net.URLClassLoader$1::run@1
                      ; - java.security.AccessController::executePrivileged@29
                      ; - java.security.AccessController::doPrivileged@13
                      ; - java.net.URLClassLoader::findClass@13
                      ; - java.lang.ClassLoader::loadClass@69
  0x000002451815fbdc: a047 7fff 

  0x000002451815fbe0: ;   {other}
  0x000002451815fbe0: 0f1f 8400 | d047 0037 | be01 0000 | 0045 33ed | 413b f30f | 8d3e c8ff | ff66 6690 | 450f be4c 
  0x000002451815fc00: 3010 4183 | f92e 0f84 | 2d18 0000 | ffc6 413b | f37c e9e9 | 1fc8 ffff | 85ed 0f84 | b6da ffff 
  0x000002451815fc20: 4d8b 5728 | 488b cd4d | 85d2 0f84 | f430 0000 | 4d8b 5f38 | 4b89 4c13 | f849 83c2 | f84d 8957 
  0x000002451815fc40: 28e9 90da | ffff 448b | 5314 4585 | d20f 847f | d8ff ff4d | 8b5f 2849 | 8bca 4d85 | db0f 84a9 
  0x000002451815fc60: 3100 004d | 8b57 384b | 894c 1af8 | 4983 c3f8 | 4d89 5f28 | e959 d8ff | ff4d 8b57 | 484d 8b5f 
  0x000002451815fc80: 58f0 8344 | 24c0 0080 | 3900 0f84 | 75d8 ffff | 4488 214d | 85d2 7520 | 498b d7c5 | f877 49ba 
  0x000002451815fca0: 00a4 0b6d | fa7f 0000 

  0x000002451815fca8: ;   {other}
  0x000002451815fca8: 41ff d20f | 1f84 0000 | 0000 00e9 | 4dd8 ffff | 4b89 4c13 | f849 83c2 | f84d 8957 | 48e9 3bd8 
  0x000002451815fcc8: ffff 4c89 | 4c24 6848 | 8974 2430 | 488b 9424 | e000 0000 | 4d8b c14c | 8b4c 2420 | 488b 7c24 
  0x000002451815fce8: 2048 8b74 | 2420 488b | 4c24 204c | 8b54 2420 | 4c89 1424 | 4c8b 5424 | 204c 8954 | 2408 4c8b 
  0x000002451815fd08: 5424 204c | 8954 2410 | 4c8b 9424 | d800 0000 | 4c89 5424 | 784c 8bd2 | 4c89 9424 | 9800 0000 
  0x000002451815fd28: 4c8b d24c | 8994 24c0 | 0000 0090 

  0x000002451815fd34: ;   {optimized virtual_call}
  0x000002451815fd34: c5f8 77e8 

  0x000002451815fd38: ; ImmutableOopMap {[48]=Oop [80]=Oop [88]=Oop [96]=Oop [104]=Oop [120]=Oop [136]=Oop [144]=Oop [152]=Oop [176]=NarrowOop [192]=Oop [216]=Oop [224]=Oop }
                      ;*invokevirtual definePackage {reexecute=0 rethrow=0 return_oop=1}
                      ; - java.net.URLClassLoader::defineClass@81
                      ; - java.net.URLClassLoader$1::run@43
                      ; - java.net.URLClassLoader$1::run@1
                      ; - java.security.AccessController::executePrivileged@29
                      ; - java.security.AccessController::doPrivileged@13
                      ; - java.net.URLClassLoader::findClass@13
                      ; - java.lang.ClassLoader::loadClass@69
  0x000002451815fd38: 44ed 7eff 

  0x000002451815fd3c: ;   {other}
  0x000002451815fd3c: 0f1f 8400 | 2c49 0038 | e993 daff | ffc4 c1f9 | 6ec3 4889 | 5c24 3848 | 8974 2430 | 4c63 c54d 
  0x000002451815fd5c: 8d58 104d | 8bcb 4983 | e1f8 498b | fd49 03f9 | 49c1 eb03 | 492b cb48 | 33c0 4883 | f908 7f10 
  0x000002451815fd7c: 48ff c978 | 4f48 8904 | cf48 ffc9 | 7df7 eb44 | c5f5 efc9 | e90d 0000 | 00c5 fe7f | 0fc5 fe7f 
  0x000002451815fd9c: 4f20 4883 | c740 4883 | e908 7ded | 4883 c104 | 7c0c c5fe | 7f0f 4883 | c720 4883 | e904 4883 
  0x000002451815fdbc: c104 7e10 | 48ff c9c5 | f9d6 0f48 | 83c7 0848 | ffc9 7df3 | 488b cac4 | e1f9 7ec2 | c5f8 7749 
  0x000002451815fddc: bac0 4493 | 1745 0200 | 0041 ffd2 

  0x000002451815fde8: ;   {other}
  0x000002451815fde8: 0f1f 8400 | 0000 0000 | 488b 5c24 | 3848 8b74 | 2430 e9c8 | d6ff ff45 | 33ed 448b | 9c24 9000 
  0x000002451815fe08: 0000 4489 | 9c24 b000 | 0000 4c8b | 5424 304c | 8b5c 2478 | 4c89 9c24 | 9000 0000 | 498b f2e9 
  0x000002451815fe28: d9d8 ffff | 41b8 0100 | 0000 443b | 8424 c400 | 0000 7d5a | 448b 9c24 | c000 0000 | 470f be54 
  0x000002451815fe48: 0310 4183 | fa2e 0f84 | ec15 0000 | 41ff c044 | 3b84 24c4 | 0000 007c | db4c 8b8c | 2498 0000 
  0x000002451815fe68: 004c 8bac | 24b8 0000 | 004c 8b9c | 24a0 0000 | 0044 8b94 | 24e8 0000 | 008b 6c24 | 288b 8c24 
  0x000002451815fe88: c000 0000 | 4c8b 7424 | 38e9 35cd | ffff 4c8b | 8c24 9800 | 0000 4c8b | ac24 b800 | 0000 4c8b 
  0x000002451815fea8: 9c24 a000 | 0000 448b | 9424 e800 | 0000 8b6c | 2428 8b8c | 24c0 0000 | 004c 8b74 | 2438 e900 
  0x000002451815fec8: cdff ff33 | c0e9 5cd8 | ffff 4489 

  0x000002451815fed4: ;   {metadata('java/lang/Object')}
  0x000002451815fed4: 5c24 4048 | ba90 0e00 | 2545 0200 | 0048 8b6c | 2450 4c89 | 4424 3890 

  0x000002451815feec: ;   {runtime_call _new_instance_Java}
  0x000002451815feec: c5f8 77e8 

  0x000002451815fef0: ; ImmutableOopMap {rbp=Oop [56]=Oop [64]=NarrowOop [80]=Oop [216]=Oop }
                      ;*new {reexecute=0 rethrow=0 return_oop=1}
                      ; - java.lang.ClassLoader::getClassLoadingLock@9
                      ; - java.lang.ClassLoader::loadClass@2
  0x000002451815fef0: 8c76 8bff 

  0x000002451815fef4: ;   {other}
  0x000002451815fef4: 0f1f 8400 | e44a 0039 | e9dd beff | ffc4 c1f9 | 7ec5 c5f9 | 7ec9 c4c1 | 797e d2c4 | c179 7ee0 
  0x000002451815ff14: e91a e0ff | ff33 c0e9 | 50de ffff | 4533 d233 | c9e9 03cf 

  0x000002451815ff28: ;   {oop(""{0x00000000807074d8})}
  0x000002451815ff28: ffff 48bb | d874 7080 | 0000 0000 | e9d0 d5ff | ff48 8bf2 | e98f dbff | ff89 6c24 | 7848 8944 
  0x000002451815ff48: 2470 4489 | 4c24 6c44 | 8954 2468 | 4489 4424 | 2848 897c | 2460 4889 | 4c24 3848 | 895c 2430 
  0x000002451815ff68: 4c89 6c24 | 2048 8b6c 

  0x000002451815ff70: ;   {metadata({type array byte})}
  0x000002451815ff70: 2450 48ba | 1823 0025 | 4502 0000 | 448b 4424 | 784c 8b94 | 24e0 0000 | 004c 8954 | 2450 4c8b 
  0x000002451815ff90: 9424 d800 | 0000 4c89 | 9c24 9000 | 0000 4c89 | 9424 9800 | 0000 6690 

  0x000002451815ffa8: ;   {runtime_call _new_array_Java}
  0x000002451815ffa8: c5f8 77e8 

  0x000002451815ffac: ; ImmutableOopMap {rbp=Oop [48]=Oop [56]=Oop [80]=Oop [88]=Oop [96]=Oop [152]=Oop [216]=Oop [224]=Oop }
                      ;*invokevirtual allocateUninitializedArray0 {reexecute=0 rethrow=0 return_oop=1}
                      ; - jdk.internal.misc.Unsafe::allocateUninitializedArray@51
                      ; - java.lang.StringConcatHelper::newArray@33
                      ; - java.lang.StringConcatHelper::simpleConcat@61
                      ; - java.lang.String::concat@11
                      ; - java.net.URLClassLoader$1::run@13
                      ; - java.net.URLClassLoader$1::run@1
                      ; - java.security.AccessController::executePrivileged@29
                      ; - java.security.AccessController::doPrivileged@13
                      ; - java.net.URLClassLoader::findClass@13
                      ; - java.lang.ClassLoader::loadClass@69
  0x000002451815ffac: d078 8bff 

  0x000002451815ffb0: ;   {other}
  0x000002451815ffb0: 0f1f 8400 | a04b 003a | 4c8b d848 | 896c 2450 | 4c8b 6c24 | 2048 8b5c | 2430 488b | 4c24 3848 
  0x000002451815ffd0: 8b7c 2460 | 448b 4424 | 2844 8b54 | 2468 448b | 4c24 6c48 | 8b44 2470 | 8b6c 2478 | 498b f3e9 
  0x000002451815fff0: 15c5 ffff | 4889 7424 | 3848 895c | 2430 4c89 | 6c24 2048 | 8b6c 2450 

  0x0000024518160008: ;   {metadata('java/lang/String')}
  0x0000024518160008: 48ba 78e8 | 0025 4502 | 0000 4c8b | 9424 e000 | 0000 4c89 | 5424 504c | 8b94 24d8 | 0000 004c 
  0x0000024518160028: 8954 2470 

  0x000002451816002c: ;   {runtime_call _new_instance_Java}
  0x000002451816002c: c5f8 77e8 

  0x0000024518160030: ; ImmutableOopMap {rbp=Oop [48]=Oop [56]=Oop [80]=Oop [88]=Oop [112]=Oop [216]=Oop [224]=Oop }
                      ;*new {reexecute=0 rethrow=0 return_oop=1}
                      ; - java.lang.StringConcatHelper::newString@6
                      ; - java.lang.StringConcatHelper::simpleConcat@90
                      ; - java.lang.String::concat@11
                      ; - java.net.URLClassLoader$1::run@13
                      ; - java.net.URLClassLoader$1::run@1
                      ; - java.security.AccessController::executePrivileged@29
                      ; - java.security.AccessController::doPrivileged@13
                      ; - java.net.URLClassLoader::findClass@13
                      ; - java.lang.ClassLoader::loadClass@69
  0x0000024518160030: 4c75 8bff 

  0x0000024518160034: ;   {other}
  0x0000024518160034: 0f1f 8400 | 244c 003b | 4889 6c24 | 504c 8b6c | 2420 488b | 5c24 3048 | 8b74 2438 | e96d c5ff 
  0x0000024518160054: ff49 8b87 | b801 0000 | 4c8b c049 | 83c0 184d | 3b87 c801 | 0000 0f83 | eb46 0000 | 4d89 87b8 
  0x0000024518160074: 0100 0041 | 0f0d 88c0 | 0000 0048 | c700 0100 

  0x0000024518160084: ;   {metadata('java/lang/String')}
  0x0000024518160084: 0000 c740 | 0878 e800 | 0044 8960 | 0c44 8960 

  0x0000024518160094: ;   {oop([B{0x000000008065d338})}
  0x0000024518160094: 10c7 4014 | 38d3 6580 

  0x000002451816009c: ;   {oop("/"{0x00000000807172d8})}
  0x000002451816009c: 49b8 d872 | 7180 0000 | 0000 418b | 580c 8958 | 0c45 0fb6 | 4011 4488 | 4011 e919 | cdff ff48 
  0x00000245181600bc: 8944 2470 | 8954 2468 | 897c 2464 | 4489 5c24 | 6044 8944 | 2428 4889 | 5c24 384c | 896c 2430 
  0x00000245181600dc: 4c8b 5424 | 504c 8954 

  0x00000245181600e4: ;   {metadata({type array byte})}
  0x00000245181600e4: 2420 48ba | 1823 0025 | 4502 0000 | 458b c34c | 8b94 24e0 | 0000 004c | 8954 2450 | 4c8b 9424 
  0x0000024518160104: d800 0000 | 4c89 9424 | 8800 0000 | 4c89 9424 | 9000 0000 

  0x0000024518160118: ;   {runtime_call _new_array_Java}
  0x0000024518160118: c5f8 77e8 

  0x000002451816011c: ; ImmutableOopMap {[32]=Oop [40]=NarrowOop [56]=Oop [80]=Oop [88]=Oop [112]=Oop [136]=Oop [144]=Oop [216]=Oop [224]=Oop }
                      ;*invokevirtual allocateUninitializedArray0 {reexecute=0 rethrow=0 return_oop=1}
                      ; - jdk.internal.misc.Unsafe::allocateUninitializedArray@51
                      ; - java.lang.StringConcatHelper::newArray@33
                      ; - java.lang.StringLatin1::replace@49
                      ; - java.lang.String::replace@18
                      ; - java.net.URLClassLoader$1::run@8
                      ; - java.net.URLClassLoader$1::run@1
                      ; - java.security.AccessController::executePrivileged@29
                      ; - java.security.AccessController::doPrivileged@13
                      ; - java.net.URLClassLoader::findClass@13
                      ; - java.lang.ClassLoader::loadClass@69
  0x000002451816011c: 6077 8bff 

  0x0000024518160120: ;   {other}
  0x0000024518160120: 0f1f 8400 | 104d 003c | 4c8b d04c | 8b5c 2420 | 4c89 5c24 | 504c 8b6c | 2430 488b | 5c24 3844 
  0x0000024518160140: 8b44 2428 | 448b 5c24 | 608b 7c24 | 648b 5424 | 6848 8b44 | 2470 498b | cae9 c8c0 | ffff 4889 
  0x0000024518160160: 4c24 3848 | 895c 2430 | 4c89 6c24 | 2048 8b6c 

  0x0000024518160170: ;   {metadata('java/lang/String')}
  0x0000024518160170: 2450 48ba | 78e8 0025 | 4502 0000 | 4c8b 9424 | e000 0000 | 4c89 5424 | 504c 8b94 | 24d8 0000 
  0x0000024518160190: 004c 8954 | 2470 4c89 | 5424 7890 

  0x000002451816019c: ;   {runtime_call _new_instance_Java}
  0x000002451816019c: c5f8 77e8 

  0x00000245181601a0: ; ImmutableOopMap {rbp=Oop [48]=Oop [56]=Oop [80]=Oop [88]=Oop [112]=Oop [120]=Oop [216]=Oop [224]=Oop }
                      ;*new {reexecute=0 rethrow=0 return_oop=1}
                      ; - java.lang.StringLatin1::replace@116
                      ; - java.lang.String::replace@18
                      ; - java.net.URLClassLoader$1::run@8
                      ; - java.net.URLClassLoader$1::run@1
                      ; - java.security.AccessController::executePrivileged@29
                      ; - java.security.AccessController::doPrivileged@13
                      ; - java.net.URLClassLoader::findClass@13
                      ; - java.lang.ClassLoader::loadClass@69
  0x00000245181601a0: dc73 8bff 

  0x00000245181601a4: ;   {other}
  0x00000245181601a4: 0f1f 8400 | 944d 003d | 4889 6c24 | 504c 8b6c | 2420 488b | 5c24 3048 | 8b4c 2438 | 488b f8e9 
  0x00000245181601c4: 63c2 ffff 

  0x00000245181601c8: ;   {metadata('java/lang/ClassNotFoundException')}
  0x00000245181601c8: 48ba 8893 | 0625 4502 | 0000 6690 

  0x00000245181601d4: ;   {runtime_call _new_instance_Java}
  0x00000245181601d4: c5f8 77e8 

  0x00000245181601d8: ; ImmutableOopMap {[88]=Oop [216]=Oop [224]=Oop }
                      ;*new {reexecute=0 rethrow=0 return_oop=1}
                      ; - java.net.URLClassLoader::findClass@36
                      ; - java.lang.ClassLoader::loadClass@69
  0x00000245181601d8: a473 8bff 

  0x00000245181601dc: ;   {other}
  0x00000245181601dc: 0f1f 8400 | cc4d 003e | e988 c4ff | ffc4 c1f9 | 7ec5 c5f9 | 7ec9 c4c1 | 797e d2c4 | c179 7ee0 
  0x00000245181601fc: 488b f5e9 | 2fdd ffff | 4c89 9424 | 8800 0000 

  0x000002451816020c: ;   {metadata('java/security/CodeSource')}
  0x000002451816020c: 48ba 285c | 0025 4502 | 0000 8bac | 24b0 0000 | 004c 8b94 | 24d8 0000 | 004c 8954 | 2470 6690 
  0x000002451816022c: ;   {runtime_call _new_instance_Java}
  0x000002451816022c: c5f8 77e8 

  0x0000024518160230: ; ImmutableOopMap {rbp=NarrowOop [32]=Oop [48]=Oop [80]=Oop [88]=Oop [96]=Oop [112]=Oop [136]=Oop [144]=Oop [216]=Oop [224]=Oop }
                      ;*new {reexecute=0 rethrow=0 return_oop=1}
                      ; - java.net.URLClassLoader::defineClass@190
                      ; - java.net.URLClassLoader$1::run@43
                      ; - java.net.URLClassLoader$1::run@1
                      ; - java.security.AccessController::executePrivileged@29
                      ; - java.security.AccessController::doPrivileged@13
                      ; - java.net.URLClassLoader::findClass@13
                      ; - java.lang.ClassLoader::loadClass@69
  0x0000024518160230: 4c73 8bff 

  0x0000024518160234: ;   {other}
  0x0000024518160234: 0f1f 8400 | 244e 003f | e9a4 d6ff | ff48 8974 | 2468 8b8c | 24b0 0000 | 0089 4c24 | 3c44 8954 
  0x0000024518160254: 2438 4889 | 7c24 3044 | 895c 2428 

  0x0000024518160260: ;   {metadata('java/lang/String')}
  0x0000024518160260: 418b e948 | ba78 e800 | 2545 0200 | 004c 8b94 | 24e0 0000 | 004c 8954 | 2470 4c8b | 9424 d800 
  0x0000024518160280: 0000 4c89 | 9424 9000 | 0000 6690 

  0x000002451816028c: ;   {runtime_call _new_instance_Java}
  0x000002451816028c: c5f8 77e8 

  0x0000024518160290: ; ImmutableOopMap {rbp=NarrowOop [48]=Oop [60]=NarrowOop [80]=Oop [88]=Oop [96]=Oop [104]=Oop [112]=Oop [136]=Oop [144]=Oop [216]=Oop [224]=Oop }
                      ;*new {reexecute=0 rethrow=0 return_oop=1}
                      ; - java.lang.StringLatin1::newString@7
                      ; - java.lang.String::substring@41
                      ; - java.net.URLClassLoader::defineClass@28
                      ; - java.net.URLClassLoader$1::run@43
                      ; - java.net.URLClassLoader$1::run@1
                      ; - java.security.AccessController::executePrivileged@29
                      ; - java.security.AccessController::doPrivileged@13
                      ; - java.net.URLClassLoader::findClass@13
                      ; - java.lang.ClassLoader::loadClass@69
  0x0000024518160290: ec72 8bff 

  0x0000024518160294: ;   {other}
  0x0000024518160294: 0f1f 8400 | 844e 0040 | 448b cd44 | 8b5c 2428 | 488b 7c24 | 3044 8b54 | 2438 448b | 4424 3c44 
  0x00000245181602b4: 8984 24b0 | 0000 0048 | 8bd8 488b | 7424 68e9 | 52d0 ffff | 4c8b 4c24 | 3841 c641 | 1101 33c0 
  0x00000245181602d4: 448b 5c24 | 2844 899c | 24b0 0000 | 004c 8b54 | 2468 4c89 | 9424 9000 | 0000 4c8b | 6c24 7044 
  0x00000245181602f4: 8b54 2478 | 488b 7424 | 30e9 2cd4 | ffff 4489 | 5424 784c | 896c 2470 | 4c8b 9424 | 9000 0000 
  0x0000024518160314: 4c89 5424 | 6848 ffb4 | 24f8 0000 | 0048 8f44 | 2438 4889 | 7424 3044 | 8b94 24b0 | 0000 0044 
  0x0000024518160334: 8954 2428 | 4c8b 9424 | e000 0000 | 4c89 9424 | 9000 0000 | 4c8b 9424 | d800 0000 | 4c89 9424 
  0x0000024518160354: a000 0000 

  0x0000024518160358: ;   {static_call}
  0x0000024518160358: c5f8 77e8 

  0x000002451816035c: ; ImmutableOopMap {rbp=Oop [40]=NarrowOop [48]=Oop [56]=Oop [80]=Oop [88]=Oop [96]=Oop [104]=Oop [112]=Oop [120]=NarrowOop [136]=Oop [144]=Oop [160]=Oop [216]=Oop [224]=Oop [248]=Oop }
                      ;*invokestatic hashCode {reexecute=0 rethrow=0 return_oop=0}
                      ; - java.lang.String::hashCode@37
                      ; - java.util.concurrent.ConcurrentHashMap::get@1
                      ; - java.lang.ClassLoader::getDefinedPackage@13
                      ; - java.net.URLClassLoader::getAndVerifyPackage@2
                      ; - java.net.URLClassLoader::defineClass@46
                      ; - java.net.URLClassLoader$1::run@43
                      ; - java.net.URLClassLoader$1::run@1
                      ; - java.security.AccessController::executePrivileged@29
                      ; - java.security.AccessController::doPrivileged@13
                      ; - java.net.URLClassLoader::findClass@13
                      ; - java.lang.ClassLoader::loadClass@69
  0x000002451816035c: 20ed 7eff 

  0x0000024518160360: ;   {other}
  0x0000024518160360: 0f1f 8400 | 504f 0041 | e94f e0ff 

  0x000002451816036c: ;   {metadata({type array byte})}
  0x000002451816036c: ff48 ba18 | 2300 2545 | 0200 0044 | 8bc5 4c8b | 9424 e000 | 0000 4c89 | 5424 7048 | 89b4 2410 
  0x000002451816038c: 0100 0090 

  0x0000024518160390: ;   {runtime_call _new_array_Java}
  0x0000024518160390: c5f8 77e8 

  0x0000024518160394: ; ImmutableOopMap {[48]=Oop [56]=Oop [80]=Oop [88]=Oop [96]=Oop [112]=Oop [136]=Oop [144]=Oop [152]=Oop [160]=Oop [168]=Oop [176]=NarrowOop [184]=Oop [200]=NarrowOop [208]=Oop [216]=Oop [224]=Oop }
                      ;*invokevirtual allocateUninitializedArray0 {reexecute=0 rethrow=0 return_oop=1}
                      ; - jdk.internal.misc.Unsafe::allocateUninitializedArray@51
                      ; - java.lang.StringConcatHelper::newArray@33
                      ; - java.lang.StringConcatHelper::simpleConcat@61
                      ; - java.lang.String::concat@11
                      ; - java.net.URLClassLoader::isSealed@15
                      ; - java.net.URLClassLoader::getAndVerifyPackage@68
                      ; - java.net.URLClassLoader::defineClass@46
                      ; - java.net.URLClassLoader$1::run@43
                      ; - java.net.URLClassLoader$1::run@1
                      ; - java.security.AccessController::executePrivileged@29
                      ; - java.security.AccessController::doPrivileged@13
                      ; - java.net.URLClassLoader::findClass@13
                      ; - java.lang.ClassLoader::loadClass@69
  0x0000024518160394: e874 8bff 

  0x0000024518160398: ;   {other}
  0x0000024518160398: 0f1f 8400 | 884f 0042 | 448b d548 | 8bd8 e945 | c9ff ff48 | 895c 2468 

  0x00000245181603b0: ;   {metadata('java/lang/String')}
  0x00000245181603b0: 48ba 78e8 | 0025 4502 | 0000 488b | 6c24 384c | 8b94 24e0 | 0000 004c | 8954 2438 | 4c8b 9424 
  0x00000245181603d0: d800 0000 | 4c89 5424 | 7866 6690 

  0x00000245181603dc: ;   {runtime_call _new_instance_Java}
  0x00000245181603dc: c5f8 77e8 

  0x00000245181603e0: ; ImmutableOopMap {rbp=Oop [48]=Oop [56]=Oop [80]=Oop [88]=Oop [96]=Oop [104]=Oop [120]=Oop [136]=Oop [144]=Oop [152]=Oop [160]=Oop [168]=Oop [176]=NarrowOop [200]=NarrowOop [216]=Oop [224]=Oop }
                      ;*new {reexecute=0 rethrow=0 return_oop=1}
                      ; - java.lang.StringConcatHelper::newString@6
                      ; - java.lang.StringConcatHelper::simpleConcat@90
                      ; - java.lang.String::concat@11
                      ; - java.net.URLClassLoader::isSealed@15
                      ; - java.net.URLClassLoader::getAndVerifyPackage@68
                      ; - java.net.URLClassLoader::defineClass@46
                      ; - java.net.URLClassLoader$1::run@43
                      ; - java.net.URLClassLoader$1::run@1
                      ; - java.security.AccessController::executePrivileged@29
                      ; - java.security.AccessController::doPrivileged@13
                      ; - java.net.URLClassLoader::findClass@13
                      ; - java.lang.ClassLoader::loadClass@69
  0x00000245181603e0: 9c71 8bff 

  0x00000245181603e4: ;   {other}
  0x00000245181603e4: 0f1f 8400 | d44f 0043 | 488b 5c24 | 68e9 b3c9 | ffff 4c8b | 9c24 9800 | 0000 458b | 5328 4585 
  0x0000024518160404: d20f 84d7 | f4ff ff4d | 8b5f 2849 | 8bca 4d85 | db0f 840d | 3e00 004d | 8b57 384b | 894c 1af8 
  0x0000024518160424: 4983 c3f8 | 4d89 5f28 | 4c8b 9c24 | 9800 0000 | e9a9 f4ff | ff45 8b50 | 1045 85d2 | 0f84 42f4 
  0x0000024518160444: ffff 4d8b | 5f28 498b | ca4d 85db | 0f84 f23d | 0000 498b | d84d 8b57 | 384b 894c | 1af8 4983 
  0x0000024518160464: c3f8 4d89 | 5f28 4c8b | c3e9 16f4 | ffff 4d8b | 5748 4d8b | 5f58 f083 | 4424 c000 | 8039 000f 
  0x0000024518160484: 8440 f4ff | ff44 8821 | 4d85 d275 | 2049 8bd7 | c5f8 7749 | ba00 a40b | 6dfa 7f00 | 0041 ffd2 
  0x00000245181604a4: ;   {other}
  0x00000245181604a4: 0f1f 8400 | 0000 0000 | e918 f4ff | ff4b 894c | 13f8 4983 | c2f8 4d89 | 5748 e906 | f4ff ff4d 
  0x00000245181604c4: 8b57 484d | 8b5f 58f0 | 8344 24c0 | 0041 8038 | 000f 844a | f4ff ff45 | 8820 4d85 | d275 2349 
  0x00000245181604e4: 8bc8 498b | d7c5 f877 | 49ba 00a4 | 0b6d fa7f | 0000 41ff 

  0x00000245181604f8: ;   {other}
  0x00000245181604f8: d20f 1f84 | 0000 0000 | 00e9 1ff4 | ffff 4f89 | 4413 f849 | 83c2 f84d | 8957 48e9 | 0df4 ffff 
  0x0000024518160518: 4c89 8424 | 9800 0000 | 4889 8c24 | 9000 0000 | 4889 5424 | 7848 895c | 2470 4889 | 7424 6844 
  0x0000024518160538: 8b84 24b0 | 0000 0044 | 8944 2438 | 4489 5424 | 2848 897c 

  0x000002451816054c: ;   {metadata({type array byte})}
  0x000002451816054c: 2430 48ba | 1823 0025 | 4502 0000 | 458b c24c | 8b94 24e0 | 0000 004c | 8994 24a0 | 0000 004c 
  0x000002451816056c: 8b94 24d8 | 0000 004c | 8994 24b0 | 0000 0090 

  0x000002451816057c: ;   {runtime_call _new_array_nozero_Java}
  0x000002451816057c: c5f8 77e8 

  0x0000024518160580: ; ImmutableOopMap {[48]=Oop [120]=Derived_oop_[48] [56]=NarrowOop [80]=Oop [88]=Oop [96]=Oop [104]=Oop [112]=Oop [136]=Oop [160]=Oop [176]=Oop [216]=Oop [224]=Oop }
                      ;*newarray {reexecute=0 rethrow=0 return_oop=1}
                      ; - java.util.Arrays::copyOfRangeByte@10
                      ; - java.util.Arrays::copyOfRange@13
                      ; - java.lang.StringLatin1::newString@16
                      ; - java.lang.String::substring@41
                      ; - java.net.URLClassLoader::defineClass@28
                      ; - java.net.URLClassLoader$1::run@43
                      ; - java.net.URLClassLoader$1::run@1
                      ; - java.security.AccessController::executePrivileged@29
                      ; - java.security.AccessController::doPrivileged@13
                      ; - java.net.URLClassLoader::findClass@13
                      ; - java.lang.ClassLoader::loadClass@69
  0x0000024518160580: fc75 8bff 

  0x0000024518160584: ;   {other}
  0x0000024518160584: 0f1f 8400 | 7451 0044 | 448b 5424 | 2844 8b5c | 2438 4489 | 9c24 b000 | 0000 488b | 5c24 7048 
  0x00000245181605a4: 8b54 2478 | 488b 8c24 | 9000 0000 | 4c8b 8424 | 9800 0000 | 4c8b e848 | 8b74 2468 | e9c0 ceff 
  0x00000245181605c4: ff4c 8b4c | 2438 41c6 | 4111 0133 | c044 8b5c | 2428 4489 | 9c24 b000 | 0000 4c8b | 5c24 684c 
  0x00000245181605e4: 899c 2490 | 0000 004c | 8b6c 2470 | 8b4c 2478 | 448b 4424 | 7c48 8b74 | 2430 e96d | d7ff ff44 
  0x0000024518160604: 8944 247c | 894c 2478 | 4c89 6c24 | 704c 8b94 | 2490 0000 | 004c 8954 | 2468 4c89 | 4c24 3848 
  0x0000024518160624: 8974 2430 | 448b 9424 | b000 0000 | 4489 5424 | 284c 8b94 | 24d8 0000 | 004c 8994 | 24a0 0000 
  0x0000024518160644: 004d 8bd3 | 4c89 9424 | a800 0000 | 4d8b d34c | 8994 24b8 | 0000 0090 

  0x000002451816065c: ;   {static_call}
  0x000002451816065c: c5f8 77e8 

  0x0000024518160660: ; ImmutableOopMap {rbp=Oop [40]=NarrowOop [48]=Oop [56]=Oop [80]=Oop [88]=Oop [96]=Oop [104]=Oop [112]=Oop [120]=NarrowOop [124]=NarrowOop [136]=Oop [160]=Oop [168]=Oop [184]=Oop [216]=Oop [224]=Oop }
                      ;*invokestatic hashCode {reexecute=0 rethrow=0 return_oop=0}
                      ; - java.lang.String::hashCode@37
                      ; - java.util.concurrent.ConcurrentHashMap::get@1
                      ; - java.lang.ClassLoader::definePackage@47
                      ; - java.lang.ClassLoader::getDefinedPackage@32
                      ; - java.net.URLClassLoader::getAndVerifyPackage@2
                      ; - java.net.URLClassLoader::defineClass@46
                      ; - java.net.URLClassLoader$1::run@43
                      ; - java.net.URLClassLoader$1::run@1
                      ; - java.security.AccessController::executePrivileged@29
                      ; - java.security.AccessController::doPrivileged@13
                      ; - java.net.URLClassLoader::findClass@13
                      ; - java.lang.ClassLoader::loadClass@69
  0x0000024518160660: 1cea 7eff 

  0x0000024518160664: ;   {other}
  0x0000024518160664: 0f1f 8400 | 5452 0045 | e91b deff 

  0x0000024518160670: ;   {metadata({type array byte})}
  0x0000024518160670: ff48 ba18 | 2300 2545 | 0200 0044 | 8b84 24c4 | 0000 004c | 8b94 24e0 | 0000 004c | 8954 2478 
  0x0000024518160690: 4c8b 9424 | d800 0000 | 4c89 9424 | c800 0000 

  0x00000245181606a0: ;   {runtime_call _new_array_Java}
  0x00000245181606a0: c5f8 77e8 

  0x00000245181606a4: ; ImmutableOopMap {[48]=Oop [56]=Oop [80]=Oop [88]=Oop [96]=Oop [112]=Oop [120]=Oop [136]=Oop [144]=Oop [152]=Oop [160]=Oop [176]=NarrowOop [184]=Oop [192]=NarrowOop [200]=Oop [216]=Oop [224]=Oop [232]=NarrowOop }
                      ;*invokevirtual allocateUninitializedArray0 {reexecute=0 rethrow=0 return_oop=1}
                      ; - jdk.internal.misc.Unsafe::allocateUninitializedArray@51
                      ; - java.lang.StringConcatHelper::newArray@33
                      ; - java.lang.StringLatin1::replace@49
                      ; - java.lang.String::replace@18
                      ; - java.net.URLClassLoader::isSealed@9
                      ; - java.net.URLClassLoader::getAndVerifyPackage@68
                      ; - java.net.URLClassLoader::defineClass@46
                      ; - java.net.URLClassLoader$1::run@43
                      ; - java.net.URLClassLoader$1::run@1
                      ; - java.security.AccessController::executePrivileged@29
                      ; - java.security.AccessController::doPrivileged@13
                      ; - java.net.URLClassLoader::findClass@13
                      ; - java.lang.ClassLoader::loadClass@69
  0x00000245181606a4: d871 8bff 

  0x00000245181606a8: ;   {other}
  0x00000245181606a8: 0f1f 8400 | 9852 0046 | 4c8b c0e9 | 7ac2 ffff 

  0x00000245181606b8: ;   {metadata('java/lang/String')}
  0x00000245181606b8: 488b ea48 | ba78 e800 | 2545 0200 | 004c 8b94 | 24e0 0000 | 004c 8954 | 2468 4c8b | 9424 d800 
  0x00000245181606d8: 0000 4c89 | 5424 7890 

  0x00000245181606e0: ;   {runtime_call _new_instance_Java}
  0x00000245181606e0: c5f8 77e8 

  0x00000245181606e4: ; ImmutableOopMap {rbp=Oop [48]=Oop [56]=Oop [80]=Oop [88]=Oop [96]=Oop [104]=Oop [120]=Oop [136]=Oop [144]=Oop [152]=Oop [160]=Oop [176]=NarrowOop [184]=Oop [216]=Oop [224]=Oop [232]=NarrowOop }
                      ;*new {reexecute=0 rethrow=0 return_oop=1}
                      ; - java.lang.StringLatin1::replace@116
                      ; - java.lang.String::replace@18
                      ; - java.net.URLClassLoader::isSealed@9
                      ; - java.net.URLClassLoader::getAndVerifyPackage@68
                      ; - java.net.URLClassLoader::defineClass@46
                      ; - java.net.URLClassLoader$1::run@43
                      ; - java.net.URLClassLoader$1::run@1
                      ; - java.security.AccessController::executePrivileged@29
                      ; - java.security.AccessController::doPrivileged@13
                      ; - java.net.URLClassLoader::findClass@13
                      ; - java.lang.ClassLoader::loadClass@69
  0x00000245181606e4: 986e 8bff 

  0x00000245181606e8: ;   {other}
  0x00000245181606e8: 0f1f 8400 | d852 0047 | 488b d548 | 8bd8 e96e | c4ff ff48 | 8b9c 2498 | 0000 00c6 | 4311 0145 
  0x0000024518160708: 33d2 33c9 | 448b 4424 | 2844 8984 | 24b0 0000 | 004c 8b4c | 2438 4c8b | 5c24 684c | 899c 2490 
  0x0000024518160728: 0000 004c | 8b6c 2470 | 4c8b 5c24 | 7844 8b84 | 24a0 0000 | 00e9 ebc6 | ffff 4489 | 9424 a400 
  0x0000024518160748: 0000 4489 | 8424 a000 | 0000 4889 | 8424 9800 | 0000 4c89 | 5c24 784c | 896c 2470 | 4c8b 9424 
  0x0000024518160768: 9000 0000 | 4c89 5424 | 684c 894c | 2438 448b | 9c24 b000 | 0000 4489 | 5c24 284c | 8b94 24e0 
  0x0000024518160788: 0000 004c | 8994 2490 | 0000 004c | 8b94 24d8 | 0000 004c | 8994 24b0 | 0000 0090 

  0x00000245181607a4: ;   {static_call}
  0x00000245181607a4: c5f8 77e8 

  0x00000245181607a8: ; ImmutableOopMap {rbp=Oop [40]=NarrowOop [48]=Oop [56]=Oop [80]=Oop [88]=Oop [96]=Oop [104]=Oop [112]=Oop [120]=Oop [136]=Oop [144]=Oop [152]=Oop [160]=NarrowOop [176]=Oop [216]=Oop [224]=Oop }
                      ;*invokestatic hashCode {reexecute=0 rethrow=0 return_oop=0}
                      ; - java.lang.String::hashCode@37
                      ; - java.util.HashMap::hash@9
                      ; - java.util.HashMap::getNode@23
                      ; - java.util.HashMap::get@2
                      ; - java.util.jar.Manifest::getAttributes@5
                      ; - java.util.jar.Manifest::getTrustedAttributes@2
                      ; - java.util.jar.JavaUtilJarAccessImpl::getTrustedAttributes@2
                      ; - java.net.URLClassLoader::isSealed@18
                      ; - java.net.URLClassLoader::getAndVerifyPackage@68
                      ; - java.net.URLClassLoader::defineClass@46
                      ; - java.net.URLClassLoader$1::run@43
                      ; - java.net.URLClassLoader$1::run@1
                      ; - java.security.AccessController::executePrivileged@29
                      ; - java.security.AccessController::doPrivileged@13
                      ; - java.net.URLClassLoader::findClass@13
                      ; - java.lang.ClassLoader::loadClass@69
  0x00000245181607a8: d4e8 7eff 

  0x00000245181607ac: ;   {other}
  0x00000245181607ac: 0f1f 8400 | 9c53 0048 | e9a7 ddff | ff4c 8bd3 | 458b 5a2c | 4585 db0f | 84f7 e4ff | ff4d 8b57 
  0x00000245181607cc: 2849 8bcb | 4d85 d20f | 847f 3d00 | 004d 8b5f | 384b 894c | 13f8 4983 | c2f8 4d89 | 5728 4c8b 
  0x00000245181607ec: d3e9 cee4 | ffff 448b | 551c 4585 | d20f 8423 | e6ff ff4d | 8b5f 2849 | 8bca 4d85 | db0f 8489 
  0x000002451816080c: 3d00 004d | 8b57 384b | 894c 1af8 | 4983 c3f8 | 4d89 5f28 | e9fd e5ff | ff4c 8b94 | 24b0 0000 
  0x000002451816082c: 0045 8b5a | 1445 85db | 0f84 29e6 | ffff 4d8b | 5728 498b | cb4d 85d2 | 0f84 2e3d | 0000 4d8b 
  0x000002451816084c: 5f38 4b89 | 4c13 f849 | 83c2 f84d | 8957 28e9 | 03e6 ffff | 448b 5d1c | 4585 db0f | 8435 e7ff 
  0x000002451816086c: ff4d 8b57 | 2849 8bcb | 4d85 d20f | 843b 3d00 | 004d 8b5f | 384b 894c | 13f8 4983 | c2f8 4d89 
  0x000002451816088c: 5728 e90f | e7ff ff4c | 8b94 24b0 | 0000 0045 | 8b52 1045 | 85d2 0f84 | 3be7 ffff 

  0x00000245181608a8: ;   {no_reloc}
  0x00000245181608a8: 4d8b 5f28 | 498b ca4d | 85db 0f84 | 203d 0000 | 4d8b 5738 | 4b89 4c1a | f849 83c3 | f84d 895f 
  0x00000245181608c8: 28e9 15e7 | ffff 4c8b | 9424 a800 | 0000 458b | 5a30 4585 | db0f 84d0 | ebff ff4d | 8b57 2849 
  0x00000245181608e8: 8bcb 4d85 | d20f 8405 | 3d00 004d | 8b5f 384b | 894c 13f8 | 4983 c2f8 | 4d89 5728 | e9aa ebff 
  0x0000024518160908: ff4c 8b94 | 24b0 0000 | 0045 8b5a | 3845 85db | 0f84 4aeb | ffff 4d8b | 5728 498b | cb4d 85d2 
  0x0000024518160928: 0f84 0a3d | 0000 4d8b | 5f38 4b89 | 4c13 f849 | 83c2 f84d | 8957 28e9 | 24eb ffff | 448b 551c 
  0x0000024518160948: 4585 d20f | 84d1 e7ff | ff4d 8b5f | 2849 8bca | 4d85 db0f | 8417 3d00 | 004d 8b57 | 384b 894c 
  0x0000024518160968: 1af8 4983 | c3f8 4d89 | 5f28 e9ab | e7ff ff4c | 8b94 24b0 | 0000 0045 | 8b5a 3445 | 85db 0f84 
  0x0000024518160988: 3dea ffff | 4d8b 5728 | 498b cb4d | 85d2 0f84 | 7c3c 0000 | 4d8b 5f38 | 4b89 4c13 | f849 83c2 
  0x00000245181609a8: ;   {no_reloc}
  0x00000245181609a8: f84d 8957 | 28e9 17ea | ffff 4c8b | 9424 b000 | 0000 458b | 5a24 4585 | db0f 846e | e9ff ff4d 
  0x00000245181609c8: 8b57 2849 | 8bcb 4d85 | d20f 8481 | 3c00 004d | 8b5f 384b | 894c 13f8 | 4983 c2f8 | 4d89 5728 
  0x00000245181609e8: e948 e9ff | ff4c 8b94 | 24b0 0000 | 0045 8b5a | 1c45 85db | 0f84 04e8 | ffff 4d8b | 5728 498b 
  0x0000024518160a08: cb4d 85d2 | 0f84 a63c | 0000 4d8b | 5f38 4b89 | 4c13 f849 | 83c2 f84d | 8957 28e9 | dee7 ffff 
  0x0000024518160a28: 4c8b 9424 | b000 0000 | 458b 5a18 | 4585 db0f | 8436 e7ff | ff4d 8b57 | 2849 8bcb | 4d85 d20f 
  0x0000024518160a48: 844b 3c00 | 004d 8b5f | 384b 894c | 13f8 4983 | c2f8 4d89 | 5728 e910 | e7ff ff4c | 8b94 24a8 
  0x0000024518160a68: 0000 0045 | 8b52 0c45 | 85d2 0f84 | 49ec ffff | 4d8b 5f28 | 498b ca4d | 85db 0f84 | 703c 0000 
  0x0000024518160a88: 4d8b 5738 | 4b89 4c1a | f849 83c3 | f84d 895f | 28e9 23ec | ffff 498b | da4c 8b94 | 24a8 0000 
  0x0000024518160aa8: ;   {no_reloc}
  0x0000024518160aa8: 0045 8b52 | 1045 85d2 | 0f84 a7ec | ffff 4d8b | 5f28 498b | ca4d 85db | 0f84 523c | 0000 4d8b 
  0x0000024518160ac8: 5738 4b89 | 4c1a f849 | 83c3 f84d | 895f 28e9 | 81ec ffff | 448b 5d0c | 4585 db0f | 8485 ebff 
  0x0000024518160ae8: ff4d 8b57 | 2849 8bcb | 4d85 d20f | 84df 3b00 | 004d 8b5f | 384b 894c | 13f8 4983 | c2f8 4d89 
  0x0000024518160b08: 5728 e95f | ebff ff4c | 8b84 24a8 | 0000 0045 | 8b50 1445 | 85d2 0f84 | c7ec ffff | 4d8b 5f28 
  0x0000024518160b28: 498b ca4d | 85db 0f84 | 043c 0000 | 498b d84d | 8b57 384b | 894c 1af8 | 4983 c3f8 | 4d89 5f28 
  0x0000024518160b48: 4c8b c3e9 | 9bec ffff | 4d8b 5748 | 4d8b 5f58 | f083 4424 | c000 8039 | 000f 84f1 | e2ff ff44 
  0x0000024518160b68: 8821 4d85 | d275 2049 | 8bd7 c5f8 | 7749 ba00 | a40b 6dfa | 7f00 0041 

  0x0000024518160b80: ;   {other}
  0x0000024518160b80: ffd2 0f1f | 8400 0000 | 0000 e9c9 | e2ff ff4b | 894c 13f8 | 4983 c2f8 | 4d89 5748 | e9b7 e2ff 
  0x0000024518160ba0: ff4d 8b57 | 484d 8b5f | 58f0 8344 | 24c0 0080 | 3900 0f84 | e7e2 ffff | 4488 214d | 85d2 7520 
  0x0000024518160bc0: 498b d7c5 | f877 49ba | 00a4 0b6d | fa7f 0000 

  0x0000024518160bd0: ;   {other}
  0x0000024518160bd0: 41ff d20f | 1f84 0000 | 0000 00e9 | bfe2 ffff | 4b89 4c13 | f849 83c2 | f84d 8957 | 48e9 ade2 
  0x0000024518160bf0: ffff 4d8b | 5748 4d8b | 5f58 f083 | 4424 c000 | 8039 000f | 84cf e3ff | ff44 8821 | 4d85 d275 
  0x0000024518160c10: 2049 8bd7 | c5f8 7749 | ba00 a40b | 6dfa 7f00 | 0041 ffd2 

  0x0000024518160c24: ;   {other}
  0x0000024518160c24: 0f1f 8400 | 0000 0000 | e9a7 e3ff | ff4b 894c | 13f8 4983 | c2f8 4d89 | 5748 e995 | e3ff ff4d 
  0x0000024518160c44: 8b57 484d | 8b5f 58f0 | 8344 24c0 | 0080 3900 | 0f84 c5e3 | ffff 4488 | 214d 85d2 | 7520 498b 
  0x0000024518160c64: d7c5 f877 | 49ba 00a4 | 0b6d fa7f | 0000 41ff 

  0x0000024518160c74: ;   {other}
  0x0000024518160c74: d20f 1f84 | 0000 0000 | 00e9 9de3 | ffff 4b89 | 4c13 f849 | 83c2 f84d | 8957 48e9 | 8be3 ffff 
  0x0000024518160c94: 498b d84d | 8b57 484d | 8b5f 58f0 | 8344 24c0 | 0080 3900 | 7432 4488 | 214d 85d2 | 740f 4b89 
  0x0000024518160cb4: 4c13 f849 | 83c2 f84d | 8957 48eb | 1b49 8bd7 | c5f8 7749 | ba00 a40b | 6dfa 7f00 | 0041 ffd2 
  0x0000024518160cd4: ;   {other}
  0x0000024518160cd4: 0f1f 8400 | 0000 0000 | 4c8b c3e9 | 14e8 ffff | 4d8b 5748 | 4d8b 5f58 | f083 4424 | c000 8039 
  0x0000024518160cf4: 000f 84ad | e7ff ff44 | 8821 4d85 | d275 2049 | 8bd7 c5f8 | 7749 ba00 | a40b 6dfa | 7f00 0041 
  0x0000024518160d14: ;   {other}
  0x0000024518160d14: ffd2 0f1f | 8400 0000 | 0000 e985 | e7ff ff4b | 894c 13f8 | 4983 c2f8 | 4d89 5748 | e973 e7ff 
  0x0000024518160d34: ff4d 8b57 | 484d 8b5f | 58f0 8344 | 24c0 0080 | 3900 0f84 | bde6 ffff | 4488 214d | 85d2 7520 
  0x0000024518160d54: 498b d7c5 | f877 49ba | 00a4 0b6d | fa7f 0000 

  0x0000024518160d64: ;   {other}
  0x0000024518160d64: 41ff d20f | 1f84 0000 | 0000 00e9 | 95e6 ffff | 4b89 4c13 | f849 83c2 | f84d 8957 | 48e9 83e6 
  0x0000024518160d84: ffff 4d8b | 5748 4d8b | 5f58 f083 | 4424 c000 | 8039 000f | 8412 e4ff | ff44 8821 | 4d85 d275 
  0x0000024518160da4: 2049 8bd7 | c5f8 7749 | ba00 a40b | 6dfa 7f00 | 0041 ffd2 

  0x0000024518160db8: ;   {other}
  0x0000024518160db8: 0f1f 8400 | 0000 0000 | e9ea e3ff | ff4b 894c | 13f8 4983 | c2f8 4d89 | 5748 e9d8 | e3ff ff4d 
  0x0000024518160dd8: 8b57 484d | 8b5f 58f0 | 8344 24c0 | 0080 3900 | 0f84 3ce5 | ffff 4488 | 214d 85d2 | 7520 498b 
  0x0000024518160df8: d7c5 f877 | 49ba 00a4 | 0b6d fa7f | 0000 41ff 

  0x0000024518160e08: ;   {other}
  0x0000024518160e08: d20f 1f84 | 0000 0000 | 00e9 14e5 | ffff 4b89 | 4c13 f849 | 83c2 f84d | 8957 48e9 | 02e5 ffff 
  0x0000024518160e28: 4d8b 5748 | 4d8b 5f58 | f083 4424 | c000 8039 | 000f 8407 | e4ff ff44 | 8821 4d85 | d275 2049 
  0x0000024518160e48: 8bd7 c5f8 | 7749 ba00 | a40b 6dfa | 7f00 0041 

  0x0000024518160e58: ;   {other}
  0x0000024518160e58: ffd2 0f1f | 8400 0000 | 0000 e9df | e3ff ff4b | 894c 13f8 | 4983 c2f8 | 4d89 5748 | e9cd e3ff 
  0x0000024518160e78: ff4d 8b57 | 484d 8b5f | 58f0 8344 | 24c0 0080 | 3900 0f84 | d8e2 ffff | 4488 214d | 85d2 7520 
  0x0000024518160e98: 498b d7c5 | f877 49ba | 00a4 0b6d | fa7f 0000 

  0x0000024518160ea8: ;   {other}
  0x0000024518160ea8: 41ff d20f | 1f84 0000 | 0000 00e9 | b0e2 ffff | 4b89 4c13 | f849 83c2 | f84d 8957 | 48e9 9ee2 
  0x0000024518160ec8: ffff 4d8b | 5748 4d8b | 5f58 f083 | 4424 c000 | 8039 000f | 8491 e4ff | ff44 8821 | 4d85 d275 
  0x0000024518160ee8: 2049 8bd7 | c5f8 7749 | ba00 a40b | 6dfa 7f00 | 0041 ffd2 

  0x0000024518160efc: ;   {other}
  0x0000024518160efc: 0f1f 8400 | 0000 0000 | e969 e4ff | ff4b 894c | 13f8 4983 | c2f8 4d89 | 5748 e957 | e4ff ff4d 
  0x0000024518160f1c: 8b57 484d | 8b5f 58f0 | 8344 24c0 | 0080 3900 | 0f84 6be8 | ffff 4488 | 214d 85d2 | 7520 498b 
  0x0000024518160f3c: d7c5 f877 | 49ba 00a4 | 0b6d fa7f | 0000 41ff 

  0x0000024518160f4c: ;   {other}
  0x0000024518160f4c: d20f 1f84 | 0000 0000 | 00e9 43e8 | ffff 4b89 | 4c13 f849 | 83c2 f84d | 8957 48e9 | 31e8 ffff 
  0x0000024518160f6c: 4d8b 5748 | 4d8b 5f58 | f083 4424 | c000 8039 | 000f 847b | e7ff ff44 | 8821 4d85 | d275 2049 
  0x0000024518160f8c: 8bd7 c5f8 | 7749 ba00 | a40b 6dfa | 7f00 0041 

  0x0000024518160f9c: ;   {other}
  0x0000024518160f9c: ffd2 0f1f | 8400 0000 | 0000 e953 | e7ff ff4b | 894c 13f8 | 4983 c2f8 | 4d89 5748 | e941 e7ff 
  0x0000024518160fbc: ff4d 8b57 | 484d 8b5f | 58f0 8344 | 24c0 0080 | 3900 0f84 | 43dd ffff | 4488 214d | 85d2 7520 
  0x0000024518160fdc: 498b d7c5 | f877 49ba | 00a4 0b6d | fa7f 0000 

  0x0000024518160fec: ;   {other}
  0x0000024518160fec: 41ff d20f | 1f84 0000 | 0000 00e9 | 1bdd ffff | 4b89 4c13 | f849 83c2 | f84d 8957 | 48e9 09dd 
  0x000002451816100c: ffff 4d8b | 5748 4d8b | 5f58 f083 | 4424 c000 | 8039 000f | 848d dcff | ff44 8821 | 4d85 d275 
  0x000002451816102c: 2049 8bd7 | c5f8 7749 | ba00 a40b | 6dfa 7f00 | 0041 ffd2 

  0x0000024518161040: ;   {other}
  0x0000024518161040: 0f1f 8400 | 0000 0000 | e965 dcff | ff4b 894c | 13f8 4983 | c2f8 4d89 | 5748 e953 | dcff ff4d 
  0x0000024518161060: 8b57 584d | 8b5f 48f0 | 8344 24c0 | 0080 3900 | 0f84 40e6 | ffff 4488 | 214d 85db | 7520 498b 
  0x0000024518161080: d7c5 f877 | 49ba 00a4 | 0b6d fa7f | 0000 41ff 

  0x0000024518161090: ;   {other}
  0x0000024518161090: d20f 1f84 | 0000 0000 | 00e9 18e6 | ffff 4b89 | 4c1a f849 | 83c3 f84d | 895f 48e9 | 06e6 ffff 
  0x00000245181610b0: 4d8b 5748 | 4d8b 5f58 | f083 4424 | c000 8039 | 000f 8463 | e7ff ff44 | 8821 4d85 | d275 2649 
  0x00000245181610d0: 8bd8 498b | d7c5 f877 | 49ba 00a4 | 0b6d fa7f | 0000 41ff 

  0x00000245181610e4: ;   {other}
  0x00000245181610e4: d20f 1f84 | 0000 0000 | 004c 8bc3 | e935 e7ff | ff4b 894c | 13f8 4983 | c2f8 4d89 | 5748 e923 
  0x0000024518161104: e7ff ff4c | 8954 2468 | 4889 5424 | 3848 899c | 2498 0000 | 0048 8974 | 2430 488b | ef44 898c 
  0x0000024518161124: 2490 0000 

  0x0000024518161128: ;   {metadata({type array byte})}
  0x0000024518161128: 0048 ba18 | 2300 2545 | 0200 0045 | 8bc3 4c8b | 9424 e000 | 0000 4c89 | 5424 704c | 8b94 24d8 
  0x0000024518161148: 0000 004c | 8994 24a0 | 0000 0090 

  0x0000024518161154: ;   {runtime_call _new_array_nozero_Java}
  0x0000024518161154: c5f8 77e8 

  0x0000024518161158: ; ImmutableOopMap {rbp=Oop [56]=Derived_oop_rbp [48]=Oop [80]=Oop [88]=Oop [96]=Oop [112]=Oop [136]=Oop [144]=NarrowOop [152]=Oop [160]=Oop [176]=NarrowOop [216]=Oop [224]=Oop }
                      ;*invokevirtual clone {reexecute=1 rethrow=0 return_oop=1}
                      ; - (reexecute) java.util.Arrays::copyOfRange@18
                      ; - java.lang.StringLatin1::newString@16
                      ; - java.lang.String::substring@41
                      ; - java.net.URLClassLoader::defineClass@28
                      ; - java.net.URLClassLoader$1::run@43
                      ; - java.net.URLClassLoader$1::run@1
                      ; - java.security.AccessController::executePrivileged@29
                      ; - java.security.AccessController::doPrivileged@13
                      ; - java.net.URLClassLoader::findClass@13
                      ; - java.lang.ClassLoader::loadClass@69
  0x0000024518161158: 246a 8bff 

  0x000002451816115c: ;   {other}
  0x000002451816115c: 0f1f 8400 | 4c5d 0049 | 488b e8e9 | 3ac2 ffff | 458b 5010 | 4585 d20f | 842f d9ff | ff4d 8b5f 
  0x000002451816117c: 2849 8bca | 4d85 db0f | 84af 3700 | 0048 8bfb | 498b d84d | 8b57 384b | 894c 1af8 | 4983 c3f8 
  0x000002451816119c: 4d89 5f28 | 4c8b c348 | 8bdf e9fd | d8ff ff44 | 8b5d 0c45 | 85db 0f84 | 0ad8 ffff | 4d8b 5728 
  0x00000245181611bc: 498b cb4d | 85d2 0f84 | b637 0000 | 4d8b 5f38 | 4b89 4c13 | f849 83c2 | f84d 8957 | 28e9 e4d7 
  0x00000245181611dc: ffff 4c8b | 5424 6845 | 8b52 0c45 | 85d2 0f84 | 28d8 ffff | 4d8b 5f28 | 498b ca4d | 85db 0f84 
  0x00000245181611fc: 5e37 0000 | 4d8b 5738 | 4b89 4c1a | f849 83c3 | f84d 895f | 28e9 02d8 | ffff 4c8b | d545 8b5a 
  0x000002451816121c: 1445 85db | 0f84 00d9 | ffff 4d8b | 4728 498b | cb4d 85c0 | 0f84 6837 | 0000 4d8b | 5f38 4b89 
  0x000002451816123c: 4c03 f849 | 83c0 f84d | 8947 28e9 | dad8 ffff | 4d8b 5748 | 4d8b 5f58 | f083 4424 

  0x0000024518161258: ;   {no_reloc}
  0x0000024518161258: c000 8039 | 0074 3244 | 8821 4d85 | d274 0f4b | 894c 13f8 | 4983 c2f8 | 4d89 5748 | eb1b 498b 
  0x0000024518161278: d7c5 f877 | 49ba 00a4 | 0b6d fa7f | 0000 41ff 

  0x0000024518161288: ;   {other}
  0x0000024518161288: d20f 1f84 | 0000 0000 | 004c 8b44 | 2468 e9b2 | d7ff ff4d | 8b57 484d | 8b5f 58f0 | 8344 24c0 
  0x00000245181612a8: 0080 3900 | 0f84 29d8 | ffff 4488 | 214d 85d2 | 7526 498b | d849 8bd7 | c5f8 7749 | ba00 a40b 
  0x00000245181612c8: 6dfa 7f00 | 0041 ffd2 

  0x00000245181612d0: ;   {other}
  0x00000245181612d0: 0f1f 8400 | 0000 0000 | 4c8b c3e9 | fbd7 ffff | 4b89 4c13 | f849 83c2 | f84d 8957 | 48e9 e9d7 
  0x00000245181612f0: ffff 4d8b | 5758 4d8b | 5f48 f083 | 4424 c000 | 8039 000f | 8404 d7ff | ff44 8821 | 4d85 db75 
  0x0000024518161310: 2049 8bd7 | c5f8 7749 | ba00 a40b | 6dfa 7f00 | 0041 ffd2 

  0x0000024518161324: ;   {other}
  0x0000024518161324: 0f1f 8400 | 0000 0000 | e9dc d6ff | ff4b 894c | 1af8 4983 | c3f8 4d89 | 5f48 e9ca | d6ff ff48 
  0x0000024518161344: 895c 2430 | 4c89 6c24 | 2048 8b6c 

  0x0000024518161350: ;   {metadata('java/lang/String')}
  0x0000024518161350: 2450 48ba | 78e8 0025 | 4502 0000 | 4c8b 9424 | e000 0000 | 4c89 5424 | 384c 8b94 | 24d8 0000 
  0x0000024518161370: 004c 8954 | 2470 6690 

  0x0000024518161378: ;   {runtime_call _new_instance_Java}
  0x0000024518161378: c5f8 77e8 

  0x000002451816137c: ; ImmutableOopMap {rbp=Oop [48]=Oop [56]=Oop [88]=Oop [112]=Oop [216]=Oop [224]=Oop }
                      ;*new {reexecute=0 rethrow=0 return_oop=1}
                      ; - java.lang.StringConcatHelper::simpleConcat@17
                      ; - java.lang.String::concat@11
                      ; - java.net.URLClassLoader$1::run@13
                      ; - java.net.URLClassLoader$1::run@1
                      ; - java.security.AccessController::executePrivileged@29
                      ; - java.security.AccessController::doPrivileged@13
                      ; - java.net.URLClassLoader::findClass@13
                      ; - java.lang.ClassLoader::loadClass@69
  0x000002451816137c: 0062 8bff 

  0x0000024518161380: ;   {other}
  0x0000024518161380: 0f1f 8400 | 705f 004a | 4889 6c24 | 504c 8b6c | 2420 488b | 5c24 30e9 | 63cf ffff | 894c 2478 
  0x00000245181613a0: 4c89 6c24 | 704c 8b94 | 2490 0000 | 004c 8954 | 2468 4c89 | 4c24 3848 | 8974 2430 | 448b 9c24 
  0x00000245181613c0: b000 0000 | 4489 5c24 

  0x00000245181613c8: ;   {metadata('java/lang/ClassLoader$$Lambda+0x0000024526065bd0')}
  0x00000245181613c8: 2848 bad0 | 5b06 2645 | 0200 004c | 8b94 24e0 | 0000 004c | 8994 2490 | 0000 004c | 8b94 24d8 
  0x00000245181613e8: 0000 004c | 8994 24a0 | 0000 0090 

  0x00000245181613f4: ;   {runtime_call _new_instance_Java}
  0x00000245181613f4: c5f8 77e8 

  0x00000245181613f8: ; ImmutableOopMap {rbp=NarrowOop [40]=NarrowOop [48]=Oop [56]=Oop [80]=Oop [88]=Oop [96]=Oop [104]=Oop [112]=Oop [120]=NarrowOop [136]=Oop [144]=Oop [160]=Oop [216]=Oop [224]=Oop }
                      ;*invokevirtual allocateInstance {reexecute=0 rethrow=0 return_oop=1}
                      ; - java.lang.invoke.DirectMethodHandle::allocateInstance@12
                      ; - java.lang.invoke.DirectMethodHandle$Holder::newInvokeSpecial@1
                      ; - java.lang.invoke.Invokers$Holder::linkToTargetMethod@6
                      ; - java.lang.ClassLoader::definePackage@73
                      ; - java.lang.ClassLoader::getDefinedPackage@32
                      ; - java.net.URLClassLoader::getAndVerifyPackage@2
                      ; - java.net.URLClassLoader::defineClass@46
                      ; - java.net.URLClassLoader$1::run@43
                      ; - java.net.URLClassLoader$1::run@1
                      ; - java.security.AccessController::executePrivileged@29
                      ; - java.security.AccessController::doPrivileged@13
                      ; - java.net.URLClassLoader::findClass@13
                      ; - java.lang.ClassLoader::loadClass@69
  0x00000245181613f8: 8461 8bff 

  0x00000245181613fc: ;   {other}
  0x00000245181613fc: 0f1f 8400 | ec5f 004b | 448b 5c24 | 2844 899c | 24b0 0000 | 004c 8b4c | 2438 4c8b | 5c24 684c 
  0x000002451816141c: 899c 2490 | 0000 004c | 8b6c 2470 | 8b4c 2478 | 4c8b d848 | 8b74 2430 | e964 ccff | ff8b eee9 
  0x000002451816143c: 72ad ffff | 418b e8e9 | 61b4 ffff 

  0x0000024518161448: ;   {metadata('java/lang/ref/SoftReference')}
  0x0000024518161448: 48ba 90df | 0325 4502 | 0000 4c8b | 9424 e000 | 0000 4c89 | 5424 384c | 8b94 24d8 | 0000 004c 
  0x0000024518161468: 8954 2470 

  0x000002451816146c: ;   {runtime_call _new_instance_Java}
  0x000002451816146c: c5f8 77e8 

  0x0000024518161470: ; ImmutableOopMap {rbp=Oop [48]=Oop [56]=Oop [80]=Oop [88]=Oop [96]=Oop [112]=Oop [120]=Oop [136]=Oop [144]=NarrowOop [152]=Oop [216]=Oop [224]=Oop [248]=Oop }
                      ;*new {reexecute=0 rethrow=0 return_oop=1}
                      ; - java.util.jar.JarFile::getManifestFromReference@184
                      ; - java.util.jar.JarFile::getManifest@1
                      ; - jdk.internal.loader.URLClassPath$JarLoader$2::getManifest@22
                      ; - java.net.URLClassLoader::defineClass@34
                      ; - java.net.URLClassLoader$1::run@43
                      ; - java.net.URLClassLoader$1::run@1
                      ; - java.security.AccessController::executePrivileged@29
                      ; - java.security.AccessController::doPrivileged@13
                      ; - java.net.URLClassLoader::findClass@13
                      ; - java.lang.ClassLoader::loadClass@69
  0x0000024518161470: 0c61 8bff 

  0x0000024518161474: ;   {other}
  0x0000024518161474: 0f1f 8400 | 6460 004c | 4c8b c0e9 | f2e3 ffff 

  0x0000024518161484: ;   {metadata('java/util/jar/JarVerifier')}
  0x0000024518161484: 48ba 789e | 1625 4502 | 0000 6690 

  0x0000024518161490: ;   {runtime_call _new_instance_Java}
  0x0000024518161490: c5f8 77e8 

  0x0000024518161494: ; ImmutableOopMap {rbp=Oop [48]=Oop [56]=Oop [80]=Oop [88]=Oop [96]=Oop [112]=Oop [120]=Oop [136]=Oop [144]=NarrowOop [160]=Oop [168]=Oop [216]=Oop [224]=Oop [248]=Oop }
                      ;*new {reexecute=0 rethrow=0 return_oop=1}
                      ; - java.util.jar.JarFile::getManifestFromReference@69
                      ; - java.util.jar.JarFile::getManifest@1
                      ; - jdk.internal.loader.URLClassPath$JarLoader$2::getManifest@22
                      ; - java.net.URLClassLoader::defineClass@34
                      ; - java.net.URLClassLoader$1::run@43
                      ; - java.net.URLClassLoader$1::run@1
                      ; - java.security.AccessController::executePrivileged@29
                      ; - java.security.AccessController::doPrivileged@13
                      ; - java.net.URLClassLoader::findClass@13
                      ; - java.lang.ClassLoader::loadClass@69
  0x0000024518161494: e860 8bff 

  0x0000024518161498: ;   {other}
  0x0000024518161498: 0f1f 8400 | 8860 004d | 4c8b c0e9 | a2d7 ffff 

  0x00000245181614a8: ;   {metadata('java/util/Hashtable')}
  0x00000245181614a8: 48ba b8d3 | 0025 4502 | 0000 488b | ac24 e000 | 0000 6690 

  0x00000245181614bc: ;   {runtime_call _new_instance_Java}
  0x00000245181614bc: c5f8 77e8 

  0x00000245181614c0: ; ImmutableOopMap {rbp=Oop [40]=NarrowOop [48]=Oop [80]=Oop [88]=Oop [96]=Oop [112]=Oop [120]=Oop [136]=Oop [144]=NarrowOop [160]=Oop [168]=Oop [176]=Oop [216]=Oop [224]=Oop [248]=Oop }
                      ;*new {reexecute=0 rethrow=0 return_oop=1}
                      ; - java.util.jar.JarVerifier::<init>@35
                      ; - java.util.jar.JarFile::getManifestFromReference@78
                      ; - java.util.jar.JarFile::getManifest@1
                      ; - jdk.internal.loader.URLClassPath$JarLoader$2::getManifest@22
                      ; - java.net.URLClassLoader::defineClass@34
                      ; - java.net.URLClassLoader$1::run@43
                      ; - java.net.URLClassLoader$1::run@1
                      ; - java.security.AccessController::executePrivileged@29
                      ; - java.security.AccessController::doPrivileged@13
                      ; - java.net.URLClassLoader::findClass@13
                      ; - java.lang.ClassLoader::loadClass@69
  0x00000245181614c0: bc60 8bff 

  0x00000245181614c4: ;   {other}
  0x00000245181614c4: 0f1f 8400 | b460 004e | 488b e8e9 | 9bd8 ffff 

  0x00000245181614d4: ;   {metadata('java/util/Hashtable')}
  0x00000245181614d4: 48ba b8d3 | 0025 4502 | 0000 488b | 6c24 3890 

  0x00000245181614e4: ;   {runtime_call _new_instance_Java}
  0x00000245181614e4: c5f8 77e8 

  0x00000245181614e8: ; ImmutableOopMap {rbp=Oop [40]=NarrowOop [48]=Oop [80]=Oop [88]=Oop [96]=Oop [112]=Oop [120]=Oop [136]=Oop [144]=NarrowOop [160]=Oop [168]=Oop [176]=Oop [216]=Oop [224]=Oop [248]=Oop }
                      ;*new {reexecute=0 rethrow=0 return_oop=1}
                      ; - java.util.jar.JarVerifier::<init>@46
                      ; - java.util.jar.JarFile::getManifestFromReference@78
                      ; - java.util.jar.JarFile::getManifest@1
                      ; - jdk.internal.loader.URLClassPath$JarLoader$2::getManifest@22
                      ; - java.net.URLClassLoader::defineClass@34
                      ; - java.net.URLClassLoader$1::run@43
                      ; - java.net.URLClassLoader$1::run@1
                      ; - java.security.AccessController::executePrivileged@29
                      ; - java.security.AccessController::doPrivileged@13
                      ; - java.net.URLClassLoader::findClass@13
                      ; - java.lang.ClassLoader::loadClass@69
  0x00000245181614e8: 9460 8bff 

  0x00000245181614ec: ;   {other}
  0x00000245181614ec: 0f1f 8400 | dc60 004f | 488b e8e9 | f0d9 ffff 

  0x00000245181614fc: ;   {metadata('java/util/Hashtable$Entry'[])}
  0x00000245181614fc: 48ba a87f | 1325 4502 | 0000 41b8 | 0b00 0000 

  0x000002451816150c: ;   {runtime_call _new_array_Java}
  0x000002451816150c: c5f8 77e8 

  0x0000024518161510: ; ImmutableOopMap {rbp=Oop [40]=NarrowOop [48]=Oop [56]=Oop [80]=Oop [88]=Oop [96]=Oop [112]=Oop [120]=Oop [136]=Oop [144]=NarrowOop [160]=Oop [168]=Oop [176]=Oop [216]=Oop [224]=Oop [248]=Oop }
                      ;*anewarray {reexecute=0 rethrow=0 return_oop=1}
                      ; - java.util.Hashtable::<init>@93
                      ; - java.util.Hashtable::<init>@5
                      ; - java.util.jar.JarVerifier::<init>@39
                      ; - java.util.jar.JarFile::getManifestFromReference@78
                      ; - java.util.jar.JarFile::getManifest@1
                      ; - jdk.internal.loader.URLClassPath$JarLoader$2::getManifest@22
                      ; - java.net.URLClassLoader::defineClass@34
                      ; - java.net.URLClassLoader$1::run@43
                      ; - java.net.URLClassLoader$1::run@1
                      ; - java.security.AccessController::executePrivileged@29
                      ; - java.security.AccessController::doPrivileged@13
                      ; - java.net.URLClassLoader::findClass@13
                      ; - java.lang.ClassLoader::loadClass@69
  0x0000024518161510: 6c63 8bff 

  0x0000024518161514: ;   {other}
  0x0000024518161514: 0f1f 8400 | 0461 0050 | 4c8b d0e9 | f0d8 ffff 

  0x0000024518161524: ;   {metadata('java/util/Hashtable$Entry'[])}
  0x0000024518161524: 48ba a87f | 1325 4502 | 0000 41b8 | 0b00 0000 

  0x0000024518161534: ;   {runtime_call _new_array_Java}
  0x0000024518161534: c5f8 77e8 

  0x0000024518161538: ; ImmutableOopMap {rbp=Oop [40]=NarrowOop [48]=Oop [56]=Oop [80]=Oop [88]=Oop [96]=Oop [112]=Oop [120]=Oop [136]=Oop [144]=NarrowOop [160]=Oop [168]=Oop [176]=Oop [216]=Oop [224]=Oop [248]=Oop }
                      ;*anewarray {reexecute=0 rethrow=0 return_oop=1}
                      ; - java.util.Hashtable::<init>@93
                      ; - java.util.Hashtable::<init>@5
                      ; - java.util.jar.JarVerifier::<init>@50
                      ; - java.util.jar.JarFile::getManifestFromReference@78
                      ; - java.util.jar.JarFile::getManifest@1
                      ; - jdk.internal.loader.URLClassPath$JarLoader$2::getManifest@22
                      ; - java.net.URLClassLoader::defineClass@34
                      ; - java.net.URLClassLoader$1::run@43
                      ; - java.net.URLClassLoader$1::run@1
                      ; - java.security.AccessController::executePrivileged@29
                      ; - java.security.AccessController::doPrivileged@13
                      ; - java.net.URLClassLoader::findClass@13
                      ; - java.lang.ClassLoader::loadClass@69
  0x0000024518161538: 4463 8bff 

  0x000002451816153c: ;   {other}
  0x000002451816153c: 0f1f 8400 | 2c61 0051 | 4c8b d0e9 | 48da ffff 

  0x000002451816154c: ;   {metadata('java/util/Hashtable')}
  0x000002451816154c: 48ba b8d3 | 0025 4502 | 0000 488b | 6c24 3890 

  0x000002451816155c: ;   {runtime_call _new_instance_Java}
  0x000002451816155c: c5f8 77e8 

  0x0000024518161560: ; ImmutableOopMap {rbp=Oop [40]=NarrowOop [48]=Oop [80]=Oop [88]=Oop [96]=Oop [112]=Oop [120]=Oop [136]=Oop [144]=NarrowOop [160]=Oop [168]=Oop [176]=Oop [216]=Oop [224]=Oop [248]=Oop }
                      ;*new {reexecute=0 rethrow=0 return_oop=1}
                      ; - java.util.jar.JarVerifier::<init>@57
                      ; - java.util.jar.JarFile::getManifestFromReference@78
                      ; - java.util.jar.JarFile::getManifest@1
                      ; - jdk.internal.loader.URLClassPath$JarLoader$2::getManifest@22
                      ; - java.net.URLClassLoader::defineClass@34
                      ; - java.net.URLClassLoader$1::run@43
                      ; - java.net.URLClassLoader$1::run@1
                      ; - java.security.AccessController::executePrivileged@29
                      ; - java.security.AccessController::doPrivileged@13
                      ; - java.net.URLClassLoader::findClass@13
                      ; - java.lang.ClassLoader::loadClass@69
  0x0000024518161560: 1c60 8bff 

  0x0000024518161564: ;   {other}
  0x0000024518161564: 0f1f 8400 | 5461 0052 | 488b e8e9 | f8da ffff | 4c89 8424 | 9800 0000 

  0x000002451816157c: ;   {metadata('java/util/jar/Manifest')}
  0x000002451816157c: 48ba a0e1 | 0425 4502 | 0000 488b | ac24 e000 | 0000 6690 

  0x0000024518161590: ;   {runtime_call _new_instance_Java}
  0x0000024518161590: c5f8 77e8 

  0x0000024518161594: ; ImmutableOopMap {rbp=Oop [40]=NarrowOop [48]=Oop [80]=Oop [88]=Oop [96]=Oop [112]=Oop [120]=Oop [136]=Oop [144]=NarrowOop [152]=Oop [160]=Oop [216]=Oop [224]=Oop [248]=Oop }
                      ;*new {reexecute=0 rethrow=0 return_oop=1}
                      ; - java.util.jar.JarFile::getManifestFromReference@101
                      ; - java.util.jar.JarFile::getManifest@1
                      ; - jdk.internal.loader.URLClassPath$JarLoader$2::getManifest@22
                      ; - java.net.URLClassLoader::defineClass@34
                      ; - java.net.URLClassLoader$1::run@43
                      ; - java.net.URLClassLoader$1::run@1
                      ; - java.security.AccessController::executePrivileged@29
                      ; - java.security.AccessController::doPrivileged@13
                      ; - java.net.URLClassLoader::findClass@13
                      ; - java.lang.ClassLoader::loadClass@69
  0x0000024518161594: e85f 8bff 

  0x0000024518161598: ;   {other}
  0x0000024518161598: 0f1f 8400 | 8861 0053 | e99b dfff 

  0x00000245181615a4: ;   {metadata('java/util/HashMap')}
  0x00000245181615a4: ff48 ba68 | a908 2545 | 0200 0048 | 8bac 24e0 | 0000 0090 

  0x00000245181615b8: ;   {runtime_call _new_instance_Java}
  0x00000245181615b8: c5f8 77e8 

  0x00000245181615bc: ; ImmutableOopMap {rbp=Oop [40]=NarrowOop [48]=Oop [80]=Oop [88]=Oop [96]=Oop [112]=Oop [120]=Oop [136]=Oop [144]=NarrowOop [148]=NarrowOop [160]=Oop [168]=Oop [176]=Oop [216]=Oop [224]=Oop [248]=Oop }
                      ;*new {reexecute=0 rethrow=0 return_oop=1}
                      ; - java.util.jar.JarVerifier::<init>@103
                      ; - java.util.jar.JarFile::getManifestFromReference@78
                      ; - java.util.jar.JarFile::getManifest@1
                      ; - jdk.internal.loader.URLClassPath$JarLoader$2::getManifest@22
                      ; - java.net.URLClassLoader::defineClass@34
                      ; - java.net.URLClassLoader$1::run@43
                      ; - java.net.URLClassLoader$1::run@1
                      ; - java.security.AccessController::executePrivileged@29
                      ; - java.security.AccessController::doPrivileged@13
                      ; - java.net.URLClassLoader::findClass@13
                      ; - java.lang.ClassLoader::loadClass@69
  0x00000245181615bc: c05f 8bff 

  0x00000245181615c0: ;   {other}
  0x00000245181615c0: 0f1f 8400 | b061 0054 | 4c8b d0e9 | 82de ffff 

  0x00000245181615d0: ;   {metadata('java/io/ByteArrayInputStream')}
  0x00000245181615d0: 48ba a023 | 0525 4502 | 0000 488b | ac24 e000 | 0000 6690 

  0x00000245181615e4: ;   {runtime_call _new_instance_Java}
  0x00000245181615e4: c5f8 77e8 

  0x00000245181615e8: ; ImmutableOopMap {rbp=Oop [40]=NarrowOop [48]=Oop [56]=Oop [80]=Oop [88]=Oop [96]=Oop [112]=Oop [120]=Oop [136]=Oop [144]=NarrowOop [152]=Oop [160]=Oop [168]=Oop [176]=NarrowOop [216]=Oop [224]=Oop [248]=Oop }
                      ;*new {reexecute=0 rethrow=0 return_oop=1}
                      ; - java.util.jar.JarFile::getManifestFromReference@109
                      ; - java.util.jar.JarFile::getManifest@1
                      ; - jdk.internal.loader.URLClassPath$JarLoader$2::getManifest@22
                      ; - java.net.URLClassLoader::defineClass@34
                      ; - java.net.URLClassLoader$1::run@43
                      ; - java.net.URLClassLoader$1::run@1
                      ; - java.security.AccessController::executePrivileged@29
                      ; - java.security.AccessController::doPrivileged@13
                      ; - java.net.URLClassLoader::findClass@13
                      ; - java.lang.ClassLoader::loadClass@69
  0x00000245181615e8: 945f 8bff 

  0x00000245181615ec: ;   {other}
  0x00000245181615ec: 0f1f 8400 | dc61 0055 | e9ba dfff 

  0x00000245181615f8: ;   {metadata('java/util/ArrayList')}
  0x00000245181615f8: ff48 bad0 | 890b 2545 | 0200 0048 | 8bac 24e0 | 0000 0090 

  0x000002451816160c: ;   {runtime_call _new_instance_Java}
  0x000002451816160c: c5f8 77e8 

  0x0000024518161610: ; ImmutableOopMap {rbp=Oop [40]=NarrowOop [48]=Oop [80]=Oop [88]=Oop [96]=Oop [112]=Oop [120]=Oop [136]=Oop [144]=NarrowOop [148]=NarrowOop [160]=Oop [168]=Oop [176]=Oop [216]=Oop [224]=Oop [248]=Oop }
                      ;*new {reexecute=0 rethrow=0 return_oop=1}
                      ; - java.util.jar.JarVerifier::<init>@92
                      ; - java.util.jar.JarFile::getManifestFromReference@78
                      ; - java.util.jar.JarFile::getManifest@1
                      ; - jdk.internal.loader.URLClassPath$JarLoader$2::getManifest@22
                      ; - java.net.URLClassLoader::defineClass@34
                      ; - java.net.URLClassLoader$1::run@43
                      ; - java.net.URLClassLoader$1::run@1
                      ; - java.security.AccessController::executePrivileged@29
                      ; - java.security.AccessController::doPrivileged@13
                      ; - java.net.URLClassLoader::findClass@13
                      ; - java.lang.ClassLoader::loadClass@69
  0x0000024518161610: 6c5f 8bff 

  0x0000024518161614: ;   {other}
  0x0000024518161614: 0f1f 8400 | 0462 0056 | 4c8b d0e9 | 8fdd ffff 

  0x0000024518161624: ;   {metadata('java/util/ArrayList')}
  0x0000024518161624: 48ba d089 | 0b25 4502 | 0000 488b | 6c24 3890 

  0x0000024518161634: ;   {runtime_call _new_instance_Java}
  0x0000024518161634: c5f8 77e8 

  0x0000024518161638: ; ImmutableOopMap {rbp=Oop [40]=NarrowOop [48]=Oop [80]=Oop [88]=Oop [96]=Oop [112]=Oop [120]=Oop [136]=Oop [144]=NarrowOop [148]=NarrowOop [160]=Oop [168]=Oop [176]=Oop [216]=Oop [224]=Oop [248]=Oop }
                      ;*new {reexecute=0 rethrow=0 return_oop=1}
                      ; - java.util.jar.JarVerifier::<init>@70
                      ; - java.util.jar.JarFile::getManifestFromReference@78
                      ; - java.util.jar.JarFile::getManifest@1
                      ; - jdk.internal.loader.URLClassPath$JarLoader$2::getManifest@22
                      ; - java.net.URLClassLoader::defineClass@34
                      ; - java.net.URLClassLoader$1::run@43
                      ; - java.net.URLClassLoader$1::run@1
                      ; - java.security.AccessController::executePrivileged@29
                      ; - java.security.AccessController::doPrivileged@13
                      ; - java.net.URLClassLoader::findClass@13
                      ; - java.lang.ClassLoader::loadClass@69
  0x0000024518161638: 445f 8bff 

  0x000002451816163c: ;   {other}
  0x000002451816163c: 0f1f 8400 | 2c62 0057 | 4c8b d0e9 | a4db ffff 

  0x000002451816164c: ;   {metadata('java/io/ByteArrayOutputStream')}
  0x000002451816164c: 48ba a000 | 2225 4502 | 0000 488b | ac24 e000 | 0000 6690 

  0x0000024518161660: ;   {runtime_call _new_instance_Java}
  0x0000024518161660: c5f8 77e8 

  0x0000024518161664: ; ImmutableOopMap {rbp=Oop [40]=NarrowOop [48]=Oop [80]=Oop [88]=Oop [96]=Oop [112]=Oop [120]=Oop [136]=Oop [144]=NarrowOop [148]=NarrowOop [160]=Oop [168]=Oop [176]=Oop [216]=Oop [224]=Oop [248]=Oop }
                      ;*new {reexecute=0 rethrow=0 return_oop=1}
                      ; - java.util.jar.JarVerifier::<init>@81
                      ; - java.util.jar.JarFile::getManifestFromReference@78
                      ; - java.util.jar.JarFile::getManifest@1
                      ; - jdk.internal.loader.URLClassPath$JarLoader$2::getManifest@22
                      ; - java.net.URLClassLoader::defineClass@34
                      ; - java.net.URLClassLoader$1::run@43
                      ; - java.net.URLClassLoader$1::run@1
                      ; - java.security.AccessController::executePrivileged@29
                      ; - java.security.AccessController::doPrivileged@13
                      ; - java.net.URLClassLoader::findClass@13
                      ; - java.lang.ClassLoader::loadClass@69
  0x0000024518161664: 185f 8bff 

  0x0000024518161668: ;   {other}
  0x0000024518161668: 0f1f 8400 | 5862 0058 | 4c8b d0e9 | 0fdc ffff | 41b8 2000 

  0x000002451816167c: ;   {metadata({type array byte})}
  0x000002451816167c: 0000 48ba | 1823 0025 | 4502 0000 | 4c8b 9424 | e000 0000 | 4c89 5424 | 3866 6690 

  0x0000024518161698: ;   {runtime_call _new_array_Java}
  0x0000024518161698: c5f8 77e8 

  0x000002451816169c: ; ImmutableOopMap {rbp=Oop [40]=NarrowOop [48]=Oop [56]=Oop [80]=Oop [88]=Oop [96]=Oop [112]=Oop [120]=Oop [136]=Oop [144]=NarrowOop [148]=NarrowOop [160]=Oop [168]=Oop [176]=Oop [216]=Oop [224]=Oop [248]=Oop }
                      ;*newarray {reexecute=0 rethrow=0 return_oop=1}
                      ; - java.io.ByteArrayOutputStream::<init>@37
                      ; - java.io.ByteArrayOutputStream::<init>@3
                      ; - java.util.jar.JarVerifier::<init>@85
                      ; - java.util.jar.JarFile::getManifestFromReference@78
                      ; - java.util.jar.JarFile::getManifest@1
                      ; - jdk.internal.loader.URLClassPath$JarLoader$2::getManifest@22
                      ; - java.net.URLClassLoader::defineClass@34
                      ; - java.net.URLClassLoader$1::run@43
                      ; - java.net.URLClassLoader$1::run@1
                      ; - java.security.AccessController::executePrivileged@29
                      ; - java.security.AccessController::doPrivileged@13
                      ; - java.net.URLClassLoader::findClass@13
                      ; - java.lang.ClassLoader::loadClass@69
  0x000002451816169c: e061 8bff 

  0x00000245181616a0: ;   {other}
  0x00000245181616a0: 0f1f 8400 | 9062 0059 | e944 dcff 

  0x00000245181616ac: ;   {metadata('java/util/Hashtable$Entry'[])}
  0x00000245181616ac: ff48 baa8 | 7f13 2545 | 0200 0041 | b80b 0000 | 0066 6690 

  0x00000245181616c0: ;   {runtime_call _new_array_Java}
  0x00000245181616c0: c5f8 77e8 

  0x00000245181616c4: ; ImmutableOopMap {rbp=Oop [40]=NarrowOop [48]=Oop [56]=Oop [80]=Oop [88]=Oop [96]=Oop [112]=Oop [120]=Oop [136]=Oop [144]=NarrowOop [160]=Oop [168]=Oop [176]=Oop [216]=Oop [224]=Oop [248]=Oop }
                      ;*anewarray {reexecute=0 rethrow=0 return_oop=1}
                      ; - java.util.Hashtable::<init>@93
                      ; - java.util.Hashtable::<init>@4
                      ; - java.util.jar.JarVerifier::<init>@63
                      ; - java.util.jar.JarFile::getManifestFromReference@78
                      ; - java.util.jar.JarFile::getManifest@1
                      ; - jdk.internal.loader.URLClassPath$JarLoader$2::getManifest@22
                      ; - java.net.URLClassLoader::defineClass@34
                      ; - java.net.URLClassLoader$1::run@43
                      ; - java.net.URLClassLoader$1::run@1
                      ; - java.security.AccessController::executePrivileged@29
                      ; - java.security.AccessController::doPrivileged@13
                      ; - java.net.URLClassLoader::findClass@13
                      ; - java.lang.ClassLoader::loadClass@69
  0x00000245181616c4: b861 8bff 

  0x00000245181616c8: ;   {other}
  0x00000245181616c8: 0f1f 8400 | b862 005a | 4c8b d0e9 | 3cda ffff 

  0x00000245181616d8: ;   {metadata('java/util/jar/Attributes')}
  0x00000245181616d8: 48ba 4088 | 1625 4502 | 0000 488b | ac24 e000 | 0000 6690 

  0x00000245181616ec: ;   {runtime_call _new_instance_Java}
  0x00000245181616ec: c5f8 77e8 

  0x00000245181616f0: ; ImmutableOopMap {rbp=Oop [40]=NarrowOop [48]=Oop [56]=Oop [80]=Oop [88]=Oop [96]=Oop [112]=Oop [120]=Oop [136]=Oop [144]=NarrowOop [152]=Oop [168]=Oop [176]=NarrowOop [184]=Oop [216]=Oop [224]=Oop [248]=Oop }
                      ;*new {reexecute=0 rethrow=0 return_oop=1}
                      ; - java.util.jar.Manifest::<init>@5
                      ; - java.util.jar.JarFile::getManifestFromReference@121
                      ; - java.util.jar.JarFile::getManifest@1
                      ; - jdk.internal.loader.URLClassPath$JarLoader$2::getManifest@22
                      ; - java.net.URLClassLoader::defineClass@34
                      ; - java.net.URLClassLoader$1::run@43
                      ; - java.net.URLClassLoader$1::run@1
                      ; - java.security.AccessController::executePrivileged@29
                      ; - java.security.AccessController::doPrivileged@13
                      ; - java.net.URLClassLoader::findClass@13
                      ; - java.lang.ClassLoader::loadClass@69
  0x00000245181616f0: 8c5e 8bff 

  0x00000245181616f4: ;   {other}
  0x00000245181616f4: 0f1f 8400 | e462 005b | 488b e8e9 | 29df ffff 

  0x0000024518161704: ;   {metadata('java/util/HashMap')}
  0x0000024518161704: 48ba 68a9 | 0825 4502 | 0000 488b | ac24 e000 | 0000 6690 

  0x0000024518161718: ;   {runtime_call _new_instance_Java}
  0x0000024518161718: c5f8 77e8 

  0x000002451816171c: ; ImmutableOopMap {rbp=Oop [40]=NarrowOop [48]=Oop [56]=Oop [80]=Oop [88]=Oop [96]=Oop [104]=Oop [120]=Oop [136]=Oop [144]=NarrowOop [152]=Oop [160]=Oop [168]=Oop [176]=NarrowOop [184]=Oop [216]=Oop [224]=Oop [248]=Oop }
                      ;*new {reexecute=0 rethrow=0 return_oop=1}
                      ; - java.util.jar.Manifest::<init>@16
                      ; - java.util.jar.JarFile::getManifestFromReference@121
                      ; - java.util.jar.JarFile::getManifest@1
                      ; - jdk.internal.loader.URLClassPath$JarLoader$2::getManifest@22
                      ; - java.net.URLClassLoader::defineClass@34
                      ; - java.net.URLClassLoader$1::run@43
                      ; - java.net.URLClassLoader$1::run@1
                      ; - java.security.AccessController::executePrivileged@29
                      ; - java.security.AccessController::doPrivileged@13
                      ; - java.net.URLClassLoader::findClass@13
                      ; - java.lang.ClassLoader::loadClass@69
  0x000002451816171c: 605e 8bff 

  0x0000024518161720: ;   {other}
  0x0000024518161720: 0f1f 8400 | 1063 005c | 4c8b d0e9 | 17e0 ffff 

  0x0000024518161730: ;   {metadata('java/util/jar/Manifest')}
  0x0000024518161730: 48ba a0e1 | 0425 4502 | 0000 4c8b | 9424 e000 | 0000 4c89 | 5424 684c | 8b94 24a0 | 0000 004c 
  0x0000024518161750: 8994 2498 | 0000 0090 

  0x0000024518161758: ;   {runtime_call _new_instance_Java}
  0x0000024518161758: c5f8 77e8 

  0x000002451816175c: ; ImmutableOopMap {rbp=Oop [48]=Oop [56]=Oop [80]=Oop [88]=Oop [96]=Oop [104]=Oop [120]=Oop [136]=Oop [144]=NarrowOop [152]=Oop [216]=Oop [224]=Oop [248]=Oop }
                      ;*new {reexecute=0 rethrow=0 return_oop=1}
                      ; - java.util.jar.JarFile::getManifestFromReference@134
                      ; - java.util.jar.JarFile::getManifest@1
                      ; - jdk.internal.loader.URLClassPath$JarLoader$2::getManifest@22
                      ; - java.net.URLClassLoader::defineClass@34
                      ; - java.net.URLClassLoader$1::run@43
                      ; - java.net.URLClassLoader$1::run@1
                      ; - java.security.AccessController::executePrivileged@29
                      ; - java.security.AccessController::doPrivileged@13
                      ; - java.net.URLClassLoader::findClass@13
                      ; - java.lang.ClassLoader::loadClass@69
  0x000002451816175c: 205e 8bff 

  0x0000024518161760: ;   {other}
  0x0000024518161760: 0f1f 8400 | 5063 005d | e9bc d1ff | ff44 894c | 2428 4c89 | 5c24 684c | 8984 2498 

  0x000002451816177c: ;   {metadata('java/util/jar/Attributes')}
  0x000002451816177c: 0000 0048 | ba40 8816 | 2545 0200 | 0048 8bac | 24e0 0000 | 004c 8b94 | 24d8 0000 | 004c 8994 
  0x000002451816179c: 24a0 0000 | 0066 6690 

  0x00000245181617a4: ;   {runtime_call _new_instance_Java}
  0x00000245181617a4: c5f8 77e8 

  0x00000245181617a8: ; ImmutableOopMap {rbp=Oop [40]=NarrowOop [48]=Oop [56]=Oop [80]=Oop [88]=Oop [96]=Oop [104]=Oop [120]=Oop [136]=Oop [144]=NarrowOop [152]=Oop [160]=Oop [216]=Oop [224]=Oop [248]=Oop }
                      ;*new {reexecute=0 rethrow=0 return_oop=1}
                      ; - java.util.jar.Manifest::<init>@5
                      ; - java.util.jar.Manifest::<init>@4
                      ; - java.util.jar.JarFile::getManifestFromReference@143
                      ; - java.util.jar.JarFile::getManifest@1
                      ; - jdk.internal.loader.URLClassPath$JarLoader$2::getManifest@22
                      ; - java.net.URLClassLoader::defineClass@34
                      ; - java.net.URLClassLoader$1::run@43
                      ; - java.net.URLClassLoader$1::run@1
                      ; - java.security.AccessController::executePrivileged@29
                      ; - java.security.AccessController::doPrivileged@13
                      ; - java.net.URLClassLoader::findClass@13
                      ; - java.lang.ClassLoader::loadClass@69
  0x00000245181617a8: d45d 8bff 

  0x00000245181617ac: ;   {other}
  0x00000245181617ac: 0f1f 8400 | 9c63 005e | 488b e8e9 | c6d1 ffff 

  0x00000245181617bc: ;   {metadata('java/util/HashMap')}
  0x00000245181617bc: 498b e848 | ba68 a908 | 2545 0200 | 004c 8b94 | 24e0 0000 | 004c 8954 | 2468 6690 

  0x00000245181617d8: ;   {runtime_call _new_instance_Java}
  0x00000245181617d8: c5f8 77e8 

  0x00000245181617dc: ; ImmutableOopMap {rbp=Oop [40]=NarrowOop [48]=Oop [56]=Oop [80]=Oop [88]=Oop [96]=Oop [104]=Oop [112]=Oop [120]=Oop [136]=Oop [144]=NarrowOop [152]=Oop [168]=Oop [216]=Oop [224]=Oop [248]=Oop }
                      ;*new {reexecute=0 rethrow=0 return_oop=1}
                      ; - java.util.jar.Manifest::<init>@16
                      ; - java.util.jar.Manifest::<init>@4
                      ; - java.util.jar.JarFile::getManifestFromReference@143
                      ; - java.util.jar.JarFile::getManifest@1
                      ; - jdk.internal.loader.URLClassPath$JarLoader$2::getManifest@22
                      ; - java.net.URLClassLoader::defineClass@34
                      ; - java.net.URLClassLoader$1::run@43
                      ; - java.net.URLClassLoader$1::run@1
                      ; - java.security.AccessController::executePrivileged@29
                      ; - java.security.AccessController::doPrivileged@13
                      ; - java.net.URLClassLoader::findClass@13
                      ; - java.lang.ClassLoader::loadClass@69
  0x00000245181617dc: a05d 8bff 

  0x00000245181617e0: ;   {other}
  0x00000245181617e0: 0f1f 8400 | d063 005f | 4c8b c548 | 8bd8 e9a2 | d2ff ff48 | 8b54 2458 | 4c8d 8424 | 3001 0000 
  0x0000024518161800: 488b 6c24 | 5066 6690 

  0x0000024518161808: ;   {runtime_call _complete_monitor_locking_Java}
  0x0000024518161808: c5f8 77e8 

  0x000002451816180c: ; ImmutableOopMap {rbp=Oop [80]=Oop [88]=Oop [216]=Oop }
                      ;*monitorenter {reexecute=0 rethrow=0 return_oop=0}
                      ; - java.lang.ClassLoader::loadClass@7
  0x000002451816180c: f02d 8bff 

  0x0000024518161810: ;   {other}
  0x0000024518161810: 0f1f 8400 | 0064 0060 | e96d a6ff | ffba 45ff | ffff 488b | 6c24 504c | 8954 2420 

  0x000002451816182c: ;   {runtime_call UncommonTrapBlob}
  0x000002451816182c: c5f8 77e8 

  0x0000024518161830: ; ImmutableOopMap {rbp=Oop [32]=Oop [88]=Oop }
                      ;*ifeq {reexecute=1 rethrow=0 return_oop=0}
                      ; - (reexecute) java.lang.ClassLoader::checkName@8
                      ; - java.lang.ClassLoader::findLoadedClass@1
                      ; - java.lang.ClassLoader::loadClass@10
  0x0000024518161830: 4c2b 7fff 

  0x0000024518161834: ;   {other}
  0x0000024518161834: 0f1f 8400 | 2464 0061 | 488b 6c24 | 504c 8b94 | 24d8 0000 | 004c 8954 | 2420 448b | 5c24 2c44 
  0x0000024518161854: 895c 2428 | 4c8b 5424 | 584c 8954 | 2438 4489 | 4424 2c89 | 5424 58ba | ceff ffff 

  0x0000024518161870: ;   {runtime_call UncommonTrapBlob}
  0x0000024518161870: c5f8 77e8 

  0x0000024518161874: ; ImmutableOopMap {rbp=Oop [32]=Oop [44]=NarrowOop [56]=Oop }
                      ;*invokestatic indexOfChar {reexecute=0 rethrow=0 return_oop=0}
                      ; - java.lang.StringLatin1::indexOf@33
                      ; - java.lang.String::indexOf@17
                      ; - java.lang.String::indexOf@3
                      ; - java.lang.ClassLoader::checkName@16
                      ; - java.lang.ClassLoader::findLoadedClass@1
                      ; - java.lang.ClassLoader::loadClass@10
  0x0000024518161874: 082b 7fff 

  0x0000024518161878: ;   {other}
  0x0000024518161878: 0f1f 8400 | 6864 0062 | baf6 ffff | ff48 8bac | 24e0 0000 | 0044 8b54 | 242c 4489 | 5424 204c 
  0x0000024518161898: 8b54 2440 | 4c89 5424 | 304c 8b54 | 2448 4c89 | 5424 384c | 8b54 2458 | 4c89 5424 | 404c 8b94 
  0x00000245181618b8: 24d8 0000 | 0048 895c | 2450 4c89 | 5424 5848 | 8944 2468 

  0x00000245181618cc: ;   {runtime_call UncommonTrapBlob}
  0x00000245181618cc: c5f8 77e8 

  0x00000245181618d0: ; ImmutableOopMap {rbp=Oop [64]=Oop [80]=Oop [88]=Oop [104]=Oop [216]=Oop }
                      ;*invokevirtual getResource {reexecute=0 rethrow=0 return_oop=0}
                      ; - java.net.URLClassLoader$1::run@26
                      ; - java.net.URLClassLoader$1::run@1
                      ; - java.security.AccessController::executePrivileged@29
                      ; - java.security.AccessController::doPrivileged@13
                      ; - java.net.URLClassLoader::findClass@13
                      ; - java.lang.ClassLoader::loadClass@69
  0x00000245181618d0: ac2a 7fff 

  0x00000245181618d4: ;   {other}
  0x00000245181618d4: 0f1f 8400 | c464 0063 | ba76 ffff | ff48 8bac | 24e0 0000 | 0044 8b4c | 242c 4489 | 4c24 204c 
  0x00000245181618f4: 8b54 2440 | 4c89 5424 | 304c 8b54 | 2448 4c89 | 5424 384c | 8b54 2458 | 4c89 5424 | 404c 8b94 
  0x0000024518161914: 24d8 0000 | 0048 895c | 2450 4c89 | 5424 5844 | 8944 2424 | 4489 5c24 | 644c 8954 | 2468 6690 
  0x0000024518161934: ;   {runtime_call UncommonTrapBlob}
  0x0000024518161934: c5f8 77e8 

  0x0000024518161938: ; ImmutableOopMap {rbp=Oop [36]=NarrowOop [64]=Oop [80]=Oop [88]=Oop [104]=Oop }
                      ;*if_icmpge {reexecute=1 rethrow=0 return_oop=0}
                      ; - (reexecute) java.lang.StringLatin1::replace@19
                      ; - java.lang.String::replace@18
                      ; - java.net.URLClassLoader$1::run@8
                      ; - java.net.URLClassLoader$1::run@1
                      ; - java.security.AccessController::executePrivileged@29
                      ; - java.security.AccessController::doPrivileged@13
                      ; - java.net.URLClassLoader::findClass@13
                      ; - java.lang.ClassLoader::loadClass@69
  0x0000024518161938: 442a 7fff 

  0x000002451816193c: ;   {other}
  0x000002451816193c: 0f1f 8400 | 2c65 0064 | 4863 d5e9 | 57ab ffff | bacc ffff | ff48 8bac | 24e0 0000 | 0044 8b5c 
  0x000002451816195c: 242c 4489 | 5c24 204c | 8b54 2440 | 4c89 5424 | 304c 8b54 | 2448 4c89 | 5424 384c | 8b54 2458 
  0x000002451816197c: 4c89 5424 | 404c 8b94 | 24d8 0000 | 0048 895c | 2450 4c89 | 5424 5848 | 897c 2468 | 4889 4424 
  0x000002451816199c: 7848 89b4 | 2480 0000 | 0044 894c | 2424 6690 

  0x00000245181619ac: ;   {runtime_call UncommonTrapBlob}
  0x00000245181619ac: c5f8 77e8 

  0x00000245181619b0: ; ImmutableOopMap {rbp=Oop [64]=Oop [80]=Oop [88]=Oop [104]=Oop [128]=Oop [216]=Oop }
                      ;*invokestatic arraycopy {reexecute=0 rethrow=0 return_oop=0}
                      ; - java.lang.String::getBytes@22
                      ; - java.lang.StringConcatHelper::prepend@21
                      ; - java.lang.StringConcatHelper::simpleConcat@71
                      ; - java.lang.String::concat@11
                      ; - java.net.URLClassLoader$1::run@13
                      ; - java.net.URLClassLoader$1::run@1
                      ; - java.security.AccessController::executePrivileged@29
                      ; - java.security.AccessController::doPrivileged@13
                      ; - java.net.URLClassLoader::findClass@13
                      ; - java.lang.ClassLoader::loadClass@69
  0x00000245181619b0: cc29 7fff 

  0x00000245181619b4: ;   {other}
  0x00000245181619b4: 0f1f 8400 | a465 0065 | bacc ffff | ff48 8bac | 24e0 0000 | 0044 8b5c | 242c 4489 | 5c24 204c 
  0x00000245181619d4: 8b54 2440 | 4c89 5424 | 304c 8b54 | 2448 4c89 | 5424 384c | 8b54 2458 | 4c89 5424 | 404c 8b94 
  0x00000245181619f4: 24d8 0000 | 0048 895c | 2450 4889 | 4c24 584c | 8954 2460 | 4889 7424 | 7844 8944 | 2424 6690 
  0x0000024518161a14: ;   {runtime_call UncommonTrapBlob}
  0x0000024518161a14: c5f8 77e8 

  0x0000024518161a18: ; ImmutableOopMap {rbp=Oop [64]=Oop [80]=Oop [88]=Oop [96]=Oop [120]=Oop [216]=Oop }
                      ;*invokestatic arraycopy {reexecute=0 rethrow=0 return_oop=0}
                      ; - java.lang.String::getBytes@22
                      ; - java.lang.StringConcatHelper::prepend@21
                      ; - java.lang.StringConcatHelper::simpleConcat@81
                      ; - java.lang.String::concat@11
                      ; - java.net.URLClassLoader$1::run@13
                      ; - java.net.URLClassLoader$1::run@1
                      ; - java.security.AccessController::executePrivileged@29
                      ; - java.security.AccessController::doPrivileged@13
                      ; - java.net.URLClassLoader::findClass@13
                      ; - java.lang.ClassLoader::loadClass@69
  0x0000024518161a18: 6429 7fff 

  0x0000024518161a1c: ;   {other}
  0x0000024518161a1c: 0f1f 8400 | 0c66 0066 | ba76 ffff | ff4c 8b94 | 24e0 0000 | 004c 8954 | 2420 448b | 4c24 2c44 
  0x0000024518161a3c: 894c 2428 | 4c8b 5424 | 404c 8954 | 2438 4c8b | 5424 484c | 8954 2440 | 4c8b 5424 | 584c 8954 
  0x0000024518161a5c: 2448 4c8b | 9424 d800 | 0000 4889 | 5c24 584c | 8954 2460 | 4489 4424 | 2c48 894c | 2470 4489 
  0x0000024518161a7c: 5c24 784c | 8994 2480 | 0000 0090 

  0x0000024518161a88: ;   {runtime_call UncommonTrapBlob}
  0x0000024518161a88: c5f8 77e8 

  0x0000024518161a8c: ; ImmutableOopMap {[32]=Oop [44]=NarrowOop [72]=Oop [88]=Oop [96]=Oop [112]=Oop [128]=Oop }
                      ;*if_icmpge {reexecute=1 rethrow=0 return_oop=0}
                      ; - (reexecute) java.lang.StringLatin1::replace@82
                      ; - java.lang.String::replace@18
                      ; - java.net.URLClassLoader$1::run@8
                      ; - java.net.URLClassLoader$1::run@1
                      ; - java.security.AccessController::executePrivileged@29
                      ; - java.security.AccessController::doPrivileged@13
                      ; - java.net.URLClassLoader::findClass@13
                      ; - java.lang.ClassLoader::loadClass@69
  0x0000024518161a8c: f028 7fff 

  0x0000024518161a90: ;   {other}
  0x0000024518161a90: 0f1f 8400 | 8066 0067 | 488b 4c24 | 5848 8d94 | 2430 0100 | 004d 8bc7 | c5f8 7749 | ba40 d94c 
  0x0000024518161ab0: 6dfa 7f00 | 0041 ffd2 

  0x0000024518161ab8: ;   {other}
  0x0000024518161ab8: 0f1f 8400 | 0000 0000 | e96b acff | ff33 ed45 | 85c9 400f | 94c5 ba45 | ffff ff4c | 8b54 2450 
  0x0000024518161ad8: 4c89 5424 | 204c 8b94 | 24d8 0000 | 004c 8954 | 2430 4c8b | 5424 584c | 8954 2440 

  0x0000024518161af4: ;   {runtime_call UncommonTrapBlob}
  0x0000024518161af4: c5f8 77e8 

  0x0000024518161af8: ; ImmutableOopMap {[32]=Oop [48]=Oop [64]=Oop }
                      ;*ifeq {reexecute=1 rethrow=0 return_oop=0}
                      ; - (reexecute) java.lang.String::indexOf@4
                      ; - java.lang.String::indexOf@3
                      ; - java.lang.ClassLoader::checkName@16
                      ; - java.lang.ClassLoader::findLoadedClass@1
                      ; - java.lang.ClassLoader::loadClass@10
  0x0000024518161af8: 8428 7fff 

  0x0000024518161afc: ;   {other}
  0x0000024518161afc: 0f1f 8400 | ec66 0068 | ba45 ffff | ff48 8b6c | 2450 4c8b | 9424 d800 | 0000 4c89 | 5424 2044 
  0x0000024518161b1c: 8b54 242c | 4489 5424 | 2889 5c24 | 2c66 6690 

  0x0000024518161b2c: ;   {runtime_call UncommonTrapBlob}
  0x0000024518161b2c: c5f8 77e8 

  0x0000024518161b30: ; ImmutableOopMap {rbp=Oop [32]=Oop [88]=Oop }
                      ;*if_icmpne {reexecute=1 rethrow=0 return_oop=0}
                      ; - (reexecute) java.lang.ClassLoader::checkName@20
                      ; - java.lang.ClassLoader::findLoadedClass@1
                      ; - java.lang.ClassLoader::loadClass@10
  0x0000024518161b30: 4c28 7fff 

  0x0000024518161b34: ;   {other}
  0x0000024518161b34: 0f1f 8400 | 2467 0069 | ba45 ffff | ff48 8b6c | 2450 4c8b | 9424 d800 | 0000 4c89 | 5424 2044 
  0x0000024518161b54: 8b44 242c | 4489 4424 | 2844 895c | 242c 6690 

  0x0000024518161b64: ;   {runtime_call UncommonTrapBlob}
  0x0000024518161b64: c5f8 77e8 

  0x0000024518161b68: ; ImmutableOopMap {rbp=Oop [32]=Oop [88]=Oop }
                      ;*if_icmpne {reexecute=1 rethrow=0 return_oop=0}
                      ; - (reexecute) java.lang.ClassLoader::checkName@30
                      ; - java.lang.ClassLoader::findLoadedClass@1
                      ; - java.lang.ClassLoader::loadClass@10
  0x0000024518161b68: 1428 7fff 

  0x0000024518161b6c: ;   {other}
  0x0000024518161b6c: 0f1f 8400 | 5c67 006a | ba45 ffff | ff49 8bea | 448b 5424 | 2c44 8954 | 2428 4889 | 4424 3844 
  0x0000024518161b8c: 895c 242c 

  0x0000024518161b90: ;   {runtime_call UncommonTrapBlob}
  0x0000024518161b90: c5f8 77e8 

  0x0000024518161b94: ; ImmutableOopMap {rbp=Oop [44]=NarrowOop [88]=Oop [216]=Oop }
                      ;*ifnull {reexecute=1 rethrow=0 return_oop=0}
                      ; - (reexecute) java.lang.ClassLoader::loadClass@29
  0x0000024518161b94: e827 7fff 

  0x0000024518161b98: ;   {other}
  0x0000024518161b98: 0f1f 8400 | 8867 006b | ba76 ffff | ff44 8b54 | 242c 4489 | 5424 204c | 8b54 2440 | 4c89 5424 
  0x0000024518161bb8: 304c 8b54 | 2448 4c89 | 5424 384c | 8b54 2458 | 4c89 5424 | 404c 8b94 | 24d8 0000 | 004c 8954 
  0x0000024518161bd8: 2448 4c8b | 5424 604c | 8954 2450 | 4c8b 9424 | 8800 0000 | 4c89 5424 | 5848 8944 | 2478 4489 
  0x0000024518161bf8: 4c24 2444 | 8984 2484 | 0000 0090 

  0x0000024518161c04: ;   {runtime_call UncommonTrapBlob}
  0x0000024518161c04: c5f8 77e8 

  0x0000024518161c08: ; ImmutableOopMap {rbp=Oop [36]=NarrowOop [64]=Oop [72]=Oop [80]=Oop [88]=Oop }
                      ;*iflt {reexecute=1 rethrow=0 return_oop=0}
                      ; - (reexecute) java.lang.StringLatin1::lastIndexOf@19
                      ; - java.lang.String::lastIndexOf@13
                      ; - java.lang.String::lastIndexOf@8
                      ; - java.net.URLClassLoader::defineClass@7
                      ; - java.net.URLClassLoader$1::run@43
                      ; - java.net.URLClassLoader$1::run@1
                      ; - java.security.AccessController::executePrivileged@29
                      ; - java.security.AccessController::doPrivileged@13
                      ; - java.net.URLClassLoader::findClass@13
                      ; - java.lang.ClassLoader::loadClass@69
  0x0000024518161c08: 7427 7fff 

  0x0000024518161c0c: ;   {other}
  0x0000024518161c0c: 0f1f 8400 | fc67 006c | baf6 ffff | ff48 8bac | 24e0 0000 | 0044 8b5c | 242c 4489 | 5c24 204c 
  0x0000024518161c2c: 8b54 2440 | 4c89 5424 | 304c 8b54 | 2448 4c89 | 5424 384c | 8b54 2458 | 4c89 5424 | 404c 8b94 
  0x0000024518161c4c: 24d8 0000 | 004c 8954 | 2448 4c8b | 5424 604c | 8954 2450 | 4c8b 9424 | 8800 0000 | 4c89 5424 
  0x0000024518161c6c: 584c 8b94 | 2490 0000 | 004c 8954 | 2470 4c8b | 9424 8000 | 0000 4c89 | 5424 7890 

  0x0000024518161c88: ;   {runtime_call UncommonTrapBlob}
  0x0000024518161c88: c5f8 77e8 

  0x0000024518161c8c: ; ImmutableOopMap {rbp=Oop [64]=Oop [72]=Oop [80]=Oop [88]=Oop [112]=Oop [176]=NarrowOop [248]=Oop }
                      ;*invokevirtual ensureInitialization {reexecute=0 rethrow=0 return_oop=0}
                      ; - java.util.jar.JavaUtilJarAccessImpl::ensureInitialization@1
                      ; - jdk.internal.loader.URLClassPath$JarLoader$2::getManifest@10
                      ; - java.net.URLClassLoader::defineClass@34
                      ; - java.net.URLClassLoader$1::run@43
                      ; - java.net.URLClassLoader$1::run@1
                      ; - java.security.AccessController::executePrivileged@29
                      ; - java.security.AccessController::doPrivileged@13
                      ; - java.net.URLClassLoader::findClass@13
                      ; - java.lang.ClassLoader::loadClass@69
  0x0000024518161c8c: f026 7fff 

  0x0000024518161c90: ;   {other}
  0x0000024518161c90: 0f1f 8400 | 8068 006d | baf6 ffff | ff48 8bac | 24e0 0000 | 0044 8b54 | 242c 4489 | 5424 204c 
  0x0000024518161cb0: 8b54 2440 | 4c89 5424 | 304c 8b54 | 2448 4c89 | 5424 384c | 8b54 2458 | 4c89 5424 | 404c 8b94 
  0x0000024518161cd0: 24d8 0000 | 004c 8954 | 2448 4c8b | 5424 604c | 8954 2450 | 4c8b 9424 | 8800 0000 | 4c89 5424 
  0x0000024518161cf0: 584c 8b94 | 2490 0000 | 004c 8954 | 2470 4c8b | 9424 8000 | 0000 4c89 | 5424 784c | 89ac 2488 
  0x0000024518161d10: 0000 0090 

  0x0000024518161d14: ;   {runtime_call UncommonTrapBlob}
  0x0000024518161d14: c5f8 77e8 

  0x0000024518161d18: ; ImmutableOopMap {rbp=Oop [64]=Oop [72]=Oop [80]=Oop [88]=Oop [112]=Oop [136]=Oop [176]=NarrowOop [248]=Oop }
                      ;*invokevirtual get {reexecute=0 rethrow=0 return_oop=0}
                      ; - java.lang.ClassLoader::getDefinedPackage@13
                      ; - java.net.URLClassLoader::getAndVerifyPackage@2
                      ; - java.net.URLClassLoader::defineClass@46
                      ; - java.net.URLClassLoader$1::run@43
                      ; - java.net.URLClassLoader$1::run@1
                      ; - java.security.AccessController::executePrivileged@29
                      ; - java.security.AccessController::doPrivileged@13
                      ; - java.net.URLClassLoader::findClass@13
                      ; - java.lang.ClassLoader::loadClass@69
  0x0000024518161d18: 6426 7fff 

  0x0000024518161d1c: ;   {other}
  0x0000024518161d1c: 0f1f 8400 | 0c69 006e | ba6e ffff | ff44 8b5c | 242c 4489 | 5c24 204c | 8b54 2440 | 4c89 5424 
  0x0000024518161d3c: 304c 8b54 | 2448 4c89 | 5424 384c | 8b54 2458 | 4c89 5424 | 404c 8b94 | 24d8 0000 | 004c 8954 
  0x0000024518161d5c: 2448 4c8b | 5424 604c | 8954 2450 | 4c8b 9424 | 8800 0000 | 4c89 5424 | 5848 8944 | 2478 4489 
  0x0000024518161d7c: 4c24 2444 | 8984 2484 | 0000 0090 

  0x0000024518161d88: ;   {runtime_call UncommonTrapBlob}
  0x0000024518161d88: c5f8 77e8 

  0x0000024518161d8c: ; ImmutableOopMap {rbp=Oop [36]=NarrowOop [64]=Oop [72]=Oop [80]=Oop [88]=Oop }
                      ;*iflt {reexecute=1 rethrow=0 return_oop=0}
                      ; - (reexecute) java.lang.StringLatin1::lastIndexOf@19
                      ; - java.lang.String::lastIndexOf@13
                      ; - java.lang.String::lastIndexOf@8
                      ; - java.net.URLClassLoader::defineClass@7
                      ; - java.net.URLClassLoader$1::run@43
                      ; - java.net.URLClassLoader$1::run@1
                      ; - java.security.AccessController::executePrivileged@29
                      ; - java.security.AccessController::doPrivileged@13
                      ; - java.net.URLClassLoader::findClass@13
                      ; - java.lang.ClassLoader::loadClass@69
  0x0000024518161d8c: f025 7fff 

  0x0000024518161d90: ;   {other}
  0x0000024518161d90: 0f1f 8400 | 8069 006f | bade ffff | ff48 8bac | 24e0 0000 | 0044 8b5c | 242c 4489 | 5c24 204c 
  0x0000024518161db0: 8b54 2440 | 4c89 5424 | 304c 8b54 | 2448 4c89 | 5424 384c | 8b54 2458 | 4c89 5424 | 404c 8b94 
  0x0000024518161dd0: 24d8 0000 | 004c 8954 | 2448 4c8b | 5424 604c | 8954 2450 | 4c8b 9424 | 8800 0000 | 4c89 5424 
  0x0000024518161df0: 584c 8b94 | 2480 0000 | 004c 8954 | 2478 6690 

  0x0000024518161e00: ;   {runtime_call UncommonTrapBlob}
  0x0000024518161e00: c5f8 77e8 

  0x0000024518161e04: ; ImmutableOopMap {rbp=Oop [64]=Oop [72]=Oop [80]=Oop [88]=Oop [176]=NarrowOop [248]=Oop }
                      ;*invokevirtual getManifest {reexecute=0 rethrow=0 return_oop=0}
                      ; - java.net.URLClassLoader::defineClass@34
                      ; - java.net.URLClassLoader$1::run@43
                      ; - java.net.URLClassLoader$1::run@1
                      ; - java.security.AccessController::executePrivileged@29
                      ; - java.security.AccessController::doPrivileged@13
                      ; - java.net.URLClassLoader::findClass@13
                      ; - java.lang.ClassLoader::loadClass@69
  0x0000024518161e04: 7825 7fff 

  0x0000024518161e08: ;   {other}
  0x0000024518161e08: 0f1f 8400 | f869 0070 | bade ffff | ff48 8bac | 24e0 0000 | 0044 8b54 | 242c 4489 | 5424 204c 
  0x0000024518161e28: 8b54 2440 | 4c89 5424 | 304c 8b54 | 2448 4c89 | 5424 384c | 8b54 2458 | 4c89 5424 | 404c 8b94 
  0x0000024518161e48: 24d8 0000 | 004c 8954 | 2448 4c8b | 5424 604c | 8954 2450 | 4c8b 9424 | 8800 0000 | 4c89 5424 
  0x0000024518161e68: 584c 8b94 | 2490 0000 | 004c 8954 | 2470 4c8b | 9424 8000 | 0000 4c89 | 5424 7844 | 898c 24a0 
  0x0000024518161e88: 0000 0044 | 899c 24a4 | 0000 0090 

  0x0000024518161e94: ;   {runtime_call UncommonTrapBlob}
  0x0000024518161e94: c5f8 77e8 

  0x0000024518161e98: ; ImmutableOopMap {rbp=Oop [64]=Oop [72]=Oop [80]=Oop [88]=Oop [112]=Oop [160]=NarrowOop [164]=NarrowOop [176]=NarrowOop [248]=Oop }
                      ;*invokeinterface ensureInitialization {reexecute=0 rethrow=0 return_oop=0}
                      ; - jdk.internal.loader.URLClassPath$JarLoader$2::getManifest@10
                      ; - java.net.URLClassLoader::defineClass@34
                      ; - java.net.URLClassLoader$1::run@43
                      ; - java.net.URLClassLoader$1::run@1
                      ; - java.security.AccessController::executePrivileged@29
                      ; - java.security.AccessController::doPrivileged@13
                      ; - java.net.URLClassLoader::findClass@13
                      ; - java.lang.ClassLoader::loadClass@69
  0x0000024518161e98: e424 7fff 

  0x0000024518161e9c: ;   {other}
  0x0000024518161e9c: 0f1f 8400 | 8c6a 0071 | 4c89 4424 | 7844 895c | 2470 4c8b | 9424 9000 | 0000 4c89 | 5424 6848 
  0x0000024518161ebc: 8974 2438 | 448b 9c24 | b000 0000 | 4489 5c24 | 284c 8b94 | 2488 0000 | 004c 8954 | 2430 488b 
  0x0000024518161edc: ac24 d800 | 0000 498b | d04c 8d84 | 2438 0100 | 004c 8b94 | 24e0 0000 | 004c 8994 | 2488 0000 
  0x0000024518161efc: 0066 6690 

  0x0000024518161f00: ;   {runtime_call _complete_monitor_locking_Java}
  0x0000024518161f00: c5f8 77e8 

  0x0000024518161f04: ; ImmutableOopMap {rbp=Oop [40]=NarrowOop [48]=Oop [56]=Oop [80]=Oop [88]=Oop [96]=Oop [104]=Oop [112]=NarrowOop [120]=Oop [136]=Oop [216]=Oop [224]=Oop [248]=Oop }
                      ;*synchronization entry
                      ; - java.util.jar.JarFile::ensureInitialization@-1
                      ; - java.util.jar.JavaUtilJarAccessImpl::ensureInitialization@1
                      ; - jdk.internal.loader.URLClassPath$JarLoader$2::getManifest@10
                      ; - java.net.URLClassLoader::defineClass@34
                      ; - java.net.URLClassLoader$1::run@43
                      ; - java.net.URLClassLoader$1::run@1
                      ; - java.security.AccessController::executePrivileged@29
                      ; - java.security.AccessController::doPrivileged@13
                      ; - java.net.URLClassLoader::findClass@13
                      ; - java.lang.ClassLoader::loadClass@69
  0x0000024518161f04: f826 8bff 

  0x0000024518161f08: ;   {other}
  0x0000024518161f08: 0f1f 8400 | f86a 0072 | 4c8b 5424 | 304c 8994 | 2488 0000 | 0044 8b54 | 2428 4489 | 9424 b000 
  0x0000024518161f28: 0000 4c8b | 5c24 684c | 899c 2490 | 0000 0044 | 8b5c 2470 | 4c8b 4424 | 7848 8b74 | 2438 e998 
  0x0000024518161f48: b6ff ff49 | 8bc8 488d | 9424 3801 | 0000 4d8b | c7c5 f877 | 49ba 40d9 | 4c6d fa7f | 0000 41ff 
  0x0000024518161f68: ;   {other}
  0x0000024518161f68: d20f 1f84 | 0000 0000 | 00e9 22b7 | ffff bade | ffff ff4c | 8b94 24e0 | 0000 004c | 8954 2420 
  0x0000024518161f88: 448b 5c24 | 2c44 895c | 2428 4c8b | 5424 404c | 8954 2438 | 4c8b 5424 | 484c 8954 | 2440 4c8b 
  0x0000024518161fa8: 5424 584c | 8954 2448 | 4c8b 9424 | d800 0000 | 4c89 5424 | 504c 8b54 | 2460 4c89 | 5424 584c 
  0x0000024518161fc8: 8b94 2488 | 0000 004c | 8954 2460 | 4c8b 9424 | 9000 0000 | 4c89 5424 | 7866 6690 

  0x0000024518161fe4: ;   {runtime_call UncommonTrapBlob}
  0x0000024518161fe4: c5f8 77e8 

  0x0000024518161fe8: ; ImmutableOopMap {rbp=NarrowOop [32]=Oop [72]=Oop [80]=Oop [88]=Oop [96]=Oop [120]=Oop [176]=NarrowOop [248]=Oop }
                      ;*invokevirtual getManifest {reexecute=0 rethrow=0 return_oop=0}
                      ; - jdk.internal.loader.URLClassPath$JarLoader$2::getManifest@22
                      ; - java.net.URLClassLoader::defineClass@34
                      ; - java.net.URLClassLoader$1::run@43
                      ; - java.net.URLClassLoader$1::run@1
                      ; - java.security.AccessController::executePrivileged@29
                      ; - java.security.AccessController::doPrivileged@13
                      ; - java.net.URLClassLoader::findClass@13
                      ; - java.lang.ClassLoader::loadClass@69
  0x0000024518161fe8: 9423 7fff 

  0x0000024518161fec: ;   {other}
  0x0000024518161fec: 0f1f 8400 | dc6b 0073 | 488b 4c24 | 5848 8d94 | 2430 0100 | 004d 8bc7 | c5f8 7749 | ba40 d94c 
  0x000002451816200c: 6dfa 7f00 | 0041 ffd2 

  0x0000024518162014: ;   {other}
  0x0000024518162014: 0f1f 8400 | 0000 0000 | e97e baff | ff33 ed45 | 85d2 400f | 94c5 ba45 | ffff ff4c | 8b94 24e0 
  0x0000024518162034: 0000 004c | 8954 2420 | 4c8b 5424 | 404c 8954 | 2438 4c8b | 5424 484c | 8954 2440 | 4c8b 5424 
  0x0000024518162054: 584c 8954 | 2448 4c8b | 9424 d800 | 0000 4889 | 5c24 584c | 8954 2460 | 4c89 5424 | 6866 6690 
  0x0000024518162074: ;   {runtime_call UncommonTrapBlob}
  0x0000024518162074: c5f8 77e8 

  0x0000024518162078: ; ImmutableOopMap {[32]=Oop [72]=Oop [88]=Oop [96]=Oop [104]=Oop }
                      ;*ifeq {reexecute=1 rethrow=0 return_oop=0}
                      ; - (reexecute) java.lang.String::replace@9
                      ; - java.net.URLClassLoader$1::run@8
                      ; - java.net.URLClassLoader$1::run@1
                      ; - java.security.AccessController::executePrivileged@29
                      ; - java.security.AccessController::doPrivileged@13
                      ; - java.net.URLClassLoader::findClass@13
                      ; - java.lang.ClassLoader::loadClass@69
  0x0000024518162078: 0423 7fff 

  0x000002451816207c: ;   {other}
  0x000002451816207c: 0f1f 8400 | 6c6c 0074 | ba76 ffff | ff4c 8b94 | 24e0 0000 | 004c 8954 | 2420 448b | 4c24 2c44 
  0x000002451816209c: 894c 2428 | 4c8b 5424 | 404c 8954 | 2438 4c8b | 5424 484c | 8954 2440 | 4c8b 5424 | 584c 8954 
  0x00000245181620bc: 2448 4c8b | 9424 d800 | 0000 4889 | 5c24 584c | 8954 2460 | 4489 4424 | 2c44 895c | 2468 4889 
  0x00000245181620dc: 4c24 704c | 8954 2478 

  0x00000245181620e4: ;   {runtime_call UncommonTrapBlob}
  0x00000245181620e4: c5f8 77e8 

  0x00000245181620e8: ; ImmutableOopMap {[32]=Oop [44]=NarrowOop [72]=Oop [88]=Oop [96]=Oop [112]=Oop [120]=Oop }
                      ;*if_icmpge {reexecute=1 rethrow=0 return_oop=0}
                      ; - (reexecute) java.lang.StringLatin1::replace@61
                      ; - java.lang.String::replace@18
                      ; - java.net.URLClassLoader$1::run@8
                      ; - java.net.URLClassLoader$1::run@1
                      ; - java.security.AccessController::executePrivileged@29
                      ; - java.security.AccessController::doPrivileged@13
                      ; - java.net.URLClassLoader::findClass@13
                      ; - java.lang.ClassLoader::loadClass@69
  0x00000245181620e8: 9422 7fff 

  0x00000245181620ec: ;   {other}
  0x00000245181620ec: 0f1f 8400 | dc6c 0075 | ba45 ffff | ff48 8bac | 24e0 0000 | 0044 8b54 | 242c 4489 | 5424 204c 
  0x000002451816210c: 8b54 2440 | 4c89 5424 | 304c 8b54 | 2448 4c89 | 5424 384c | 8b54 2458 | 4c89 5424 | 404c 8b94 
  0x000002451816212c: 24d8 0000 | 0048 895c | 2450 4c89 | 5424 5848 | 897c 2468 | 4489 4c24 | 2466 6690 

  0x0000024518162148: ;   {runtime_call UncommonTrapBlob}
  0x0000024518162148: c5f8 77e8 

  0x000002451816214c: ; ImmutableOopMap {rbp=Oop [64]=Oop [80]=Oop [88]=Oop [104]=Oop [216]=Oop }
                      ;*iflt {reexecute=1 rethrow=0 return_oop=0}
                      ; - (reexecute) java.lang.StringConcatHelper::checkOverflow@2
                      ; - java.lang.StringConcatHelper::mix@23
                      ; - java.lang.StringConcatHelper::simpleConcat@46
                      ; - java.lang.String::concat@11
                      ; - java.net.URLClassLoader$1::run@13
                      ; - java.net.URLClassLoader$1::run@1
                      ; - java.security.AccessController::executePrivileged@29
                      ; - java.security.AccessController::doPrivileged@13
                      ; - java.net.URLClassLoader::findClass@13
                      ; - java.lang.ClassLoader::loadClass@69
  0x000002451816214c: 3022 7fff 

  0x0000024518162150: ;   {other}
  0x0000024518162150: 0f1f 8400 | 406d 0076 | ba45 ffff | ff4c 8b94 | 24e0 0000 | 004c 8954 | 2420 4c8b | 5424 404c 
  0x0000024518162170: 8954 2438 | 4c8b 5424 | 484c 8954 | 2440 4c8b | 5424 584c | 8954 2448 | 4c8b 9424 | d800 0000 
  0x0000024518162190: 4889 5c24 | 584c 8954 | 2460 4889 | 7c24 7090 

  0x00000245181621a0: ;   {runtime_call UncommonTrapBlob}
  0x00000245181621a0: c5f8 77e8 

  0x00000245181621a4: ; ImmutableOopMap {[32]=Oop [72]=Oop [88]=Oop [96]=Oop [112]=Oop [216]=Oop }
                      ;*iflt {reexecute=1 rethrow=0 return_oop=0}
                      ; - (reexecute) java.lang.StringConcatHelper::checkOverflow@2
                      ; - java.lang.StringConcatHelper::mix@23
                      ; - java.lang.StringConcatHelper::simpleConcat@54
                      ; - java.lang.String::concat@11
                      ; - java.net.URLClassLoader$1::run@13
                      ; - java.net.URLClassLoader$1::run@1
                      ; - java.security.AccessController::executePrivileged@29
                      ; - java.security.AccessController::doPrivileged@13
                      ; - java.net.URLClassLoader::findClass@13
                      ; - java.lang.ClassLoader::loadClass@69
  0x00000245181621a4: d821 7fff 

  0x00000245181621a8: ;   {other}
  0x00000245181621a8: 0f1f 8400 | 986d 0077 | ba45 ffff | ff48 8bac | 24e0 0000 | 0044 8b5c | 242c 4489 | 5c24 204c 
  0x00000245181621c8: 8b5c 2440 | 4c89 5c24 | 304c 8b5c | 2448 4c89 | 5c24 384c | 8b5c 2458 | 4c89 5c24 | 404c 8b9c 
  0x00000245181621e8: 24d8 0000 | 0048 895c | 2450 4c89 | 5c24 5848 | 897c 2470 | 4889 7424 | 7844 8954 | 2424 6690 
  0x0000024518162208: ;   {runtime_call UncommonTrapBlob}
  0x0000024518162208: c5f8 77e8 

  0x000002451816220c: ; ImmutableOopMap {rbp=Oop [64]=Oop [80]=Oop [88]=Oop [112]=Oop [120]=Oop [216]=Oop }
                      ;*if_icmpne {reexecute=1 rethrow=0 return_oop=0}
                      ; - (reexecute) java.lang.String::getBytes@5
                      ; - java.lang.StringConcatHelper::prepend@21
                      ; - java.lang.StringConcatHelper::simpleConcat@81
                      ; - java.lang.String::concat@11
                      ; - java.net.URLClassLoader$1::run@13
                      ; - java.net.URLClassLoader$1::run@1
                      ; - java.security.AccessController::executePrivileged@29
                      ; - java.security.AccessController::doPrivileged@13
                      ; - java.net.URLClassLoader::findClass@13
                      ; - java.lang.ClassLoader::loadClass@69
  0x000002451816220c: 7021 7fff 

  0x0000024518162210: ;   {other}
  0x0000024518162210: 0f1f 8400 | 006e 0078 | ba45 ffff | ff48 8bac | 24e0 0000 | 0044 8b44 | 242c 4489 | 4424 204c 
  0x0000024518162230: 8b5c 2440 | 4c89 5c24 | 304c 8b5c | 2448 4c89 | 5c24 384c | 8b5c 2458 | 4c89 5c24 | 404c 8b9c 
  0x0000024518162250: 24d8 0000 | 0048 895c | 2450 4c89 | 5c24 5848 | 897c 2468 | 4889 4424 | 7044 8954 | 2424 6690 
  0x0000024518162270: ;   {runtime_call UncommonTrapBlob}
  0x0000024518162270: c5f8 77e8 

  0x0000024518162274: ; ImmutableOopMap {rbp=Oop [64]=Oop [80]=Oop [88]=Oop [104]=Oop [216]=Oop }
                      ;*if_icmpne {reexecute=1 rethrow=0 return_oop=0}
                      ; - (reexecute) java.lang.StringConcatHelper::mix@13
                      ; - java.lang.StringConcatHelper::simpleConcat@46
                      ; - java.lang.String::concat@11
                      ; - java.net.URLClassLoader$1::run@13
                      ; - java.net.URLClassLoader$1::run@1
                      ; - java.security.AccessController::executePrivileged@29
                      ; - java.security.AccessController::doPrivileged@13
                      ; - java.net.URLClassLoader::findClass@13
                      ; - java.lang.ClassLoader::loadClass@69
  0x0000024518162274: 0821 7fff 

  0x0000024518162278: ;   {other}
  0x0000024518162278: 0f1f 8400 | 686e 0079 | ba45 ffff | ff4c 8b94 | 24e0 0000 | 004c 8954 | 2420 4c8b | 5424 404c 
  0x0000024518162298: 8954 2438 | 4c8b 5424 | 484c 8954 | 2440 4c8b | 5424 584c | 8954 2448 | 4c8b 9424 | d800 0000 
  0x00000245181622b8: 4889 5c24 | 584c 8954 | 2460 4889 | 7c24 704c | 895c 2478 

  0x00000245181622cc: ;   {runtime_call UncommonTrapBlob}
  0x00000245181622cc: c5f8 77e8 

  0x00000245181622d0: ; ImmutableOopMap {[32]=Oop [72]=Oop [88]=Oop [96]=Oop [112]=Oop [216]=Oop }
                      ;*ifge {reexecute=1 rethrow=0 return_oop=0}
                      ; - (reexecute) java.lang.StringConcatHelper::newArray@13
                      ; - java.lang.StringConcatHelper::simpleConcat@61
                      ; - java.lang.String::concat@11
                      ; - java.net.URLClassLoader$1::run@13
                      ; - java.net.URLClassLoader$1::run@1
                      ; - java.security.AccessController::executePrivileged@29
                      ; - java.security.AccessController::doPrivileged@13
                      ; - java.net.URLClassLoader::findClass@13
                      ; - java.lang.ClassLoader::loadClass@69
  0x00000245181622d0: ac20 7fff 

  0x00000245181622d4: ;   {other}
  0x00000245181622d4: 0f1f 8400 | c46e 007a | baf6 ffff | ff49 8beb | 448b 5424 | 2c44 8954 | 2420 4c8b | 5424 404c 
  0x00000245181622f4: 8954 2430 | 4c8b 5424 | 484c 8954 | 2438 4c8b | 5424 584c | 8954 2440 | 4c8b 9424 | d800 0000 
  0x0000024518162314: 4c89 5424 | 484c 8b54 | 2460 4c89 | 5424 504c | 8b94 2488 | 0000 004c | 8954 2458 | 4c8b 9424 
  0x0000024518162334: 9000 0000 | 4c89 5424 | 704c 8b94 | 2480 0000 | 004c 8954 | 2478 4c89 | ac24 8800 | 0000 4c89 
  0x0000024518162354: 8c24 9000 | 0000 6690 

  0x000002451816235c: ;   {runtime_call UncommonTrapBlob}
  0x000002451816235c: c5f8 77e8 

  0x0000024518162360: ; ImmutableOopMap {rbp=Oop [64]=Oop [72]=Oop [80]=Oop [88]=Oop [112]=Oop [136]=Oop [144]=Oop [176]=NarrowOop }
                      ;*invokevirtual get {reexecute=0 rethrow=0 return_oop=0}
                      ; - java.lang.ClassLoader::definePackage@47
                      ; - java.lang.ClassLoader::getDefinedPackage@32
                      ; - java.net.URLClassLoader::getAndVerifyPackage@2
                      ; - java.net.URLClassLoader::defineClass@46
                      ; - java.net.URLClassLoader$1::run@43
                      ; - java.net.URLClassLoader$1::run@1
                      ; - java.security.AccessController::executePrivileged@29
                      ; - java.security.AccessController::doPrivileged@13
                      ; - java.net.URLClassLoader::findClass@13
                      ; - java.lang.ClassLoader::loadClass@69
  0x0000024518162360: 1c20 7fff 

  0x0000024518162364: ;   {other}
  0x0000024518162364: 0f1f 8400 | 546f 007b | 418b e94d | 63d1 e910 | a9ff ffba | 76ff ffff | 488b ac24 | e000 0000 
  0x0000024518162384: 8b7c 242c | 897c 2420 | 488b 5c24 | 4048 895c | 2430 488b | 5c24 4848 | 895c 2438 | 488b 5c24 
  0x00000245181623a4: 5848 895c | 2440 488b | 9c24 d800 | 0000 4889 | 5c24 4848 | 8b5c 2460 | 4889 5c24 | 5048 8b9c 
  0x00000245181623c4: 2488 0000 | 0048 895c | 2458 488b | 9c24 9000 | 0000 4889 | 5c24 7048 | 8b9c 2480 | 0000 0048 
  0x00000245181623e4: 895c 2478 | 8bbc 24b0 | 0000 0089 | 7c24 244c | 898c 2490 | 0000 004c | 899c 2498 | 0000 004c 
  0x0000024518162404: 89ac 24a0 | 0000 004c | 89ac 24a8 | 0000 004c | 898c 24b0 | 0000 0089 | 8c24 b800 | 0000 4489 
  0x0000024518162424: 8424 c000 | 0000 4489 | 9424 c400 | 0000 6690 

  0x0000024518162434: ;   {runtime_call UncommonTrapBlob}
  0x0000024518162434: c5f8 77e8 

  0x0000024518162438: ; ImmutableOopMap {rbp=Oop [36]=NarrowOop [64]=Oop [72]=Oop [80]=Oop [88]=Oop [112]=Oop [144]=Oop [152]=Oop [160]=Oop [168]=Oop [176]=Oop [184]=NarrowOop [196]=NarrowOop }
                      ;*if_icmpge {reexecute=1 rethrow=0 return_oop=0}
                      ; - (reexecute) java.lang.StringLatin1::replace@19
                      ; - java.lang.String::replace@18
                      ; - java.net.URLClassLoader::isSealed@9
                      ; - java.net.URLClassLoader::getAndVerifyPackage@68
                      ; - java.net.URLClassLoader::defineClass@46
                      ; - java.net.URLClassLoader$1::run@43
                      ; - java.net.URLClassLoader$1::run@1
                      ; - java.security.AccessController::executePrivileged@29
                      ; - java.security.AccessController::doPrivileged@13
                      ; - java.net.URLClassLoader::findClass@13
                      ; - java.lang.ClassLoader::loadClass@69
  0x0000024518162438: 441f 7fff 

  0x000002451816243c: ;   {other}
  0x000002451816243c: 0f1f 8400 | 2c70 007c | ba45 ffff | ff48 8bac | 24e0 0000 | 0044 8b5c | 242c 4489 | 5c24 204c 
  0x000002451816245c: 8b54 2440 | 4c89 5424 | 304c 8b54 | 2448 4c89 | 5424 384c | 8b54 2458 | 4c89 5424 | 404c 8b94 
  0x000002451816247c: 24d8 0000 | 004c 8954 | 2448 4c8b | 5424 604c | 8954 2450 | 4c8b 9424 | 8800 0000 | 4c89 5424 
  0x000002451816249c: 584c 8b94 | 2490 0000 | 004c 8954 | 2470 4c8b | 9424 8000 | 0000 4c89 | 5424 7844 | 8b9c 24b0 
  0x00000245181624bc: 0000 004c | 898c 2498 | 0000 004c | 89ac 24a0 | 0000 0044 | 899c 24a8 | 0000 004c | 898c 24b8 
  0x00000245181624dc: 0000 0089 | 8c24 ac00 | 0000 6690 

  0x00000245181624e8: ;   {runtime_call UncommonTrapBlob}
  0x00000245181624e8: c5f8 77e8 

  0x00000245181624ec: ; ImmutableOopMap {rbp=Oop [64]=Oop [72]=Oop [80]=Oop [88]=Oop [112]=Oop [152]=Oop [160]=Oop [168]=NarrowOop [172]=NarrowOop [184]=Oop }
                      ;*ifeq {reexecute=1 rethrow=0 return_oop=0}
                      ; - (reexecute) java.lang.ClassLoader::definePackage@4
                      ; - java.lang.ClassLoader::getDefinedPackage@32
                      ; - java.net.URLClassLoader::getAndVerifyPackage@2
                      ; - java.net.URLClassLoader::defineClass@46
                      ; - java.net.URLClassLoader$1::run@43
                      ; - java.net.URLClassLoader$1::run@1
                      ; - java.security.AccessController::executePrivileged@29
                      ; - java.security.AccessController::doPrivileged@13
                      ; - java.net.URLClassLoader::findClass@13
                      ; - java.lang.ClassLoader::loadClass@69
  0x00000245181624ec: 901e 7fff 

  0x00000245181624f0: ;   {other}
  0x00000245181624f0: 0f1f 8400 | e070 007d | bade ffff | ff48 8bac | 24e0 0000 | 0044 8b44 | 242c 4489 | 4424 204c 
  0x0000024518162510: 8b44 2440 | 4c89 4424 | 304c 8b44 | 2448 4c89 | 4424 384c | 8b44 2458 | 4c89 4424 | 404c 8b84 
  0x0000024518162530: 24d8 0000 | 004c 8944 | 2448 4c8b | 4424 604c | 8944 2450 | 4c8b 8424 | 8800 0000 | 4c89 4424 
  0x0000024518162550: 584c 8b84 | 2490 0000 | 004c 8944 | 2470 4c8b | 8424 8000 | 0000 4c89 | 4424 7844 | 8b84 24b0 
  0x0000024518162570: 0000 0044 | 8944 2424 | 4c89 8c24 | 9000 0000 | 4c89 9c24 | 9800 0000 | 4c89 ac24 | a000 0000 
  0x0000024518162590: 4c89 ac24 | a800 0000 | 4489 9424 | c000 0000 | 4889 8424 | c800 0000 

  0x00000245181625a8: ;   {runtime_call UncommonTrapBlob}
  0x00000245181625a8: c5f8 77e8 

  0x00000245181625ac: ; ImmutableOopMap {rbp=Oop [36]=NarrowOop [64]=Oop [72]=Oop [80]=Oop [88]=Oop [112]=Oop [144]=Oop [152]=Oop [160]=Oop [168]=Oop [192]=NarrowOop [200]=Oop }
                      ;*invokeinterface getTrustedAttributes {reexecute=0 rethrow=0 return_oop=0}
                      ; - java.net.URLClassLoader::isSealed@18
                      ; - java.net.URLClassLoader::getAndVerifyPackage@68
                      ; - java.net.URLClassLoader::defineClass@46
                      ; - java.net.URLClassLoader$1::run@43
                      ; - java.net.URLClassLoader$1::run@1
                      ; - java.security.AccessController::executePrivileged@29
                      ; - java.security.AccessController::doPrivileged@13
                      ; - java.net.URLClassLoader::findClass@13
                      ; - java.lang.ClassLoader::loadClass@69
  0x00000245181625ac: d01d 7fff 

  0x00000245181625b0: ;   {other}
  0x00000245181625b0: 0f1f 8400 | a071 007e | bade ffff | ff48 ffb4 | 24e0 0000 | 0048 8f44 | 2420 448b | 5424 2c44 
  0x00000245181625d0: 8954 2428 | 4c8b 5424 | 404c 8954 | 2438 4c8b | 5424 484c | 8954 2440 | 4c8b 5424 | 584c 8954 
  0x00000245181625f0: 2448 4c8b | 9424 d800 | 0000 4c89 | 5424 504c | 8b54 2460 | 4c89 5424 | 584c 8b94 | 2488 0000 
  0x0000024518162610: 004c 8954 | 2460 4c8b | 9424 9000 | 0000 4c89 | 5424 7844 | 8b84 24b0 | 0000 0044 | 8944 242c 
  0x0000024518162630: 4c89 8c24 | 9800 0000 | 4c89 9c24 | a000 0000 | 4c89 ac24 | a800 0000 | 4c89 ac24 | b000 0000 
  0x0000024518162650: 4889 8424 | d000 0000 

  0x0000024518162658: ;   {runtime_call UncommonTrapBlob}
  0x0000024518162658: c5f8 77e8 

  0x000002451816265c: ; ImmutableOopMap {rbp=NarrowOop [32]=Oop [44]=NarrowOop [72]=Oop [80]=Oop [88]=Oop [96]=Oop [120]=Oop [152]=Oop [160]=Oop [168]=Oop [176]=Oop [208]=Oop }
                      ;*invokeinterface get {reexecute=0 rethrow=0 return_oop=0}
                      ; - java.util.jar.Manifest::getAttributes@5
                      ; - java.util.jar.Manifest::getTrustedAttributes@2
                      ; - java.util.jar.JavaUtilJarAccessImpl::getTrustedAttributes@2
                      ; - java.net.URLClassLoader::isSealed@18
                      ; - java.net.URLClassLoader::getAndVerifyPackage@68
                      ; - java.net.URLClassLoader::defineClass@46
                      ; - java.net.URLClassLoader$1::run@43
                      ; - java.net.URLClassLoader$1::run@1
                      ; - java.security.AccessController::executePrivileged@29
                      ; - java.security.AccessController::doPrivileged@13
                      ; - java.net.URLClassLoader::findClass@13
                      ; - java.lang.ClassLoader::loadClass@69
  0x000002451816265c: 201d 7fff 

  0x0000024518162660: ;   {other}
  0x0000024518162660: 0f1f 8400 | 5072 007f | bade ffff | ff44 8b44 | 242c 4489 | 4424 284c | 8b54 2440 | 4c89 5424 
  0x0000024518162680: 384c 8b54 | 2448 4c89 | 5424 404c | 8b54 2458 | 4c89 5424 | 484c 8b94 | 24d8 0000 | 004c 8954 
  0x00000245181626a0: 2450 4c8b | 5424 604c | 8954 2458 | 4c8b 9424 | 8800 0000 | 4c89 5424 | 604c 8b94 | 2490 0000 
  0x00000245181626c0: 004c 8954 | 2478 448b | 8424 b000 | 0000 4489 | 4424 2c4c | 89ac 2490 | 0000 004c | 898c 2498 
  0x00000245181626e0: 0000 004c | 899c 24a0 | 0000 0090 

  0x00000245181626ec: ;   {runtime_call UncommonTrapBlob}
  0x00000245181626ec: c5f8 77e8 

  0x00000245181626f0: ; ImmutableOopMap {rbp=NarrowOop [44]=NarrowOop [72]=Oop [80]=Oop [88]=Oop [96]=Oop [120]=Oop [144]=Oop [152]=Oop [160]=Oop [224]=Oop }
                      ;*invokeinterface get {reexecute=0 rethrow=0 return_oop=0}
                      ; - java.util.jar.Attributes::get@5
                      ; - java.util.jar.Attributes::getValue@2
                      ; - java.net.URLClassLoader::isSealed@58
                      ; - java.net.URLClassLoader::getAndVerifyPackage@68
                      ; - java.net.URLClassLoader::defineClass@46
                      ; - java.net.URLClassLoader$1::run@43
                      ; - java.net.URLClassLoader$1::run@1
                      ; - java.security.AccessController::executePrivileged@29
                      ; - java.security.AccessController::doPrivileged@13
                      ; - java.net.URLClassLoader::findClass@13
                      ; - java.lang.ClassLoader::loadClass@69
  0x00000245181626f0: 8c1c 7fff 

  0x00000245181626f4: ;   {other}
  0x00000245181626f4: 0f1f 8400 | e472 0080 | bacc ffff | ff48 8bac | 24e0 0000 | 0044 8b54 | 242c 4489 | 5424 204c 
  0x0000024518162714: 8b54 2440 | 4c89 5424 | 304c 8b54 | 2448 4c89 | 5424 384c | 8b54 2458 | 4c89 5424 | 404c 8b94 
  0x0000024518162734: 24d8 0000 | 004c 8954 | 2448 4c8b | 5424 604c | 8954 2450 | 4c8b 9424 | 8800 0000 | 4c89 5424 
  0x0000024518162754: 584c 8b94 | 2490 0000 | 004c 8954 | 2470 4c8b | 9424 8000 | 0000 4c89 | 5424 7844 | 8b9c 24b0 
  0x0000024518162774: 0000 0044 | 895c 2424 | 4c8b 9424 | 9800 0000 | 4c89 9424 | 8000 0000 | 4c8b 9424 | a800 0000 
  0x0000024518162794: 4c89 9424 | 8800 0000 | 4c8b 9424 | a000 0000 | 4c89 9424 | 9800 0000 | 448b 9424 | c800 0000 
  0x00000245181627b4: 4489 9424 | c400 0000 | 4c8b 9424 | d000 0000 | 4c89 9424 | c800 0000 | 4889 9c24 | e000 0000 
  0x00000245181627d4: ;   {runtime_call UncommonTrapBlob}
  0x00000245181627d4: c5f8 77e8 

  0x00000245181627d8: ; ImmutableOopMap {rbp=Oop [36]=NarrowOop [64]=Oop [72]=Oop [80]=Oop [88]=Oop [112]=Oop [128]=Oop [136]=Oop [152]=Oop [196]=NarrowOop [200]=Oop [224]=Oop }
                      ;*invokestatic arraycopy {reexecute=0 rethrow=0 return_oop=0}
                      ; - java.lang.String::getBytes@22
                      ; - java.lang.StringConcatHelper::prepend@21
                      ; - java.lang.StringConcatHelper::simpleConcat@71
                      ; - java.lang.String::concat@11
                      ; - java.net.URLClassLoader::isSealed@15
                      ; - java.net.URLClassLoader::getAndVerifyPackage@68
                      ; - java.net.URLClassLoader::defineClass@46
                      ; - java.net.URLClassLoader$1::run@43
                      ; - java.net.URLClassLoader$1::run@1
                      ; - java.security.AccessController::executePrivileged@29
                      ; - java.security.AccessController::doPrivileged@13
                      ; - java.net.URLClassLoader::findClass@13
                      ; - java.lang.ClassLoader::loadClass@69
  0x00000245181627d8: a41b 7fff 

  0x00000245181627dc: ;   {other}
  0x00000245181627dc: 0f1f 8400 | cc73 0081 | bacc ffff | ff48 8bac | 24e0 0000 | 0044 8b54 | 242c 4489 | 5424 204c 
  0x00000245181627fc: 8b54 2440 | 4c89 5424 | 304c 8b54 | 2448 4c89 | 5424 384c | 8b54 2458 | 4c89 5424 | 404c 8b94 
  0x000002451816281c: 24d8 0000 | 004c 8954 | 2448 4c8b | 5424 604c | 8954 2450 | 4c8b 9424 | 8800 0000 | 4c89 5424 
  0x000002451816283c: 584c 8b94 | 2490 0000 | 004c 8954 | 2470 4c8b | 9424 8000 | 0000 4c89 | 5424 7844 | 8b9c 24b0 
  0x000002451816285c: 0000 0044 | 895c 2424 | 4c8b 9424 | 9800 0000 | 4c89 9424 | 8000 0000 | 4c8b 9424 | a800 0000 
  0x000002451816287c: 4c89 9424 | 8800 0000 | 4c8b 9424 | a000 0000 | 4c89 9424 | 9800 0000 | 4c8b 9424 | b800 0000 
  0x000002451816289c: 4c89 9424 | b000 0000 | 4889 9c24 | d800 0000 

  0x00000245181628ac: ;   {runtime_call UncommonTrapBlob}
  0x00000245181628ac: c5f8 77e8 

  0x00000245181628b0: ; ImmutableOopMap {rbp=Oop [36]=NarrowOop [64]=Oop [72]=Oop [80]=Oop [88]=Oop [112]=Oop [128]=Oop [136]=Oop [152]=Oop [176]=Oop [200]=NarrowOop [216]=Oop }
                      ;*invokestatic arraycopy {reexecute=0 rethrow=0 return_oop=0}
                      ; - java.lang.String::getBytes@22
                      ; - java.lang.StringConcatHelper::prepend@21
                      ; - java.lang.StringConcatHelper::simpleConcat@81
                      ; - java.lang.String::concat@11
                      ; - java.net.URLClassLoader::isSealed@15
                      ; - java.net.URLClassLoader::getAndVerifyPackage@68
                      ; - java.net.URLClassLoader::defineClass@46
                      ; - java.net.URLClassLoader$1::run@43
                      ; - java.net.URLClassLoader$1::run@1
                      ; - java.security.AccessController::executePrivileged@29
                      ; - java.security.AccessController::doPrivileged@13
                      ; - java.net.URLClassLoader::findClass@13
                      ; - java.lang.ClassLoader::loadClass@69
  0x00000245181628b0: cc1a 7fff 

  0x00000245181628b4: ;   {other}
  0x00000245181628b4: 0f1f 8400 | a474 0082 | 4963 cae9 | 38ab ffff | 4883 c1fe | 498b fb48 | 33c0 4883 | f908 7f10 
  0x00000245181628d4: 48ff c978 | 4f48 8904 | cf48 ffc9 | 7df7 eb44 | c5fd efc0 | e90d 0000 | 00c5 fe7f | 07c5 fe7f 
  0x00000245181628f4: 4720 4883 | c740 4883 | e908 7ded | 4883 c104 | 7c0c c5fe | 7f07 4883 | c720 4883 | e904 4883 
  0x0000024518162914: c104 7e10 | 48ff c9c5 | f9d6 0748 | 83c7 0848 | ffc9 7df3 | e99a abff | ffba ccff | ffff 488b 
  0x0000024518162934: ac24 e000 | 0000 448b | 4424 2c44 | 8944 2420 | 4c8b 5c24 | 404c 895c | 2430 4c8b | 5c24 484c 
  0x0000024518162954: 895c 2438 | 4c8b 5c24 | 584c 895c | 2440 4c8b | 9c24 d800 | 0000 4c89 | 5c24 484c | 8b5c 2460 
  0x0000024518162974: 4c89 5c24 | 504c 8b9c | 2488 0000 | 004c 895c | 2458 4c8b | 9c24 8000 | 0000 4c89 | 5c24 7844 
  0x0000024518162994: 898c 2480 | 0000 0044 | 8994 2488 | 0000 0048 | 899c 24a8 | 0000 0090 

  0x00000245181629ac: ;   {runtime_call UncommonTrapBlob}
  0x00000245181629ac: c5f8 77e8 

  0x00000245181629b0: ; ImmutableOopMap {rbp=Oop [64]=Oop [72]=Oop [80]=Oop [88]=Oop [128]=NarrowOop [168]=Oop [176]=NarrowOop }
                      ;*newarray {reexecute=1 rethrow=0 return_oop=0}
                      ; - (reexecute) java.util.Arrays::copyOfRangeByte@10
                      ; - java.util.Arrays::copyOfRange@13
                      ; - java.lang.StringLatin1::newString@16
                      ; - java.lang.String::substring@41
                      ; - java.net.URLClassLoader::defineClass@28
                      ; - java.net.URLClassLoader$1::run@43
                      ; - java.net.URLClassLoader$1::run@1
                      ; - java.security.AccessController::executePrivileged@29
                      ; - java.security.AccessController::doPrivileged@13
                      ; - java.net.URLClassLoader::findClass@13
                      ; - java.lang.ClassLoader::loadClass@69
  0x00000245181629b0: cc19 7fff 

  0x00000245181629b4: ;   {other}
  0x00000245181629b4: 0f1f 8400 | a475 0083 | 458b d0e9 | b7a8 ffff | 33ed 4585 | c040 0f94 | c5ba 45ff | ffff 4c8b 
  0x00000245181629d4: 9c24 e000 | 0000 4c89 | 5c24 2044 | 8b5c 242c | 4489 5c24 | 284c 8b5c | 2440 4c89 | 5c24 384c 
  0x00000245181629f4: 8b5c 2448 | 4c89 5c24 | 404c 8b5c | 2458 4c89 | 5c24 484c | 8b9c 24d8 | 0000 004c | 895c 2450 
  0x0000024518162a14: 4c8b 5c24 | 604c 895c | 2458 4c8b | 9c24 8800 | 0000 4c89 | 5c24 6044 | 8954 242c 

  0x0000024518162a30: ;   {runtime_call UncommonTrapBlob}
  0x0000024518162a30: c5f8 77e8 

  0x0000024518162a34: ; ImmutableOopMap {[32]=Oop [72]=Oop [80]=Oop [88]=Oop [96]=Oop }
                      ;*ifeq {reexecute=1 rethrow=0 return_oop=0}
                      ; - (reexecute) java.lang.String::lastIndexOf@4
                      ; - java.lang.String::lastIndexOf@8
                      ; - java.net.URLClassLoader::defineClass@7
                      ; - java.net.URLClassLoader$1::run@43
                      ; - java.net.URLClassLoader$1::run@1
                      ; - java.security.AccessController::executePrivileged@29
                      ; - java.security.AccessController::doPrivileged@13
                      ; - java.net.URLClassLoader::findClass@13
                      ; - java.lang.ClassLoader::loadClass@69
  0x0000024518162a34: 4819 7fff 

  0x0000024518162a38: ;   {other}
  0x0000024518162a38: 0f1f 8400 | 2876 0084 | ba45 ffff | ff48 8bac | 24e0 0000 | 0044 8b44 | 242c 4489 | 4424 204c 
  0x0000024518162a58: 8b5c 2440 | 4c89 5c24 | 304c 8b5c | 2448 4c89 | 5c24 384c | 8b5c 2458 | 4c89 5c24 | 404c 8b9c 
  0x0000024518162a78: 24d8 0000 | 004c 895c | 2448 4c8b | 5c24 604c | 895c 2450 | 4c8b 9c24 | 8800 0000 | 4c89 5c24 
  0x0000024518162a98: 584c 8b9c | 2480 0000 | 004c 895c | 2478 4489 | 9424 8c00 | 0000 4489 | 9424 9000 | 0000 898c 
  0x0000024518162ab8: 24a8 0000 | 0066 6690 

  0x0000024518162ac0: ;   {runtime_call UncommonTrapBlob}
  0x0000024518162ac0: c5f8 77e8 

  0x0000024518162ac4: ; ImmutableOopMap {rbp=Oop [64]=Oop [72]=Oop [80]=Oop [88]=Oop [176]=NarrowOop }
                      ;*if_icmpgt {reexecute=1 rethrow=0 return_oop=0}
                      ; - (reexecute) jdk.internal.util.Preconditions::checkFromToIndex@6
                      ; - java.lang.String::checkBoundsBeginEnd@6
                      ; - java.lang.String::substring@8
                      ; - java.net.URLClassLoader::defineClass@28
                      ; - java.net.URLClassLoader$1::run@43
                      ; - java.net.URLClassLoader$1::run@1
                      ; - java.security.AccessController::executePrivileged@29
                      ; - java.security.AccessController::doPrivileged@13
                      ; - java.net.URLClassLoader::findClass@13
                      ; - java.lang.ClassLoader::loadClass@69
  0x0000024518162ac4: b818 7fff 

  0x0000024518162ac8: ;   {other}
  0x0000024518162ac8: 0f1f 8400 | b876 0085 | ba45 ffff | ff48 8bac | 24e0 0000 | 0044 8b44 | 242c 4489 | 4424 204c 
  0x0000024518162ae8: 8b54 2440 | 4c89 5424 | 304c 8b54 | 2448 4c89 | 5424 384c | 8b54 2458 | 4c89 5424 | 404c 8b94 
  0x0000024518162b08: 24d8 0000 | 004c 8954 | 2448 4c8b | 5424 604c | 8954 2450 | 4c8b 9424 | 8800 0000 | 4c89 5424 
  0x0000024518162b28: 584c 8b94 | 2490 0000 | 004c 8954 | 2470 4c8b | 9424 8000 | 0000 4c89 | 5424 7844 | 8b84 24b0 
  0x0000024518162b48: 0000 004c | 898c 2498 | 0000 004c | 89ac 24a0 | 0000 0044 | 8984 24a8 | 0000 004c | 898c 24b8 
  0x0000024518162b68: 0000 0044 | 899c 24ac | 0000 0090 

  0x0000024518162b74: ;   {runtime_call UncommonTrapBlob}
  0x0000024518162b74: c5f8 77e8 

  0x0000024518162b78: ; ImmutableOopMap {rbp=Oop [64]=Oop [72]=Oop [80]=Oop [88]=Oop [112]=Oop [152]=Oop [160]=Oop [168]=NarrowOop [184]=Oop }
                      ;*ifle {reexecute=1 rethrow=0 return_oop=0}
                      ; - (reexecute) java.util.concurrent.ConcurrentHashMap::get@23
                      ; - java.lang.ClassLoader::getDefinedPackage@13
                      ; - java.net.URLClassLoader::getAndVerifyPackage@2
                      ; - java.net.URLClassLoader::defineClass@46
                      ; - java.net.URLClassLoader$1::run@43
                      ; - java.net.URLClassLoader$1::run@1
                      ; - java.security.AccessController::executePrivileged@29
                      ; - java.security.AccessController::doPrivileged@13
                      ; - java.net.URLClassLoader::findClass@13
                      ; - java.lang.ClassLoader::loadClass@69
  0x0000024518162b78: 0418 7fff 

  0x0000024518162b7c: ;   {other}
  0x0000024518162b7c: 0f1f 8400 | 6c77 0086 | ba45 ffff | ff44 8b54 | 242c 4489 | 5424 204c | 8b54 2440 | 4c89 5424 
  0x0000024518162b9c: 304c 8b54 | 2448 4c89 | 5424 384c | 8b54 2458 | 4c89 5424 | 404c 8b54 | 2468 4c89 | 5424 484c 
  0x0000024518162bbc: 8b54 2460 | 4c89 5424 | 504c 8b94 | 2488 0000 | 004c 8954 | 2470 4c8b | 9424 8000 | 0000 4c89 
  0x0000024518162bdc: 5424 7848 | 8984 2498 | 0000 0090 

  0x0000024518162be8: ;   {runtime_call UncommonTrapBlob}
  0x0000024518162be8: c5f8 77e8 

  0x0000024518162bec: ; ImmutableOopMap {[64]=Oop [72]=Oop [80]=Oop [112]=Oop [152]=Oop [176]=NarrowOop [224]=Oop }
                      ;*ifnull {reexecute=1 rethrow=0 return_oop=0}
                      ; - (reexecute) java.net.URLClassLoader::defineClass@139
                      ; - java.net.URLClassLoader$1::run@43
                      ; - java.net.URLClassLoader$1::run@1
                      ; - java.security.AccessController::executePrivileged@29
                      ; - java.security.AccessController::doPrivileged@13
                      ; - java.net.URLClassLoader::findClass@13
                      ; - java.lang.ClassLoader::loadClass@69
  0x0000024518162bec: 9017 7fff 

  0x0000024518162bf0: ;   {other}
  0x0000024518162bf0: 0f1f 8400 | e077 0087 | ba45 ffff | ff48 8bac | 24e0 0000 | 0044 8b5c | 242c 4489 | 5c24 204c 
  0x0000024518162c10: 8b5c 2440 | 4c89 5c24 | 304c 8b5c | 2448 4c89 | 5c24 384c | 8b5c 2458 | 4c89 5c24 | 404c 8b9c 
  0x0000024518162c30: 24d8 0000 | 004c 895c | 2448 4c8b | 5c24 604c | 895c 2450 | 4c8b 9c24 | 8800 0000 | 4c89 5c24 
  0x0000024518162c50: 584c 8b9c | 2480 0000 | 004c 895c | 2478 4489 | 9424 8c00 | 0000 4489 | 9424 9000 | 0000 898c 
  0x0000024518162c70: 24a8 0000 | 0089 8c24 | ac00 0000 

  0x0000024518162c7c: ;   {runtime_call UncommonTrapBlob}
  0x0000024518162c7c: c5f8 77e8 

  0x0000024518162c80: ; ImmutableOopMap {rbp=Oop [64]=Oop [72]=Oop [80]=Oop [88]=Oop [176]=NarrowOop }
                      ;*if_icmple {reexecute=1 rethrow=0 return_oop=0}
                      ; - (reexecute) jdk.internal.util.Preconditions::checkFromToIndex@11
                      ; - java.lang.String::checkBoundsBeginEnd@6
                      ; - java.lang.String::substring@8
                      ; - java.net.URLClassLoader::defineClass@28
                      ; - java.net.URLClassLoader$1::run@43
                      ; - java.net.URLClassLoader$1::run@1
                      ; - java.security.AccessController::executePrivileged@29
                      ; - java.security.AccessController::doPrivileged@13
                      ; - java.net.URLClassLoader::findClass@13
                      ; - java.lang.ClassLoader::loadClass@69
  0x0000024518162c80: fc16 7fff 

  0x0000024518162c84: ;   {other}
  0x0000024518162c84: 0f1f 8400 | 7478 0088 | ba45 ffff | ff4c 8b94 | 24e0 0000 | 004c 8954 | 2420 448b | 5424 2c44 
  0x0000024518162ca4: 8954 2428 | 4c8b 5424 | 404c 8954 | 2438 4c8b | 5424 484c | 8954 2440 | 4c8b 5424 | 584c 8954 
  0x0000024518162cc4: 2448 4c8b | 9424 d800 | 0000 4c89 | 5424 504c | 8b54 2460 | 4c89 5424 | 584c 8b94 | 2488 0000 
  0x0000024518162ce4: 004c 8954 | 2460 4489 | 9c24 ac00 | 0000 6690 

  0x0000024518162cf4: ;   {runtime_call UncommonTrapBlob}
  0x0000024518162cf4: c5f8 77e8 

  0x0000024518162cf8: ; ImmutableOopMap {rbp=NarrowOop [32]=Oop [72]=Oop [80]=Oop [88]=Oop [96]=Oop [144]=Oop [172]=NarrowOop [176]=NarrowOop [248]=Oop }
                      ;*ifnull {reexecute=1 rethrow=0 return_oop=0}
                      ; - (reexecute) java.util.jar.JarFile::maybeInstantiateVerifier@4
                      ; - java.util.jar.JarFile::ensureInitialization@1
                      ; - java.util.jar.JavaUtilJarAccessImpl::ensureInitialization@1
                      ; - jdk.internal.loader.URLClassPath$JarLoader$2::getManifest@10
                      ; - java.net.URLClassLoader::defineClass@34
                      ; - java.net.URLClassLoader$1::run@43
                      ; - java.net.URLClassLoader$1::run@1
                      ; - java.security.AccessController::executePrivileged@29
                      ; - java.security.AccessController::doPrivileged@13
                      ; - java.net.URLClassLoader::findClass@13
                      ; - java.lang.ClassLoader::loadClass@69
  0x0000024518162cf8: 8416 7fff 

  0x0000024518162cfc: ;   {other}
  0x0000024518162cfc: 0f1f 8400 | ec78 0089 | ba45 ffff | ff48 895c | 2428 4489 | 5424 3090 

  0x0000024518162d14: ;   {runtime_call UncommonTrapBlob}
  0x0000024518162d14: c5f8 77e8 

  0x0000024518162d18: ; ImmutableOopMap {[40]=Oop [80]=Oop [88]=Oop }
                      ;*ifeq {reexecute=1 rethrow=0 return_oop=0}
                      ; - (reexecute) java.lang.ClassLoader::loadClass@100
  0x0000024518162d18: 6416 7fff 

  0x0000024518162d1c: ;   {other}
  0x0000024518162d1c: 0f1f 8400 | 0c79 008a | 4c89 4424 | 384c 8bee | 498b d7c5 | f877 49ba | 20a4 0b6d | fa7f 0000 
  0x0000024518162d3c: ;   {other}
  0x0000024518162d3c: 41ff d20f | 1f84 0000 | 0000 004c | 8b44 2438 | 498b f5e9 | 82a9 ffff | ba76 ffff | ff4c 8b94 
  0x0000024518162d5c: 24e0 0000 | 004c 8954 | 2420 448b | 5424 2c44 | 8954 2428 | 4c8b 5424 | 404c 8954 | 2438 4c8b 
  0x0000024518162d7c: 5424 484c | 8954 2440 | 4c8b 5424 | 584c 8954 | 2448 4c8b | 9424 d800 | 0000 4c89 | 5424 504c 
  0x0000024518162d9c: 8b54 2460 | 4c89 5424 | 584c 8b94 | 2488 0000 | 004c 8954 | 2460 4c8b | 9424 9000 | 0000 4c89 
  0x0000024518162dbc: 5424 7844 | 8b94 24b0 | 0000 0044 | 8954 242c | 4c8b 9424 | 9800 0000 | 4c89 9424 | 8800 0000 
  0x0000024518162ddc: 4c8b 9424 | b800 0000 | 4c89 9424 | a800 0000 | 4c89 9424 | b000 0000 | 4c89 8424 | c800 0000 
  0x0000024518162dfc: ;   {runtime_call UncommonTrapBlob}
  0x0000024518162dfc: c5f8 77e8 

  0x0000024518162e00: ; ImmutableOopMap {[32]=Oop [44]=NarrowOop [72]=Oop [80]=Oop [88]=Oop [96]=Oop [120]=Oop [136]=Oop [160]=Oop [168]=Oop [176]=Oop [192]=NarrowOop [200]=Oop [232]=NarrowOop }
                      ;*if_icmpge {reexecute=1 rethrow=0 return_oop=0}
                      ; - (reexecute) java.lang.StringLatin1::replace@82
                      ; - java.lang.String::replace@18
                      ; - java.net.URLClassLoader::isSealed@9
                      ; - java.net.URLClassLoader::getAndVerifyPackage@68
                      ; - java.net.URLClassLoader::defineClass@46
                      ; - java.net.URLClassLoader$1::run@43
                      ; - java.net.URLClassLoader$1::run@1
                      ; - java.security.AccessController::executePrivileged@29
                      ; - java.security.AccessController::doPrivileged@13
                      ; - java.net.URLClassLoader::findClass@13
                      ; - java.lang.ClassLoader::loadClass@69
  0x0000024518162e00: 7c15 7fff 

  0x0000024518162e04: ;   {other}
  0x0000024518162e04: 0f1f 8400 | f479 008b | 4d8b f54c | 8beb 488b | ee49 8bd7 | c5f8 7749 | ba20 a40b | 6dfa 7f00 
  0x0000024518162e24: 0041 ffd2 

  0x0000024518162e28: ;   {other}
  0x0000024518162e28: 0f1f 8400 | 0000 0000 | 498b dd4d | 8bee 488b | f5e9 94a6 | ffff 33ed | 4585 d240 | 0f95 c5ba 
  0x0000024518162e48: 45ff ffff | 48ff b424 | e000 0000 | 488f 4424 | 2044 8b44 | 242c 4489 | 4424 284c | 8b54 2440 
  0x0000024518162e68: 4c89 5424 | 384c 8b54 | 2448 4c89 | 5424 404c | 8b54 2458 | 4c89 5424 | 484c 8b94 | 24d8 0000 
  0x0000024518162e88: 004c 8954 | 2450 4c8b | 5424 604c | 8954 2458 | 4c8b 9424 | 8800 0000 | 4c89 5424 | 604c 8b94 
  0x0000024518162ea8: 2490 0000 | 004c 8954 | 2478 4c89 | 8c24 a000 | 0000 4c89 | ac24 a800 | 0000 4c89 | 9c24 b800 
  0x0000024518162ec8: 0000 6690 

  0x0000024518162ecc: ;   {runtime_call UncommonTrapBlob}
  0x0000024518162ecc: c5f8 77e8 

  0x0000024518162ed0: ; ImmutableOopMap {[32]=Oop [72]=Oop [80]=Oop [88]=Oop [96]=Oop [120]=Oop [160]=Oop [168]=Oop [176]=NarrowOop [184]=Oop }
                      ;*ifne {reexecute=1 rethrow=0 return_oop=0}
                      ; - (reexecute) java.lang.Package::isSealed@7
                      ; - java.net.URLClassLoader::getAndVerifyPackage@14
                      ; - java.net.URLClassLoader::defineClass@46
                      ; - java.net.URLClassLoader$1::run@43
                      ; - java.net.URLClassLoader$1::run@1
                      ; - java.security.AccessController::executePrivileged@29
                      ; - java.security.AccessController::doPrivileged@13
                      ; - java.net.URLClassLoader::findClass@13
                      ; - java.lang.ClassLoader::loadClass@69
  0x0000024518162ed0: ac14 7fff 

  0x0000024518162ed4: ;   {other}
  0x0000024518162ed4: 0f1f 8400 | c47a 008c | 33ed 85c9 | 400f 94c5 | ba45 ffff | ff48 ffb4 | 24e0 0000 | 0048 8f44 
  0x0000024518162ef4: 2420 448b | 4424 2c44 | 8944 2428 | 4c8b 4424 | 404c 8944 | 2438 4c8b | 4424 484c | 8944 2440 
  0x0000024518162f14: 4c8b 4424 | 584c 8944 | 2448 4c8b | 8424 d800 | 0000 4c89 | 4424 504c | 8b44 2460 | 4c89 4424 
  0x0000024518162f34: 584c 8b84 | 2488 0000 | 004c 8944 | 2460 4c8b | 8424 9000 | 0000 4c89 | 4424 7844 | 8b84 24b0 
  0x0000024518162f54: 0000 0044 | 8944 242c | 4c89 8c24 | 9800 0000 | 4c89 9c24 | a000 0000 | 4c89 ac24 | a800 0000 
  0x0000024518162f74: 4c89 ac24 | b000 0000 | 4c89 8c24 | b800 0000 | 4489 9424 | d000 0000 

  0x0000024518162f8c: ;   {runtime_call UncommonTrapBlob}
  0x0000024518162f8c: c5f8 77e8 

  0x0000024518162f90: ; ImmutableOopMap {[32]=Oop [44]=NarrowOop [72]=Oop [80]=Oop [88]=Oop [96]=Oop [120]=Oop [152]=Oop [160]=Oop [168]=Oop [176]=Oop [184]=Oop [208]=NarrowOop }
                      ;*ifeq {reexecute=1 rethrow=0 return_oop=0}
                      ; - (reexecute) java.lang.String::replace@9
                      ; - java.net.URLClassLoader::isSealed@9
                      ; - java.net.URLClassLoader::getAndVerifyPackage@68
                      ; - java.net.URLClassLoader::defineClass@46
                      ; - java.net.URLClassLoader$1::run@43
                      ; - java.net.URLClassLoader$1::run@1
                      ; - java.security.AccessController::executePrivileged@29
                      ; - java.security.AccessController::doPrivileged@13
                      ; - java.net.URLClassLoader::findClass@13
                      ; - java.lang.ClassLoader::loadClass@69
  0x0000024518162f90: ec13 7fff 

  0x0000024518162f94: ;   {other}
  0x0000024518162f94: 0f1f 8400 | 847b 008d | ba45 ffff | ff48 8bac | 24e0 0000 | 008b 4c24 | 2c89 4c24 | 2048 8b4c 
  0x0000024518162fb4: 2440 4889 | 4c24 3048 | 8b4c 2448 | 4889 4c24 | 3848 8b4c | 2458 4889 | 4c24 4048 | 8b8c 24d8 
  0x0000024518162fd4: 0000 0048 | 894c 2448 | 488b 4c24 | 6048 894c | 2450 488b | 8c24 8800 | 0000 4889 | 4c24 5848 
  0x0000024518162ff4: 8b8c 2490 | 0000 0048 | 894c 2470 | 488b 8c24 | 8000 0000 | 4889 4c24 | 788b 8c24 | b000 0000 
  0x0000024518163014: 894c 2424 | 4c89 8c24 | 9000 0000 | 4c89 9c24 | 9800 0000 | 4c89 ac24 | a000 0000 | 4c89 ac24 
  0x0000024518163034: a800 0000 | 4489 9424 | c000 0000 | 4889 9c24 | c800 0000 | 4489 8424 | c400 0000 

  0x0000024518163050: ;   {runtime_call UncommonTrapBlob}
  0x0000024518163050: c5f8 77e8 

  0x0000024518163054: ; ImmutableOopMap {rbp=Oop [36]=NarrowOop [64]=Oop [72]=Oop [80]=Oop [88]=Oop [112]=Oop [144]=Oop [152]=Oop [160]=Oop [168]=Oop [192]=NarrowOop [200]=Oop }
                      ;*iflt {reexecute=1 rethrow=0 return_oop=0}
                      ; - (reexecute) java.lang.StringConcatHelper::checkOverflow@2
                      ; - java.lang.StringConcatHelper::mix@23
                      ; - java.lang.StringConcatHelper::simpleConcat@46
                      ; - java.lang.String::concat@11
                      ; - java.net.URLClassLoader::isSealed@15
                      ; - java.net.URLClassLoader::getAndVerifyPackage@68
                      ; - java.net.URLClassLoader::defineClass@46
                      ; - java.net.URLClassLoader$1::run@43
                      ; - java.net.URLClassLoader$1::run@1
                      ; - java.security.AccessController::executePrivileged@29
                      ; - java.security.AccessController::doPrivileged@13
                      ; - java.net.URLClassLoader::findClass@13
                      ; - java.lang.ClassLoader::loadClass@69
  0x0000024518163054: 2813 7fff 

  0x0000024518163058: ;   {other}
  0x0000024518163058: 0f1f 8400 | 487c 008e | ba45 ffff | ff4c 8b94 | 24e0 0000 | 004c 8954 | 2420 448b | 5424 2c44 
  0x0000024518163078: 8954 2428 | 4c8b 5424 | 404c 8954 | 2438 4c8b | 5424 484c | 8954 2440 | 4c8b 5424 | 584c 8954 
  0x0000024518163098: 2448 4c8b | 9424 d800 | 0000 4c89 | 5424 504c | 8b54 2460 | 4c89 5424 | 584c 8b94 | 2488 0000 
  0x00000245181630b8: 004c 8954 | 2460 4c8b | 9424 9000 | 0000 4c89 | 5424 7844 | 8b9c 24b0 | 0000 0044 | 895c 242c 
  0x00000245181630d8: ;   {runtime_call UncommonTrapBlob}
  0x00000245181630d8: c5f8 77e8 

  0x00000245181630dc: ; ImmutableOopMap {[32]=Oop [44]=NarrowOop [72]=Oop [80]=Oop [88]=Oop [96]=Oop [120]=Oop [152]=Oop [160]=Oop [168]=Oop [200]=NarrowOop [208]=Oop }
                      ;*iflt {reexecute=1 rethrow=0 return_oop=0}
                      ; - (reexecute) java.lang.StringConcatHelper::checkOverflow@2
                      ; - java.lang.StringConcatHelper::mix@23
                      ; - java.lang.StringConcatHelper::simpleConcat@54
                      ; - java.lang.String::concat@11
                      ; - java.net.URLClassLoader::isSealed@15
                      ; - java.net.URLClassLoader::getAndVerifyPackage@68
                      ; - java.net.URLClassLoader::defineClass@46
                      ; - java.net.URLClassLoader$1::run@43
                      ; - java.net.URLClassLoader$1::run@1
                      ; - java.security.AccessController::executePrivileged@29
                      ; - java.security.AccessController::doPrivileged@13
                      ; - java.net.URLClassLoader::findClass@13
                      ; - java.lang.ClassLoader::loadClass@69
  0x00000245181630dc: a012 7fff 

  0x00000245181630e0: ;   {other}
  0x00000245181630e0: 0f1f 8400 | d07c 008f | ba45 ffff | ff48 8bac | 24e0 0000 | 0044 8b5c | 242c 4489 | 5c24 204c 
  0x0000024518163100: 8b54 2440 | 4c89 5424 | 304c 8b54 | 2448 4c89 | 5424 384c | 8b54 2458 | 4c89 5424 | 404c 8b94 
  0x0000024518163120: 24d8 0000 | 004c 8954 | 2448 4c8b | 5424 604c | 8954 2450 | 4c8b 9424 | 8800 0000 | 4c89 5424 
  0x0000024518163140: 584c 8b94 | 2490 0000 | 004c 8954 | 2470 4c8b | 9424 8000 | 0000 4c89 | 5424 7844 | 8b9c 24b0 
  0x0000024518163160: 0000 0044 | 895c 2424 | 4c8b 9424 | 9800 0000 | 4c89 9424 | 8000 0000 | 4c8b 9424 | a800 0000 
  0x0000024518163180: 4c89 9424 | 8800 0000 | 4c8b 9424 | a000 0000 | 4c89 9424 | 9800 0000 | 448b 9424 | c800 0000 
  0x00000245181631a0: 4489 9424 | c000 0000 | 4889 9c24 | d800 0000 | 4489 8424 | c400 0000 

  0x00000245181631b8: ;   {runtime_call UncommonTrapBlob}
  0x00000245181631b8: c5f8 77e8 

  0x00000245181631bc: ; ImmutableOopMap {rbp=Oop [36]=NarrowOop [64]=Oop [72]=Oop [80]=Oop [88]=Oop [112]=Oop [128]=Oop [136]=Oop [152]=Oop [192]=NarrowOop [208]=Oop [216]=Oop }
                      ;*if_icmpne {reexecute=1 rethrow=0 return_oop=0}
                      ; - (reexecute) java.lang.String::getBytes@5
                      ; - java.lang.StringConcatHelper::prepend@21
                      ; - java.lang.StringConcatHelper::simpleConcat@81
                      ; - java.lang.String::concat@11
                      ; - java.net.URLClassLoader::isSealed@15
                      ; - java.net.URLClassLoader::getAndVerifyPackage@68
                      ; - java.net.URLClassLoader::defineClass@46
                      ; - java.net.URLClassLoader$1::run@43
                      ; - java.net.URLClassLoader$1::run@1
                      ; - java.security.AccessController::executePrivileged@29
                      ; - java.security.AccessController::doPrivileged@13
                      ; - java.net.URLClassLoader::findClass@13
                      ; - java.lang.ClassLoader::loadClass@69
  0x00000245181631bc: c011 7fff 

  0x00000245181631c0: ;   {other}
  0x00000245181631c0: 0f1f 8400 | b07d 0090 | ba45 ffff | ff48 8bac | 24e0 0000 | 0044 8b44 | 242c 4489 | 4424 204c 
  0x00000245181631e0: 8b44 2440 | 4c89 4424 | 304c 8b44 | 2448 4c89 | 4424 384c | 8b44 2458 | 4c89 4424 | 404c 8b84 
  0x0000024518163200: 24d8 0000 | 004c 8944 | 2448 4c8b | 4424 604c | 8944 2450 | 4c8b 8424 | 8800 0000 | 4c89 4424 
  0x0000024518163220: 584c 8b84 | 2490 0000 | 004c 8944 | 2470 4c8b | 8424 8000 | 0000 4c89 | 4424 7844 | 8b84 24b0 
  0x0000024518163240: 0000 0044 | 8944 2424 | 4c89 8c24 | 9000 0000 | 4c89 9c24 | 9800 0000 | 4c89 ac24 | a000 0000 
  0x0000024518163260: 4c89 ac24 | a800 0000 | 4889 8424 | c000 0000 | 4489 9424 | c800 0000 

  0x0000024518163278: ;   {runtime_call UncommonTrapBlob}
  0x0000024518163278: c5f8 77e8 

  0x000002451816327c: ; ImmutableOopMap {rbp=Oop [36]=NarrowOop [64]=Oop [72]=Oop [80]=Oop [88]=Oop [112]=Oop [144]=Oop [152]=Oop [160]=Oop [168]=Oop [192]=Oop }
                      ;*ifle {reexecute=1 rethrow=0 return_oop=0}
                      ; - (reexecute) java.util.HashMap::getNode@14
                      ; - java.util.HashMap::get@2
                      ; - java.util.jar.Manifest::getAttributes@5
                      ; - java.util.jar.Manifest::getTrustedAttributes@2
                      ; - java.util.jar.JavaUtilJarAccessImpl::getTrustedAttributes@2
                      ; - java.net.URLClassLoader::isSealed@18
                      ; - java.net.URLClassLoader::getAndVerifyPackage@68
                      ; - java.net.URLClassLoader::defineClass@46
                      ; - java.net.URLClassLoader$1::run@43
                      ; - java.net.URLClassLoader$1::run@1
                      ; - java.security.AccessController::executePrivileged@29
                      ; - java.security.AccessController::doPrivileged@13
                      ; - java.net.URLClassLoader::findClass@13
                      ; - java.lang.ClassLoader::loadClass@69
  0x000002451816327c: 0011 7fff 

  0x0000024518163280: ;   {other}
  0x0000024518163280: 0f1f 8400 | 707e 0091 | ba45 ffff | ff44 8b44 | 242c 4489 | 4424 204c | 8b44 2440 | 4c89 4424 
  0x00000245181632a0: 304c 8b44 | 2448 4c89 | 4424 384c | 8b44 2458 | 4c89 4424 | 404c 8b84 | 24d8 0000 | 004c 8944 
  0x00000245181632c0: 2448 4c8b | 4424 604c | 8944 2450 | 4c8b 8424 | 8800 0000 | 4c89 4424 | 584c 8b84 | 2490 0000 
  0x00000245181632e0: 004c 8944 | 2470 4c8b | 8424 8000 | 0000 4c89 | 4424 788b | 9c24 b000 | 0000 895c | 2424 4c89 
  0x0000024518163300: ac24 8800 | 0000 4c89 | 8c24 9000 | 0000 4c89 | 9c24 9800 | 0000 4889 | 8c24 b000 | 0000 4489 
  0x0000024518163320: 9424 b800 | 0000 6690 

  0x0000024518163328: ;   {runtime_call UncommonTrapBlob}
  0x0000024518163328: c5f8 77e8 

  0x000002451816332c: ; ImmutableOopMap {[36]=NarrowOop [64]=Oop [72]=Oop [80]=Oop [88]=Oop [112]=Oop [136]=Oop [144]=Oop [152]=Oop [176]=Oop [224]=Oop }
                      ;*ifle {reexecute=1 rethrow=0 return_oop=0}
                      ; - (reexecute) java.util.HashMap::getNode@14
                      ; - java.util.LinkedHashMap::get@2
                      ; - java.util.jar.Attributes::get@5
                      ; - java.util.jar.Attributes::getValue@2
                      ; - java.net.URLClassLoader::isSealed@58
                      ; - java.net.URLClassLoader::getAndVerifyPackage@68
                      ; - java.net.URLClassLoader::defineClass@46
                      ; - java.net.URLClassLoader$1::run@43
                      ; - java.net.URLClassLoader$1::run@1
                      ; - java.security.AccessController::executePrivileged@29
                      ; - java.security.AccessController::doPrivileged@13
                      ; - java.net.URLClassLoader::findClass@13
                      ; - java.lang.ClassLoader::loadClass@69
  0x000002451816332c: 5010 7fff 

  0x0000024518163330: ;   {other}
  0x0000024518163330: 0f1f 8400 | 207f 0092 | ba45 ffff | ff48 8bac | 24e0 0000 | 0044 8b54 | 242c 4489 | 5424 204c 
  0x0000024518163350: 8b54 2440 | 4c89 5424 | 304c 8b54 | 2448 4c89 | 5424 384c | 8b54 2458 | 4c89 5424 | 404c 8b94 
  0x0000024518163370: 24d8 0000 | 004c 8954 | 2448 4c8b | 5424 604c | 8954 2450 | 4c8b 9424 | 8800 0000 | 4c89 5424 
  0x0000024518163390: 584c 8b94 | 2490 0000 | 004c 8954 | 2470 4c8b | 9424 8000 | 0000 4c89 | 5424 7844 | 8b94 24b0 
  0x00000245181633b0: 0000 004c | 898c 2498 | 0000 004c | 89ac 24a0 | 0000 0044 | 8994 24a8 | 0000 004c | 898c 24b8 
  0x00000245181633d0: 0000 0089 | 8c24 ac00 | 0000 4489 | 9c24 d000 | 0000 6690 

  0x00000245181633e4: ;   {runtime_call UncommonTrapBlob}
  0x00000245181633e4: c5f8 77e8 

  0x00000245181633e8: ; ImmutableOopMap {rbp=Oop [64]=Oop [72]=Oop [80]=Oop [88]=Oop [112]=Oop [152]=Oop [160]=Oop [168]=NarrowOop [172]=NarrowOop [184]=Oop }
                      ;*ifle {reexecute=1 rethrow=0 return_oop=0}
                      ; - (reexecute) java.util.concurrent.ConcurrentHashMap::get@23
                      ; - java.lang.ClassLoader::definePackage@47
                      ; - java.lang.ClassLoader::getDefinedPackage@32
                      ; - java.net.URLClassLoader::getAndVerifyPackage@2
                      ; - java.net.URLClassLoader::defineClass@46
                      ; - java.net.URLClassLoader$1::run@43
                      ; - java.net.URLClassLoader$1::run@1
                      ; - java.security.AccessController::executePrivileged@29
                      ; - java.security.AccessController::doPrivileged@13
                      ; - java.net.URLClassLoader::findClass@13
                      ; - java.lang.ClassLoader::loadClass@69
  0x00000245181633e8: 940f 7fff 

  0x00000245181633ec: ;   {other}
  0x00000245181633ec: 0f1f 8400 | dc7f 0093 | ba76 ffff | ff4c 8b94 | 24e0 0000 | 004c 8954 | 2420 448b | 5424 2c44 
  0x000002451816340c: 8954 2428 | 4c8b 5424 | 404c 8954 | 2438 4c8b | 5424 484c | 8954 2440 | 4c8b 5424 | 584c 8954 
  0x000002451816342c: 2448 4c8b | 9424 d800 | 0000 4c89 | 5424 504c | 8b54 2460 | 4c89 5424 | 584c 8b94 | 2488 0000 
  0x000002451816344c: 004c 8954 | 2460 4c8b | 9424 9000 | 0000 4c89 | 5424 7844 | 8b94 24b0 | 0000 0044 | 8954 242c 
  0x000002451816346c: 4c8b 9424 | 9800 0000 | 4c89 9424 | 8800 0000 | 4c8b 9424 | b800 0000 | 4c89 9424 | a800 0000 
  0x000002451816348c: 4c89 9424 | b000 0000 | 4c89 8424 | c800 0000 

  0x000002451816349c: ;   {runtime_call UncommonTrapBlob}
  0x000002451816349c: c5f8 77e8 

  0x00000245181634a0: ; ImmutableOopMap {[32]=Oop [44]=NarrowOop [72]=Oop [80]=Oop [88]=Oop [96]=Oop [120]=Oop [136]=Oop [160]=Oop [168]=Oop [176]=Oop [192]=NarrowOop [200]=Oop [232]=NarrowOop }
                      ;*if_icmpge {reexecute=1 rethrow=0 return_oop=0}
                      ; - (reexecute) java.lang.StringLatin1::replace@61
                      ; - java.lang.String::replace@18
                      ; - java.net.URLClassLoader::isSealed@9
                      ; - java.net.URLClassLoader::getAndVerifyPackage@68
                      ; - java.net.URLClassLoader::defineClass@46
                      ; - java.net.URLClassLoader$1::run@43
                      ; - java.net.URLClassLoader$1::run@1
                      ; - java.security.AccessController::executePrivileged@29
                      ; - java.security.AccessController::doPrivileged@13
                      ; - java.net.URLClassLoader::findClass@13
                      ; - java.lang.ClassLoader::loadClass@69
  0x00000245181634a0: dc0e 7fff 

  0x00000245181634a4: ;   {other}
  0x00000245181634a4: 0f1f 8400 | 9480 0094 | ba45 ffff | ff48 ffb4 | 24e0 0000 | 0048 8f44 | 2420 448b | 4424 2c44 
  0x00000245181634c4: 8944 2428 | 4c8b 5424 | 404c 8954 | 2438 4c8b | 5424 484c | 8954 2440 | 4c8b 5424 | 584c 8954 
  0x00000245181634e4: 2448 4c8b | 9424 d800 | 0000 4c89 | 5424 504c | 8b54 2460 | 4c89 5424 | 584c 8b94 | 2488 0000 
  0x0000024518163504: 004c 8954 | 2460 4c8b | 9424 9000 | 0000 4c89 | 5424 784c | 898c 24a0 | 0000 004c | 89ac 24a8 
  0x0000024518163524: 0000 004c | 899c 24b8 | 0000 0090 

  0x0000024518163530: ;   {runtime_call UncommonTrapBlob}
  0x0000024518163530: c5f8 77e8 

  0x0000024518163534: ; ImmutableOopMap {rbp=NarrowOop [32]=Oop [72]=Oop [80]=Oop [88]=Oop [96]=Oop [120]=Oop [160]=Oop [168]=Oop [176]=NarrowOop [184]=Oop }
                      ;*ifnull {reexecute=1 rethrow=0 return_oop=0}
                      ; - (reexecute) java.lang.Package::isSealed@17
                      ; - java.net.URLClassLoader::getAndVerifyPackage@14
                      ; - java.net.URLClassLoader::defineClass@46
                      ; - java.net.URLClassLoader$1::run@43
                      ; - java.net.URLClassLoader$1::run@1
                      ; - java.security.AccessController::executePrivileged@29
                      ; - java.security.AccessController::doPrivileged@13
                      ; - java.net.URLClassLoader::findClass@13
                      ; - java.lang.ClassLoader::loadClass@69
  0x0000024518163534: 480e 7fff 

  0x0000024518163538: ;   {other}
  0x0000024518163538: 0f1f 8400 | 2881 0095 | ba45 ffff | ff48 8bac | 24e0 0000 | 0044 8b54 | 242c 4489 | 5424 204c 
  0x0000024518163558: 8b54 2440 | 4c89 5424 | 304c 8b54 | 2448 4c89 | 5424 384c | 8b54 2458 | 4c89 5424 | 404c 8b94 
  0x0000024518163578: 24d8 0000 | 004c 8954 | 2448 4c8b | 5424 604c | 8954 2450 | 4c8b 9424 | 8800 0000 | 4c89 5424 
  0x0000024518163598: 584c 8b94 | 2490 0000 | 004c 8954 | 2470 4c8b | 9424 8000 | 0000 4c89 | 5424 7844 | 8b94 24b0 
  0x00000245181635b8: 0000 0044 | 8954 2424 | 4c89 8c24 | 8000 0000 | 4c89 ac24 | 9000 0000 | 4c89 9c24 | 9800 0000 
  0x00000245181635d8: 4c89 ac24 | a000 0000 

  0x00000245181635e0: ;   {runtime_call UncommonTrapBlob}
  0x00000245181635e0: c5f8 77e8 

  0x00000245181635e4: ; ImmutableOopMap {rbp=Oop [36]=NarrowOop [64]=Oop [72]=Oop [80]=Oop [88]=Oop [112]=Oop [128]=Oop [144]=Oop [152]=Oop [160]=Oop }
                      ;*ifnull {reexecute=1 rethrow=0 return_oop=0}
                      ; - (reexecute) java.net.URLClassLoader::getAndVerifyPackage@62
                      ; - java.net.URLClassLoader::defineClass@46
                      ; - java.net.URLClassLoader$1::run@43
                      ; - java.net.URLClassLoader$1::run@1
                      ; - java.security.AccessController::executePrivileged@29
                      ; - java.security.AccessController::doPrivileged@13
                      ; - java.net.URLClassLoader::findClass@13
                      ; - java.lang.ClassLoader::loadClass@69
  0x00000245181635e4: 980d 7fff 

  0x00000245181635e8: ;   {other}
  0x00000245181635e8: 0f1f 8400 | d881 0096 | ba45 ffff | ff48 8bac | 24e0 0000 | 008b 4c24 | 2c89 4c24 | 204c 8b44 
  0x0000024518163608: 2440 4c89 | 4424 304c | 8b44 2448 | 4c89 4424 | 384c 8b44 | 2458 4c89 | 4424 404c | 8b84 24d8 
  0x0000024518163628: 0000 004c | 8944 2448 | 4c8b 4424 | 604c 8944 | 2450 4c8b | 8424 8800 | 0000 4c89 | 4424 584c 
  0x0000024518163648: 8b84 2490 | 0000 004c | 8944 2470 | 4c8b 8424 | 8000 0000 | 4c89 4424 | 7844 8b84 | 24b0 0000 
  0x0000024518163668: 0044 8944 | 2424 4c89 | 8c24 9000 | 0000 4c89 | 9c24 9800 | 0000 4c89 | ac24 a000 | 0000 4c89 
  0x0000024518163688: ac24 a800 | 0000 4489 | 9424 c000 | 0000 4889 | 9c24 c800 | 0000 4889 | b424 d000 | 0000 89bc 
  0x00000245181636a8: 24c4 0000 | 0066 6690 

  0x00000245181636b0: ;   {runtime_call UncommonTrapBlob}
  0x00000245181636b0: c5f8 77e8 

  0x00000245181636b4: ; ImmutableOopMap {rbp=Oop [36]=NarrowOop [64]=Oop [72]=Oop [80]=Oop [88]=Oop [112]=Oop [144]=Oop [152]=Oop [160]=Oop [168]=Oop [192]=NarrowOop [200]=Oop }
                      ;*if_icmpne {reexecute=1 rethrow=0 return_oop=0}
                      ; - (reexecute) java.lang.StringConcatHelper::mix@13
                      ; - java.lang.StringConcatHelper::simpleConcat@46
                      ; - java.lang.String::concat@11
                      ; - java.net.URLClassLoader::isSealed@15
                      ; - java.net.URLClassLoader::getAndVerifyPackage@68
                      ; - java.net.URLClassLoader::defineClass@46
                      ; - java.net.URLClassLoader$1::run@43
                      ; - java.net.URLClassLoader$1::run@1
                      ; - java.security.AccessController::executePrivileged@29
                      ; - java.security.AccessController::doPrivileged@13
                      ; - java.net.URLClassLoader::findClass@13
                      ; - java.lang.ClassLoader::loadClass@69
  0x00000245181636b4: c80c 7fff 

  0x00000245181636b8: ;   {other}
  0x00000245181636b8: 0f1f 8400 | a882 0097 | ba45 ffff | ff48 8bac | 24e0 0000 | 0044 8b5c | 242c 4489 | 5c24 204c 
  0x00000245181636d8: 8b54 2440 | 4c89 5424 | 304c 8b54 | 2448 4c89 | 5424 384c | 8b54 2458 | 4c89 5424 | 404c 8b94 
  0x00000245181636f8: 24d8 0000 | 004c 8954 | 2448 4c8b | 5424 604c | 8954 2450 | 4c8b 9424 | 8800 0000 | 4c89 5424 
  0x0000024518163718: 584c 8b94 | 2490 0000 | 004c 8954 | 2470 4c8b | 9424 8000 | 0000 4c89 | 5424 7844 | 8b94 24b0 
  0x0000024518163738: 0000 0044 | 8954 2424 | 4c8b 9424 | 9800 0000 | 4c89 9424 | 8000 0000 | 4c8b 9424 | a000 0000 
  0x0000024518163758: 4c89 9424 | 9800 0000 | 4c89 ac24 | a000 0000 | 448b 9c24 | c800 0000 | 4489 9c24 | c000 0000 
  0x0000024518163778: 4889 9c24 | c800 0000 | 4889 b424 | d000 0000 | 4489 8c24 | c400 0000 

  0x0000024518163790: ;   {runtime_call UncommonTrapBlob}
  0x0000024518163790: c5f8 77e8 

  0x0000024518163794: ; ImmutableOopMap {rbp=Oop [36]=NarrowOop [64]=Oop [72]=Oop [80]=Oop [88]=Oop [112]=Oop [128]=Oop [152]=Oop [160]=Oop [168]=Oop [192]=NarrowOop [200]=Oop }
                      ;*ifge {reexecute=1 rethrow=0 return_oop=0}
                      ; - (reexecute) java.lang.StringConcatHelper::newArray@13
                      ; - java.lang.StringConcatHelper::simpleConcat@61
                      ; - java.lang.String::concat@11
                      ; - java.net.URLClassLoader::isSealed@15
                      ; - java.net.URLClassLoader::getAndVerifyPackage@68
                      ; - java.net.URLClassLoader::defineClass@46
                      ; - java.net.URLClassLoader$1::run@43
                      ; - java.net.URLClassLoader$1::run@1
                      ; - java.security.AccessController::executePrivileged@29
                      ; - java.security.AccessController::doPrivileged@13
                      ; - java.net.URLClassLoader::findClass@13
                      ; - java.lang.ClassLoader::loadClass@69
  0x0000024518163794: e80b 7fff 

  0x0000024518163798: ;   {other}
  0x0000024518163798: 0f1f 8400 | 8883 0098 | baf6 ffff | ff49 8bea | 448b 4424 | 2c44 8944 | 2420 4c8b | 5424 404c 
  0x00000245181637b8: 8954 2430 | 4c8b 5424 | 484c 8954 | 2438 4c8b | 5424 584c | 8954 2440 | 4c8b 9424 | d800 0000 
  0x00000245181637d8: 4c89 5424 | 484c 8b54 | 2460 4c89 | 5424 504c | 8b94 2488 | 0000 004c | 8954 2458 | 4c8b 9424 
  0x00000245181637f8: 9000 0000 | 4c89 5424 | 704c 8b94 | 2480 0000 | 004c 8954 | 2478 4c89 | ac24 8800 | 0000 4c89 
  0x0000024518163818: 8c24 9000 | 0000 4c89 | 9c24 a800 | 0000 6690 

  0x0000024518163828: ;   {runtime_call UncommonTrapBlob}
  0x0000024518163828: c5f8 77e8 

  0x000002451816382c: ; ImmutableOopMap {rbp=Oop [64]=Oop [72]=Oop [80]=Oop [88]=Oop [112]=Oop [136]=Oop [144]=Oop [168]=Oop [176]=NarrowOop }
                      ;*invokevirtual compute {reexecute=0 rethrow=0 return_oop=0}
                      ; - java.lang.ClassLoader::definePackage@78
                      ; - java.lang.ClassLoader::getDefinedPackage@32
                      ; - java.net.URLClassLoader::getAndVerifyPackage@2
                      ; - java.net.URLClassLoader::defineClass@46
                      ; - java.net.URLClassLoader$1::run@43
                      ; - java.net.URLClassLoader$1::run@1
                      ; - java.security.AccessController::executePrivileged@29
                      ; - java.security.AccessController::doPrivileged@13
                      ; - java.net.URLClassLoader::findClass@13
                      ; - java.lang.ClassLoader::loadClass@69
  0x000002451816382c: 500b 7fff 

  0x0000024518163830: ;   {other}
  0x0000024518163830: 0f1f 8400 | 2084 0099 | 448b 5424 | 2844 8994 | 24b0 0000 | 004c 8b4c | 2438 4c8b | 5424 684c 
  0x0000024518163850: 8994 2490 | 0000 004c | 8b6c 2470 | ba45 ffff | ff44 8b54 | 242c 4489 | 5424 204c | 8b54 2440 
  0x0000024518163870: 4c89 5424 | 304c 8b54 | 2448 4c89 | 5424 384c | 8b54 2458 | 4c89 5424 | 404c 8b94 | 24d8 0000 
  0x0000024518163890: 004c 8954 | 2448 4c8b | 5424 604c | 8954 2450 | 4c8b 9424 | 8800 0000 | 4c89 5424 | 584c 8b94 
  0x00000245181638b0: 2490 0000 | 004c 8954 | 2470 4c8b | 9424 8000 | 0000 4c89 | 5424 784c | 89ac 2488 | 0000 004c 
  0x00000245181638d0: 898c 2490 | 0000 0090 

  0x00000245181638d8: ;   {runtime_call UncommonTrapBlob}
  0x00000245181638d8: c5f8 77e8 

  0x00000245181638dc: ; ImmutableOopMap {[64]=Oop [72]=Oop [80]=Oop [88]=Oop [112]=Oop [136]=Oop [144]=Oop [176]=NarrowOop [224]=Oop }
                      ;*ifeq {reexecute=1 rethrow=0 return_oop=0}
                      ; - (reexecute) java.net.URLClassLoader::getAndVerifyPackage@71
                      ; - java.net.URLClassLoader::defineClass@46
                      ; - java.net.URLClassLoader$1::run@43
                      ; - java.net.URLClassLoader$1::run@1
                      ; - java.security.AccessController::executePrivileged@29
                      ; - java.security.AccessController::doPrivileged@13
                      ; - java.net.URLClassLoader::findClass@13
                      ; - java.lang.ClassLoader::loadClass@69
  0x00000245181638dc: a00a 7fff 

  0x00000245181638e0: ;   {other}
  0x00000245181638e0: 0f1f 8400 | d084 009a | ba3f 0000 | 0044 8b54 | 242c 4489 | 5424 204c | 8b54 2440 | 4c89 5424 
  0x0000024518163900: 304c 8b54 | 2448 4c89 | 5424 384c | 8b54 2458 | 4c89 5424 | 404c 8b54 | 2478 4c89 | 5424 484c 
  0x0000024518163920: 8b54 2460 | 4c89 5424 | 504c 8b94 | 2488 0000 | 004c 8954 | 2458 4c8b | 9424 8000 | 0000 4c89 
  0x0000024518163940: 5424 7844 | 8b9c 2490 | 0000 0044 | 895c 2424 | 4c8b 9424 | 9800 0000 | 4c89 9424 | 8000 0000 
  0x0000024518163960: 4c8b 9424 | a800 0000 | 4c89 9424 | 9800 0000 

  0x0000024518163970: ;   {runtime_call UncommonTrapBlob}
  0x0000024518163970: c5f8 77e8 

  0x0000024518163974: ; ImmutableOopMap {[36]=NarrowOop [64]=Oop [72]=Oop [80]=Oop [88]=Oop [112]=Oop [128]=Oop [152]=Oop [160]=Oop [184]=Oop [224]=Oop }
                      ;*new {reexecute=0 rethrow=0 return_oop=0}
                      ; - java.util.jar.Manifest::getTrustedAttributes@28
                      ; - java.util.jar.JavaUtilJarAccessImpl::getTrustedAttributes@2
                      ; - java.net.URLClassLoader::isSealed@18
                      ; - java.net.URLClassLoader::getAndVerifyPackage@68
                      ; - java.net.URLClassLoader::defineClass@46
                      ; - java.net.URLClassLoader$1::run@43
                      ; - java.net.URLClassLoader$1::run@1
                      ; - java.security.AccessController::executePrivileged@29
                      ; - java.security.AccessController::doPrivileged@13
                      ; - java.net.URLClassLoader::findClass@13
                      ; - java.lang.ClassLoader::loadClass@69
  0x0000024518163974: 080a 7fff 

  0x0000024518163978: ;   {other}
  0x0000024518163978: 0f1f 8400 | 6885 009b | ba45 ffff | ff48 ffb4 | 24e0 0000 | 0048 8f44 | 2420 8b4c | 242c 894c 
  0x0000024518163998: 2428 488b | 4c24 4048 | 894c 2438 | 488b 4c24 | 4848 894c | 2440 488b | 4c24 5848 | 894c 2448 
  0x00000245181639b8: 488b 8c24 | d800 0000 | 4889 4c24 | 5048 8b4c | 2460 4889 | 4c24 5848 | 8b8c 2488 | 0000 0048 
  0x00000245181639d8: 894c 2460 | 488b 8c24 | 9000 0000 | 4889 4c24 | 784c 898c | 24a0 0000 | 004c 89ac | 24a8 0000 
  0x00000245181639f8: 004c 898c | 24c0 0000 | 0044 899c | 24b4 0000 | 0044 8994 | 24e0 0000 | 0044 8984 | 24e4 0000 
  0x0000024518163a18: 0066 6690 

  0x0000024518163a1c: ;   {runtime_call UncommonTrapBlob}
  0x0000024518163a1c: c5f8 77e8 

  0x0000024518163a20: ; ImmutableOopMap {[32]=Oop [72]=Oop [80]=Oop [88]=Oop [96]=Oop [120]=Oop [160]=Oop [168]=Oop [176]=NarrowOop [180]=NarrowOop [192]=Oop }
                      ;*if_icmpne {reexecute=1 rethrow=0 return_oop=0}
                      ; - (reexecute) java.lang.String::equals@33
                      ; - java.util.concurrent.ConcurrentHashMap::get@73
                      ; - java.lang.ClassLoader::getDefinedPackage@13
                      ; - java.net.URLClassLoader::getAndVerifyPackage@2
                      ; - java.net.URLClassLoader::defineClass@46
                      ; - java.net.URLClassLoader$1::run@43
                      ; - java.net.URLClassLoader$1::run@1
                      ; - java.security.AccessController::executePrivileged@29
                      ; - java.security.AccessController::doPrivileged@13
                      ; - java.net.URLClassLoader::findClass@13
                      ; - java.lang.ClassLoader::loadClass@69
  0x0000024518163a20: 5c09 7fff 

  0x0000024518163a24: ;   {other}
  0x0000024518163a24: 0f1f 8400 | 1486 009c | ba45 ffff | ff44 8b5c | 242c 4489 | 5c24 204c | 8b5c 2440 | 4c89 5c24 
  0x0000024518163a44: 304c 8b5c | 2448 4c89 | 5c24 384c | 8b5c 2458 | 4c89 5c24 | 404c 8b5c | 2478 4c89 | 5c24 484c 
  0x0000024518163a64: 8b5c 2460 | 4c89 5c24 | 504c 8b9c | 2488 0000 | 004c 895c | 2458 4c8b | 9c24 8000 | 0000 4c89 
  0x0000024518163a84: 5c24 7844 | 8b9c 2490 | 0000 0044 | 895c 2424 | 4c8b 9c24 | 9800 0000 | 4c89 9c24 | 8000 0000 
  0x0000024518163aa4: 4c8b 9c24 | a000 0000 | 4c89 9c24 | 8800 0000 | 4c8b 9c24 | a800 0000 | 4c89 9c24 | 9800 0000 
  0x0000024518163ac4: 4889 8424 | b800 0000 

  0x0000024518163acc: ;   {runtime_call UncommonTrapBlob}
  0x0000024518163acc: c5f8 77e8 

  0x0000024518163ad0: ; ImmutableOopMap {[36]=NarrowOop [64]=Oop [72]=Oop [80]=Oop [88]=Oop [112]=Oop [128]=Oop [136]=Oop [152]=Oop [184]=Oop [224]=Oop }
                      ;*ifnonnull {reexecute=1 rethrow=0 return_oop=0}
                      ; - (reexecute) java.net.URLClassLoader::isSealed@42
                      ; - java.net.URLClassLoader::getAndVerifyPackage@68
                      ; - java.net.URLClassLoader::defineClass@46
                      ; - java.net.URLClassLoader$1::run@43
                      ; - java.net.URLClassLoader$1::run@1
                      ; - java.security.AccessController::executePrivileged@29
                      ; - java.security.AccessController::doPrivileged@13
                      ; - java.net.URLClassLoader::findClass@13
                      ; - java.lang.ClassLoader::loadClass@69
  0x0000024518163ad0: ac08 7fff 

  0x0000024518163ad4: ;   {other}
  0x0000024518163ad4: 0f1f 8400 | c486 009d | ba45 ffff | ff48 ffb4 | 24e0 0000 | 0048 8f44 | 2420 448b | 4424 2c44 
  0x0000024518163af4: 8944 2428 | 4c8b 4424 | 404c 8944 | 2438 4c8b | 4424 484c | 8944 2440 | 4c8b 4424 | 584c 8944 
  0x0000024518163b14: 2448 4c8b | 8424 d800 | 0000 4c89 | 4424 504c | 8b44 2460 | 4c89 4424 | 584c 8b84 | 2488 0000 
  0x0000024518163b34: 004c 8944 | 2460 4c8b | 8424 9000 | 0000 4c89 | 4424 784c | 898c 24a0 | 0000 004c | 89ac 24a8 
  0x0000024518163b54: 0000 004c | 898c 24c0 | 0000 0044 | 899c 24b4 | 0000 0044 | 8994 24e0 | 0000 0090 

  0x0000024518163b70: ;   {runtime_call UncommonTrapBlob}
  0x0000024518163b70: c5f8 77e8 

  0x0000024518163b74: ; ImmutableOopMap {[32]=Oop [72]=Oop [80]=Oop [88]=Oop [96]=Oop [120]=Oop [160]=Oop [168]=Oop [176]=NarrowOop [180]=NarrowOop [192]=Oop }
                      ;*ifge {reexecute=1 rethrow=0 return_oop=0}
                      ; - (reexecute) java.util.concurrent.ConcurrentHashMap::get@86
                      ; - java.lang.ClassLoader::getDefinedPackage@13
                      ; - java.net.URLClassLoader::getAndVerifyPackage@2
                      ; - java.net.URLClassLoader::defineClass@46
                      ; - java.net.URLClassLoader$1::run@43
                      ; - java.net.URLClassLoader$1::run@1
                      ; - java.security.AccessController::executePrivileged@29
                      ; - java.security.AccessController::doPrivileged@13
                      ; - java.net.URLClassLoader::findClass@13
                      ; - java.lang.ClassLoader::loadClass@69
  0x0000024518163b74: 0808 7fff 

  0x0000024518163b78: ;   {other}
  0x0000024518163b78: 0f1f 8400 | 6887 009e | ba45 ffff | ff44 8b54 | 242c 4489 | 5424 284c | 8b54 2440 | 4c89 5424 
  0x0000024518163b98: 384c 8b54 | 2448 4c89 | 5424 404c | 8b54 2458 | 4c89 5424 | 484c 8b94 | 24d8 0000 | 004c 8954 
  0x0000024518163bb8: 2450 4c8b | 5424 604c | 8954 2458 | 4c8b 9424 | 8800 0000 | 4c89 5424 | 604c 8b94 | 2490 0000 
  0x0000024518163bd8: 004c 8954 | 2478 448b | 9424 b000 | 0000 4489 | 5424 2c4c | 89ac 2490 | 0000 004c | 898c 2498 
  0x0000024518163bf8: 0000 004c | 899c 24a0 | 0000 0048 | 898c 24b8 | 0000 004c | 8984 24c0 | 0000 0090 

  0x0000024518163c14: ;   {runtime_call UncommonTrapBlob}
  0x0000024518163c14: c5f8 77e8 

  0x0000024518163c18: ; ImmutableOopMap {[44]=NarrowOop [72]=Oop [80]=Oop [88]=Oop [96]=Oop [120]=Oop [144]=Oop [152]=Oop [160]=Oop [184]=Oop [192]=Oop [224]=Oop }
                      ;*ifeq {reexecute=1 rethrow=0 return_oop=0}
                      ; - (reexecute) java.util.LinkedHashMap::get@16
                      ; - java.util.jar.Attributes::get@5
                      ; - java.util.jar.Attributes::getValue@2
                      ; - java.net.URLClassLoader::isSealed@58
                      ; - java.net.URLClassLoader::getAndVerifyPackage@68
                      ; - java.net.URLClassLoader::defineClass@46
                      ; - java.net.URLClassLoader$1::run@43
                      ; - java.net.URLClassLoader$1::run@1
                      ; - java.security.AccessController::executePrivileged@29
                      ; - java.security.AccessController::doPrivileged@13
                      ; - java.net.URLClassLoader::findClass@13
                      ; - java.lang.ClassLoader::loadClass@69
  0x0000024518163c18: 6407 7fff 

  0x0000024518163c1c: ;   {other}
  0x0000024518163c1c: 0f1f 8400 | 0c88 009f | ba45 ffff | ff48 ffb4 | 24e0 0000 | 0048 8f44 | 2420 448b | 5c24 2c44 
  0x0000024518163c3c: 895c 2428 | 4c8b 5c24 | 404c 895c | 2438 4c8b | 5c24 484c | 895c 2440 | 4c8b 5c24 | 584c 895c 
  0x0000024518163c5c: 2448 4c8b | 9c24 d800 | 0000 4c89 | 5c24 504c | 8b5c 2460 | 4c89 5c24 | 584c 8b9c | 2488 0000 
  0x0000024518163c7c: 004c 895c | 2460 4c8b | 9c24 9000 | 0000 4c89 | 5c24 784c | 898c 24a0 | 0000 004c | 89ac 24a8 
  0x0000024518163c9c: 0000 004c | 898c 24c0 | 0000 0089 | 8c24 b400 | 0000 4489 | 8424 e000 | 0000 4489 | 9424 e400 
  0x0000024518163cbc: 0000 89bc | 24e8 0000 | 0066 6690 

  0x0000024518163cc8: ;   {runtime_call UncommonTrapBlob}
  0x0000024518163cc8: c5f8 77e8 

  0x0000024518163ccc: ; ImmutableOopMap {[32]=Oop [72]=Oop [80]=Oop [88]=Oop [96]=Oop [120]=Oop [160]=Oop [168]=Oop [176]=NarrowOop [180]=NarrowOop [192]=Oop [224]=NarrowOop }
                      ;*if_icmpne {reexecute=1 rethrow=0 return_oop=0}
                      ; - (reexecute) java.lang.String::equals@33
                      ; - java.util.concurrent.ConcurrentHashMap::get@73
                      ; - java.lang.ClassLoader::definePackage@47
                      ; - java.lang.ClassLoader::getDefinedPackage@32
                      ; - java.net.URLClassLoader::getAndVerifyPackage@2
                      ; - java.net.URLClassLoader::defineClass@46
                      ; - java.net.URLClassLoader$1::run@43
                      ; - java.net.URLClassLoader$1::run@1
                      ; - java.security.AccessController::executePrivileged@29
                      ; - java.security.AccessController::doPrivileged@13
                      ; - java.net.URLClassLoader::findClass@13
                      ; - java.lang.ClassLoader::loadClass@69
  0x0000024518163ccc: b006 7fff 

  0x0000024518163cd0: ;   {other}
  0x0000024518163cd0: 0f1f 8400 | c088 00a0 | ba45 ffff | ff48 ffb4 | 24e0 0000 | 0048 8f44 | 2420 8b5c | 242c 895c 
  0x0000024518163cf0: 2428 4c8b | 5c24 404c | 895c 2438 | 4c8b 5c24 | 484c 895c | 2440 4c8b | 5c24 584c | 895c 2448 
  0x0000024518163d10: 4c8b 9c24 | d800 0000 | 4c89 5c24 | 504c 8b5c | 2460 4c89 | 5c24 584c | 8b9c 2488 | 0000 004c 
  0x0000024518163d30: 895c 2460 | 4c8b 9c24 | 9000 0000 | 4c89 5c24 | 784c 898c | 24a0 0000 | 004c 89ac | 24a8 0000 
  0x0000024518163d50: 004c 898c | 24c0 0000 | 0089 8c24 | b400 0000 | 4489 8424 | e000 0000 | 4489 9424 | e400 0000 
  0x0000024518163d70: ;   {runtime_call UncommonTrapBlob}
  0x0000024518163d70: c5f8 77e8 

  0x0000024518163d74: ; ImmutableOopMap {[32]=Oop [72]=Oop [80]=Oop [88]=Oop [96]=Oop [120]=Oop [160]=Oop [168]=Oop [176]=NarrowOop [180]=NarrowOop [192]=Oop [224]=NarrowOop }
                      ;*ifge {reexecute=1 rethrow=0 return_oop=0}
                      ; - (reexecute) java.util.concurrent.ConcurrentHashMap::get@86
                      ; - java.lang.ClassLoader::definePackage@47
                      ; - java.lang.ClassLoader::getDefinedPackage@32
                      ; - java.net.URLClassLoader::getAndVerifyPackage@2
                      ; - java.net.URLClassLoader::defineClass@46
                      ; - java.net.URLClassLoader$1::run@43
                      ; - java.net.URLClassLoader$1::run@1
                      ; - java.security.AccessController::executePrivileged@29
                      ; - java.security.AccessController::doPrivileged@13
                      ; - java.net.URLClassLoader::findClass@13
                      ; - java.lang.ClassLoader::loadClass@69
  0x0000024518163d74: 0806 7fff 

  0x0000024518163d78: ;   {other}
  0x0000024518163d78: 0f1f 8400 | 6889 00a1 | ba45 ffff | ff48 8bac | 24e0 0000 | 0044 8b44 | 242c 4489 | 4424 204c 
  0x0000024518163d98: 8b44 2440 | 4c89 4424 | 304c 8b44 | 2448 4c89 | 4424 384c | 8b44 2458 | 4c89 4424 | 404c 8b84 
  0x0000024518163db8: 24d8 0000 | 004c 8944 | 2448 4c8b | 4424 604c | 8944 2450 | 4c8b 8424 | 8800 0000 | 4c89 4424 
  0x0000024518163dd8: 584c 8b84 | 2490 0000 | 004c 8944 | 2470 4c8b | 8424 8000 | 0000 4c89 | 4424 788b | bc24 b000 
  0x0000024518163df8: 0000 897c | 2424 4c89 | 8c24 9000 | 0000 4c89 | 9c24 9800 | 0000 4c89 | ac24 a000 | 0000 4c89 
  0x0000024518163e18: ac24 a800 | 0000 4889 | 9c24 c800 | 0000 4489 | 9424 d000 | 0000 898c | 24d4 0000 | 0066 6690 
  0x0000024518163e38: ;   {runtime_call UncommonTrapBlob}
  0x0000024518163e38: c5f8 77e8 

  0x0000024518163e3c: ; ImmutableOopMap {rbp=Oop [36]=NarrowOop [64]=Oop [72]=Oop [80]=Oop [88]=Oop [112]=Oop [144]=Oop [152]=Oop [160]=Oop [168]=Oop [200]=Oop [208]=NarrowOop }
                      ;*ifeq {reexecute=1 rethrow=0 return_oop=0}
                      ; - (reexecute) java.util.HashMap::getNode@85
                      ; - java.util.HashMap::get@2
                      ; - java.util.jar.Manifest::getAttributes@5
                      ; - java.util.jar.Manifest::getTrustedAttributes@2
                      ; - java.util.jar.JavaUtilJarAccessImpl::getTrustedAttributes@2
                      ; - java.net.URLClassLoader::isSealed@18
                      ; - java.net.URLClassLoader::getAndVerifyPackage@68
                      ; - java.net.URLClassLoader::defineClass@46
                      ; - java.net.URLClassLoader$1::run@43
                      ; - java.net.URLClassLoader$1::run@1
                      ; - java.security.AccessController::executePrivileged@29
                      ; - java.security.AccessController::doPrivileged@13
                      ; - java.net.URLClassLoader::findClass@13
                      ; - java.lang.ClassLoader::loadClass@69
  0x0000024518163e3c: 4005 7fff 

  0x0000024518163e40: ;   {other}
  0x0000024518163e40: 0f1f 8400 | 308a 00a2 | ba45 ffff | ff44 8b54 | 242c 4489 | 5424 204c | 8b54 2440 | 4c89 5424 
  0x0000024518163e60: 304c 8b54 | 2448 4c89 | 5424 384c | 8b54 2458 | 4c89 5424 | 404c 8b94 | 24d8 0000 | 004c 8954 
  0x0000024518163e80: 2448 4c8b | 5424 604c | 8954 2450 | 4c8b 9424 | 8800 0000 | 4c89 5424 | 584c 8b94 | 2490 0000 
  0x0000024518163ea0: 004c 8954 | 2470 4c8b | 9424 8000 | 0000 4c89 | 5424 7844 | 8b84 24b0 | 0000 0044 | 8944 2424 
  0x0000024518163ec0: 4c89 ac24 | 8800 0000 | 4c89 8c24 | 9000 0000 | 4c89 9c24 | 9800 0000 | 4889 8c24 | b000 0000 
  0x0000024518163ee0: 89bc 24b8 | 0000 0089 | 9c24 bc00 | 0000 6690 

  0x0000024518163ef0: ;   {runtime_call UncommonTrapBlob}
  0x0000024518163ef0: c5f8 77e8 

  0x0000024518163ef4: ; ImmutableOopMap {[36]=NarrowOop [64]=Oop [72]=Oop [80]=Oop [88]=Oop [112]=Oop [136]=Oop [144]=Oop [152]=Oop [176]=Oop [184]=NarrowOop [224]=Oop }
                      ;*ifeq {reexecute=1 rethrow=0 return_oop=0}
                      ; - (reexecute) java.util.HashMap::getNode@85
                      ; - java.util.LinkedHashMap::get@2
                      ; - java.util.jar.Attributes::get@5
                      ; - java.util.jar.Attributes::getValue@2
                      ; - java.net.URLClassLoader::isSealed@58
                      ; - java.net.URLClassLoader::getAndVerifyPackage@68
                      ; - java.net.URLClassLoader::defineClass@46
                      ; - java.net.URLClassLoader$1::run@43
                      ; - java.net.URLClassLoader$1::run@1
                      ; - java.security.AccessController::executePrivileged@29
                      ; - java.security.AccessController::doPrivileged@13
                      ; - java.net.URLClassLoader::findClass@13
                      ; - java.lang.ClassLoader::loadClass@69
  0x0000024518163ef4: 8804 7fff 

  0x0000024518163ef8: ;   {other}
  0x0000024518163ef8: 0f1f 8400 | e88a 00a3 | bade ffff | ff44 8b5c | 242c 4489 | 5c24 204c | 8b5c 2440 | 4c89 5c24 
  0x0000024518163f18: 304c 8b5c | 2448 4c89 | 5c24 384c | 8b5c 2458 | 4c89 5c24 | 404c 8b5c | 2470 4c89 | 5c24 484c 
  0x0000024518163f38: 8b5c 2460 | 4c89 5c24 | 504c 8b9c | 2488 0000 | 004c 895c | 2458 4c8b | 5c24 784c | 895c 2470 
  0x0000024518163f58: 4c8b 9c24 | 8000 0000 | 4c89 5c24 | 7844 8b9c | 2490 0000 | 0044 895c | 2424 4c89 | 8424 b800 
  0x0000024518163f78: 0000 4c89 | 9424 c000 | 0000 6690 

  0x0000024518163f84: ;   {runtime_call UncommonTrapBlob}
  0x0000024518163f84: c5f8 77e8 

  0x0000024518163f88: ; ImmutableOopMap {rbp=Oop [36]=NarrowOop [64]=Oop [72]=Oop [80]=Oop [88]=Oop [112]=Oop [160]=Oop [168]=Oop [184]=Oop [192]=Oop [248]=Oop }
                      ;*invokevirtual getName {reexecute=0 rethrow=0 return_oop=0}
                      ; - java.util.jar.JarFile::getManifestFromReference@74
                      ; - java.util.jar.JarFile::getManifest@1
                      ; - jdk.internal.loader.URLClassPath$JarLoader$2::getManifest@22
                      ; - java.net.URLClassLoader::defineClass@34
                      ; - java.net.URLClassLoader$1::run@43
                      ; - java.net.URLClassLoader$1::run@1
                      ; - java.security.AccessController::executePrivileged@29
                      ; - java.security.AccessController::doPrivileged@13
                      ; - java.net.URLClassLoader::findClass@13
                      ; - java.lang.ClassLoader::loadClass@69
  0x0000024518163f88: f403 7fff 

  0x0000024518163f8c: ;   {other}
  0x0000024518163f8c: 0f1f 8400 | 7c8b 00a4 | ba0f 0000 | 004c 8b54 | 2438 4c89 | 5424 2044 | 8b5c 242c | 4489 5c24 
  0x0000024518163fac: 284c 8b54 | 2440 4c89 | 5424 384c | 8b54 2448 | 4c89 5424 | 404c 8b54 | 2458 4c89 | 5424 484c 
  0x0000024518163fcc: 8b54 2470 | 4c89 5424 | 504c 8b54 | 2460 4c89 | 5424 584c | 8b94 2488 | 0000 004c | 8954 2460 
  0x0000024518163fec: 448b 9c24 | 9000 0000 | 4489 5c24 | 2c66 6690 

  0x0000024518163ffc: ;   {runtime_call UncommonTrapBlob}
  0x0000024518163ffc: c5f8 77e8 

  0x0000024518164000: ; ImmutableOopMap {rbp=Oop [32]=Oop [44]=NarrowOop [72]=Oop [80]=Oop [88]=Oop [96]=Oop [120]=Oop [160]=Oop [168]=Oop [176]=Oop [248]=Oop }
                      ;*new {reexecute=0 rethrow=0 return_oop=0}
                      ; - java.util.Hashtable::<init>@53
                      ; - java.util.Hashtable::<init>@5
                      ; - java.util.jar.JarVerifier::<init>@39
                      ; - java.util.jar.JarFile::getManifestFromReference@78
                      ; - java.util.jar.JarFile::getManifest@1
                      ; - jdk.internal.loader.URLClassPath$JarLoader$2::getManifest@22
                      ; - java.net.URLClassLoader::defineClass@34
                      ; - java.net.URLClassLoader$1::run@43
                      ; - java.net.URLClassLoader$1::run@1
                      ; - java.security.AccessController::executePrivileged@29
                      ; - java.security.AccessController::doPrivileged@13
                      ; - java.net.URLClassLoader::findClass@13
                      ; - java.lang.ClassLoader::loadClass@69
  0x0000024518164000: 7c03 7fff 

  0x0000024518164004: ;   {other}
  0x0000024518164004: 0f1f 8400 | f48b 00a5 | ba0f 0000 | 004c 8b54 | 2438 4c89 | 5424 2044 | 8b54 242c | 4489 5424 
  0x0000024518164024: 284c 8b54 | 2440 4c89 | 5424 384c | 8b54 2448 | 4c89 5424 | 404c 8b54 | 2458 4c89 | 5424 484c 
  0x0000024518164044: 8b54 2470 | 4c89 5424 | 504c 8b54 | 2460 4c89 | 5424 584c | 8b94 2488 | 0000 004c | 8954 2460 
  0x0000024518164064: 448b 9c24 | 9000 0000 | 4489 5c24 | 2c66 6690 

  0x0000024518164074: ;   {runtime_call UncommonTrapBlob}
  0x0000024518164074: c5f8 77e8 

  0x0000024518164078: ; ImmutableOopMap {rbp=Oop [32]=Oop [44]=NarrowOop [72]=Oop [80]=Oop [88]=Oop [96]=Oop [120]=Oop [160]=Oop [168]=Oop [176]=Oop [248]=Oop }
                      ;*new {reexecute=0 rethrow=0 return_oop=0}
                      ; - java.util.Hashtable::<init>@53
                      ; - java.util.Hashtable::<init>@5
                      ; - java.util.jar.JarVerifier::<init>@50
                      ; - java.util.jar.JarFile::getManifestFromReference@78
                      ; - java.util.jar.JarFile::getManifest@1
                      ; - jdk.internal.loader.URLClassPath$JarLoader$2::getManifest@22
                      ; - java.net.URLClassLoader::defineClass@34
                      ; - java.net.URLClassLoader$1::run@43
                      ; - java.net.URLClassLoader$1::run@1
                      ; - java.security.AccessController::executePrivileged@29
                      ; - java.security.AccessController::doPrivileged@13
                      ; - java.net.URLClassLoader::findClass@13
                      ; - java.lang.ClassLoader::loadClass@69
  0x0000024518164078: 0403 7fff 

  0x000002451816407c: ;   {other}
  0x000002451816407c: 0f1f 8400 | 6c8c 00a6 | ba0f 0000 | 004c 8b54 | 2438 4c89 | 5424 2044 | 8b5c 242c | 4489 5c24 
  0x000002451816409c: 284c 8b54 | 2440 4c89 | 5424 384c | 8b54 2448 | 4c89 5424 | 404c 8b54 | 2458 4c89 | 5424 484c 
  0x00000245181640bc: 8b54 2470 | 4c89 5424 | 504c 8b54 | 2460 4c89 | 5424 584c | 8b94 2488 | 0000 004c | 8954 2460 
  0x00000245181640dc: 448b 9c24 | 9000 0000 | 4489 5c24 | 2c66 6690 

  0x00000245181640ec: ;   {runtime_call UncommonTrapBlob}
  0x00000245181640ec: c5f8 77e8 

  0x00000245181640f0: ; ImmutableOopMap {rbp=Oop [32]=Oop [44]=NarrowOop [72]=Oop [80]=Oop [88]=Oop [96]=Oop [120]=Oop [160]=Oop [168]=Oop [176]=Oop [248]=Oop }
                      ;*new {reexecute=0 rethrow=0 return_oop=0}
                      ; - java.util.Hashtable::<init>@53
                      ; - java.util.Hashtable::<init>@4
                      ; - java.util.jar.JarVerifier::<init>@63
                      ; - java.util.jar.JarFile::getManifestFromReference@78
                      ; - java.util.jar.JarFile::getManifest@1
                      ; - jdk.internal.loader.URLClassPath$JarLoader$2::getManifest@22
                      ; - java.net.URLClassLoader::defineClass@34
                      ; - java.net.URLClassLoader$1::run@43
                      ; - java.net.URLClassLoader$1::run@1
                      ; - java.security.AccessController::executePrivileged@29
                      ; - java.security.AccessController::doPrivileged@13
                      ; - java.net.URLClassLoader::findClass@13
                      ; - java.lang.ClassLoader::loadClass@69
  0x00000245181640f0: 8c02 7fff 

  0x00000245181640f4: ;   {other}
  0x00000245181640f4: 0f1f 8400 | e48c 00a7 | ba45 ffff | ff48 ffb4 | 24e0 0000 | 0048 8f44 | 2420 448b | 4424 2c44 
  0x0000024518164114: 8944 2428 | 4c8b 5c24 | 404c 895c | 2438 4c8b | 5c24 484c | 895c 2440 | 4c8b 5c24 | 584c 895c 
  0x0000024518164134: 2448 4c8b | 5c24 604c | 895c 2458 | 4c8b 9c24 | 8800 0000 | 4c89 5c24 | 6048 895c | 2470 4c8b 
  0x0000024518164154: 9c24 9000 | 0000 4c89 | 5c24 784c | 898c 24a0 | 0000 004c | 89ac 24a8 | 0000 004c | 898c 24c0 
  0x0000024518164174: 0000 0048 | 899c 24d0 | 0000 0048 | 898c 24e0 | 0000 0044 | 8994 24b4 | 0000 0090 

  0x0000024518164190: ;   {runtime_call UncommonTrapBlob}
  0x0000024518164190: c5f8 77e8 

  0x0000024518164194: ; ImmutableOopMap {rbp=NarrowOop [32]=Oop [72]=Oop [88]=Oop [96]=Oop [112]=Oop [120]=Oop [160]=Oop [168]=Oop [176]=NarrowOop [192]=Oop [208]=Oop [224]=Oop }
                      ;*ifnull {reexecute=1 rethrow=0 return_oop=0}
                      ; - (reexecute) java.util.concurrent.ConcurrentHashMap::get@143
                      ; - java.lang.ClassLoader::getDefinedPackage@13
                      ; - java.net.URLClassLoader::getAndVerifyPackage@2
                      ; - java.net.URLClassLoader::defineClass@46
                      ; - java.net.URLClassLoader$1::run@43
                      ; - java.net.URLClassLoader$1::run@1
                      ; - java.security.AccessController::executePrivileged@29
                      ; - java.security.AccessController::doPrivileged@13
                      ; - java.net.URLClassLoader::findClass@13
                      ; - java.lang.ClassLoader::loadClass@69
  0x0000024518164194: e801 7fff 

  0x0000024518164198: ;   {other}
  0x0000024518164198: 0f1f 8400 | 888d 00a8 | ba45 ffff | ff44 8b44 | 242c 4489 | 4424 204c | 8b5c 2440 | 4c89 5c24 
  0x00000245181641b8: 304c 8b5c | 2448 4c89 | 5c24 384c | 8b5c 2458 | 4c89 5c24 | 404c 8b9c | 24b0 0000 | 004c 895c 
  0x00000245181641d8: 2448 4c8b | 5c24 604c | 895c 2450 | 4c8b 9c24 | 8800 0000 | 4c89 5c24 | 584c 8b9c | 2480 0000 
  0x00000245181641f8: 004c 895c | 2478 4c8b | 9c24 9800 | 0000 4c89 | 9c24 8000 | 0000 8984 | 24e0 0000 | 0066 6690 
  0x0000024518164218: ;   {runtime_call UncommonTrapBlob}
  0x0000024518164218: c5f8 77e8 

  0x000002451816421c: ; ImmutableOopMap {rbp=Oop [64]=Oop [72]=Oop [80]=Oop [88]=Oop [112]=Oop [128]=Oop [160]=Oop [168]=NarrowOop [232]=Oop }
                      ;*ifeq {reexecute=1 rethrow=0 return_oop=0}
                      ; - (reexecute) java.util.concurrent.ConcurrentHashMap::get@152
                      ; - java.lang.ClassLoader::getDefinedPackage@13
                      ; - java.net.URLClassLoader::getAndVerifyPackage@2
                      ; - java.net.URLClassLoader::defineClass@46
                      ; - java.net.URLClassLoader$1::run@43
                      ; - java.net.URLClassLoader$1::run@1
                      ; - java.security.AccessController::executePrivileged@29
                      ; - java.security.AccessController::doPrivileged@13
                      ; - java.net.URLClassLoader::findClass@13
                      ; - java.lang.ClassLoader::loadClass@69
  0x000002451816421c: 6001 7fff 

  0x0000024518164220: ;   {other}
  0x0000024518164220: 0f1f 8400 | 108e 00a9 | 498b d7c5 | f877 49ba | 20a4 0b6d | fa7f 0000 

  0x0000024518164238: ;   {other}
  0x0000024518164238: 41ff d20f | 1f84 0000 | 0000 00e9 | e4c1 ffff | 498b d849 | 8bd7 c5f8 | 7749 ba20 | a40b 6dfa 
  0x0000024518164258: 7f00 0041 

  0x000002451816425c: ;   {other}
  0x000002451816425c: ffd2 0f1f | 8400 0000 | 0000 e9ff | c1ff ffba | deff ffff | 488b 6c24 | 6844 8b5c | 242c 4489 
  0x000002451816427c: 5c24 204c | 8b5c 2440 | 4c89 5c24 | 304c 8b5c | 2448 4c89 | 5c24 384c | 8b5c 2458 | 4c89 5c24 
  0x000002451816429c: 404c 8b9c | 24a0 0000 | 004c 895c | 2448 4c8b | 5c24 604c | 895c 2450 | 4c8b 9c24 | 8800 0000 
  0x00000245181642bc: 4c89 5c24 | 584c 8b5c | 2478 4c89 | 5c24 704c | 8b9c 2480 | 0000 004c | 895c 2478 | 448b 9c24 
  0x00000245181642dc: 9000 0000 | 4489 5c24 | 244c 8994 | 24a0 0000 | 004c 8984 | 24a8 0000 | 0066 6690 

  0x00000245181642f8: ;   {runtime_call UncommonTrapBlob}
  0x00000245181642f8: c5f8 77e8 

  0x00000245181642fc: ; ImmutableOopMap {rbp=Oop [36]=NarrowOop [64]=Oop [72]=Oop [80]=Oop [88]=Oop [112]=Oop [152]=Oop [160]=Oop [168]=Oop [248]=Oop }
                      ;*invokevirtual close {reexecute=0 rethrow=0 return_oop=0}
                      ; - java.util.jar.JarFile::getManifestFromReference@152
                      ; - java.util.jar.JarFile::getManifest@1
                      ; - jdk.internal.loader.URLClassPath$JarLoader$2::getManifest@22
                      ; - java.net.URLClassLoader::defineClass@34
                      ; - java.net.URLClassLoader$1::run@43
                      ; - java.net.URLClassLoader$1::run@1
                      ; - java.security.AccessController::executePrivileged@29
                      ; - java.security.AccessController::doPrivileged@13
                      ; - java.net.URLClassLoader::findClass@13
                      ; - java.lang.ClassLoader::loadClass@69
  0x00000245181642fc: 8000 7fff 

  0x0000024518164300: ;   {other}
  0x0000024518164300: 0f1f 8400 | f08e 00aa | ba45 ffff | ff48 ffb4 | 24e0 0000 | 0048 8f44 | 2420 448b | 4424 2c44 
  0x0000024518164320: 8944 2428 | 4c8b 5c24 | 404c 895c | 2438 4c8b | 5c24 484c | 895c 2440 | 4c8b 5c24 | 584c 895c 
  0x0000024518164340: 2448 4c8b | 5c24 604c | 895c 2458 | 4c8b 9c24 | 8800 0000 | 4c89 5c24 | 6048 897c | 2470 4c8b 
  0x0000024518164360: 9c24 9000 | 0000 4c89 | 5c24 784c | 898c 24a0 | 0000 004c | 89ac 24a8 | 0000 004c | 898c 24c0 
  0x0000024518164380: 0000 0048 | 89bc 24d0 | 0000 0089 | 8c24 b400 | 0000 4889 | 9c24 e000 | 0000 4489 | 9424 e800 
  0x00000245181643a0: 0000 6690 

  0x00000245181643a4: ;   {runtime_call UncommonTrapBlob}
  0x00000245181643a4: c5f8 77e8 

  0x00000245181643a8: ; ImmutableOopMap {rbp=NarrowOop [32]=Oop [72]=Oop [88]=Oop [96]=Oop [112]=Oop [120]=Oop [160]=Oop [168]=Oop [176]=NarrowOop [180]=NarrowOop [192]=Oop [208]=Oop [224]=Oop }
                      ;*ifnull {reexecute=1 rethrow=0 return_oop=0}
                      ; - (reexecute) java.util.concurrent.ConcurrentHashMap::get@143
                      ; - java.lang.ClassLoader::definePackage@47
                      ; - java.lang.ClassLoader::getDefinedPackage@32
                      ; - java.net.URLClassLoader::getAndVerifyPackage@2
                      ; - java.net.URLClassLoader::defineClass@46
                      ; - java.net.URLClassLoader$1::run@43
                      ; - java.net.URLClassLoader$1::run@1
                      ; - java.security.AccessController::executePrivileged@29
                      ; - java.security.AccessController::doPrivileged@13
                      ; - java.net.URLClassLoader::findClass@13
                      ; - java.lang.ClassLoader::loadClass@69
  0x00000245181643a8: d4ff 7eff 

  0x00000245181643ac: ;   {other}
  0x00000245181643ac: 0f1f 8400 | 9c8f 00ab | ba45 ffff | ff44 8b54 | 242c 4489 | 5424 204c | 8b54 2440 | 4c89 5424 
  0x00000245181643cc: 304c 8b54 | 2448 4c89 | 5424 384c | 8b54 2458 | 4c89 5424 | 404c 8b94 | 24b0 0000 | 004c 8954 
  0x00000245181643ec: 2448 4c8b | 5424 604c | 8954 2450 | 4c8b 9424 | 8800 0000 | 4c89 5424 | 584c 8b94 | 2480 0000 
  0x000002451816440c: 004c 8954 | 2478 4c8b | 9424 9800 | 0000 4c89 | 9424 8000 | 0000 8984 | 24e4 0000 | 0066 6690 
  0x000002451816442c: ;   {runtime_call UncommonTrapBlob}
  0x000002451816442c: c5f8 77e8 

  0x0000024518164430: ; ImmutableOopMap {rbp=Oop [64]=Oop [72]=Oop [80]=Oop [88]=Oop [112]=Oop [128]=Oop [160]=Oop [168]=NarrowOop [172]=NarrowOop [240]=Oop }
                      ;*ifeq {reexecute=1 rethrow=0 return_oop=0}
                      ; - (reexecute) java.util.concurrent.ConcurrentHashMap::get@152
                      ; - java.lang.ClassLoader::definePackage@47
                      ; - java.lang.ClassLoader::getDefinedPackage@32
                      ; - java.net.URLClassLoader::getAndVerifyPackage@2
                      ; - java.net.URLClassLoader::defineClass@46
                      ; - java.net.URLClassLoader$1::run@43
                      ; - java.net.URLClassLoader$1::run@1
                      ; - java.security.AccessController::executePrivileged@29
                      ; - java.security.AccessController::doPrivileged@13
                      ; - java.net.URLClassLoader::findClass@13
                      ; - java.lang.ClassLoader::loadClass@69
  0x0000024518164430: 4cff 7eff 

  0x0000024518164434: ;   {other}
  0x0000024518164434: 0f1f 8400 | 2490 00ac | ba45 ffff | ff4c 8b54 | 2468 4c89 | 5424 2044 | 8b54 242c | 4489 5424 
  0x0000024518164454: 284c 8b54 | 2440 4c89 | 5424 384c | 8b54 2448 | 4c89 5424 | 404c 8b54 | 2458 4c89 | 5424 484c 
  0x0000024518164474: 8b94 2498 | 0000 004c | 8954 2450 | 4c8b 5424 | 604c 8954 | 2458 4c8b | 9424 8800 | 0000 4c89 
  0x0000024518164494: 5424 6044 | 8b94 2490 | 0000 0044 | 8954 242c | 4c89 9c24 | a800 0000 

  0x00000245181644ac: ;   {runtime_call UncommonTrapBlob}
  0x00000245181644ac: c5f8 77e8 

  0x00000245181644b0: ; ImmutableOopMap {[32]=Oop [44]=NarrowOop [72]=Oop [80]=Oop [88]=Oop [96]=Oop [120]=Oop [160]=Oop [168]=Oop [248]=Oop }
                      ;*ifne {reexecute=1 rethrow=0 return_oop=0}
                      ; - (reexecute) java.util.jar.JarFile::getManifestFromReference@52
                      ; - java.util.jar.JarFile::getManifest@1
                      ; - jdk.internal.loader.URLClassPath$JarLoader$2::getManifest@22
                      ; - java.net.URLClassLoader::defineClass@34
                      ; - java.net.URLClassLoader$1::run@43
                      ; - java.net.URLClassLoader$1::run@1
                      ; - java.security.AccessController::executePrivileged@29
                      ; - java.security.AccessController::doPrivileged@13
                      ; - java.net.URLClassLoader::findClass@13
                      ; - java.lang.ClassLoader::loadClass@69
  0x00000245181644b0: ccfe 7eff 

  0x00000245181644b4: ;   {other}
  0x00000245181644b4: 0f1f 8400 | a490 00ad | ba45 ffff | ff44 8b44 | 242c 4489 | 4424 204c | 8b5c 2440 | 4c89 5c24 
  0x00000245181644d4: 304c 8b5c | 2448 4c89 | 5c24 384c | 8b5c 2458 | 4c89 5c24 | 404c 8b5c | 2470 4c89 | 5c24 484c 
  0x00000245181644f4: 8b5c 2460 | 4c89 5c24 | 504c 8b9c | 2488 0000 | 004c 895c | 2458 4c8b | 5c24 784c | 895c 2470 
  0x0000024518164514: 4c8b 9c24 | 8000 0000 | 4c89 5c24 | 7844 8b84 | 2490 0000 | 0044 8944 | 2424 4c8b | 9c24 a800 
  0x0000024518164534: 0000 4c89 | 9c24 9800 | 0000 8984 | 24a8 0000 | 0066 6690 

  0x0000024518164548: ;   {runtime_call UncommonTrapBlob}
  0x0000024518164548: c5f8 77e8 

  0x000002451816454c: ; ImmutableOopMap {rbp=Oop [36]=NarrowOop [64]=Oop [72]=Oop [80]=Oop [88]=Oop [112]=Oop [152]=Oop [160]=Oop [248]=Oop }
                      ;*if_icmpne {reexecute=1 rethrow=0 return_oop=0}
                      ; - (reexecute) java.util.jar.JarFile::getManifestFromReference@65
                      ; - java.util.jar.JarFile::getManifest@1
                      ; - jdk.internal.loader.URLClassPath$JarLoader$2::getManifest@22
                      ; - java.net.URLClassLoader::defineClass@34
                      ; - java.net.URLClassLoader$1::run@43
                      ; - java.net.URLClassLoader$1::run@1
                      ; - java.security.AccessController::executePrivileged@29
                      ; - java.security.AccessController::doPrivileged@13
                      ; - java.net.URLClassLoader::findClass@13
                      ; - java.lang.ClassLoader::loadClass@69
  0x000002451816454c: 30fe 7eff 

  0x0000024518164550: ;   {other}
  0x0000024518164550: 0f1f 8400 | 4091 00ae | 498b d7c5 | f877 49ba | 20a4 0b6d | fa7f 0000 

  0x0000024518164568: ;   {other}
  0x0000024518164568: 41ff d20f | 1f84 0000 | 0000 00e9 | 72c2 ffff | 498b d7c5 | f877 49ba | 20a4 0b6d | fa7f 0000 
  0x0000024518164588: ;   {other}
  0x0000024518164588: 41ff d20f | 1f84 0000 | 0000 00e9 | cba8 ffff | 498b d7c5 | f877 49ba | 20a4 0b6d | fa7f 0000 
  0x00000245181645a8: ;   {other}
  0x00000245181645a8: 41ff d20f | 1f84 0000 | 0000 00e9 | 6aa8 ffff | 498b d7c5 | f877 49ba | 20a4 0b6d | fa7f 0000 
  0x00000245181645c8: ;   {other}
  0x00000245181645c8: 41ff d20f | 1f84 0000 | 0000 00e9 | caa9 ffff | 498b d7c5 | f877 49ba | 20a4 0b6d | fa7f 0000 
  0x00000245181645e8: ;   {other}
  0x00000245181645e8: 41ff d20f | 1f84 0000 | 0000 00e9 | eba9 ffff | 498b d7c5 | f877 49ba | 20a4 0b6d | fa7f 0000 
  0x0000024518164608: ;   {other}
  0x0000024518164608: 41ff d20f | 1f84 0000 | 0000 00e9 | 9bae ffff | 498b d7c5 | f877 49ba | 20a4 0b6d | fa7f 0000 
  0x0000024518164628: ;   {other}
  0x0000024518164628: 41ff d20f | 1f84 0000 | 0000 00e9 | 91ad ffff | 498b d7c5 | f877 49ba | 20a4 0b6d | fa7f 0000 
  0x0000024518164648: ;   {other}
  0x0000024518164648: 41ff d20f | 1f84 0000 | 0000 00e9 | 10ae ffff | 498b d7c5 | f877 49ba | 20a4 0b6d | fa7f 0000 
  0x0000024518164668: ;   {other}
  0x0000024518164668: 41ff d20f | 1f84 0000 | 0000 00e9 | bdac ffff | 498b d7c5 | f877 49ba | 20a4 0b6d | fa7f 0000 
  0x0000024518164688: ;   {other}
  0x0000024518164688: 41ff d20f | 1f84 0000 | 0000 00e9 | 8aaa ffff | 498b d7c5 | f877 49ba | 20a4 0b6d | fa7f 0000 
  0x00000245181646a8: ;   {other}
  0x00000245181646a8: 41ff d20f | 1f84 0000 | 0000 00e9 | bbaa ffff | 498b d7c5 | f877 49ba | 20a4 0b6d | fa7f 0000 
  0x00000245181646c8: ;   {other}
  0x00000245181646c8: 41ff d20f | 1f84 0000 | 0000 00e9 | 2eab ffff | 498b d7c5 | f877 49ba | 20a4 0b6d | fa7f 0000 
  0x00000245181646e8: ;   {other}
  0x00000245181646e8: 41ff d20f | 1f84 0000 | 0000 00e9 | 76af ffff | 498b d7c5 | f877 49ba | 20a4 0b6d | fa7f 0000 
  0x0000024518164708: ;   {other}
  0x0000024518164708: 41ff d20f | 1f84 0000 | 0000 00e9 | a9af ffff | 498b d7c5 | f877 49ba | 20a4 0b6d | fa7f 0000 
  0x0000024518164728: ;   {other}
  0x0000024518164728: 41ff d20f | 1f84 0000 | 0000 00e9 | 25b0 ffff | 498b d849 | 8bd7 c5f8 | 7749 ba20 | a40b 6dfa 
  0x0000024518164748: 7f00 0041 

  0x000002451816474c: ;   {other}
  0x000002451816474c: ffd2 0f1f | 8400 0000 | 0000 e9ed | c3ff ff89 | ac24 9c00 | 0000 4489 | 9424 9800 | 0000 4c89 
  0x000002451816476c: 5c24 784c | 896c 2470 | 4c8b 9424 | 9000 0000 | 4c89 5424 | 684c 894c | 2438 448b | 9424 b000 
  0x000002451816478c: 0000 4489 

  0x0000024518164790: ;   {metadata('java/lang/String')}
  0x0000024518164790: 5424 2848 | ba78 e800 | 2545 0200 | 0049 8bee | 4c8b 9424 | e000 0000 | 4c89 9424 | 9000 0000 
  0x00000245181647b0: 4c8b 9424 | d800 0000 | 4c89 9424 | a800 0000 

  0x00000245181647c0: ;   {runtime_call _new_instance_Java}
  0x00000245181647c0: c5f8 77e8 

  0x00000245181647c4: ; ImmutableOopMap {rbp=Oop [40]=NarrowOop [48]=Oop [56]=Oop [80]=Oop [88]=Oop [96]=Oop [104]=Oop [112]=Oop [120]=Oop [136]=Oop [144]=Oop [152]=NarrowOop [168]=Oop [216]=Oop [224]=Oop }
                      ;*new {reexecute=0 rethrow=0 return_oop=1}
                      ; - java.lang.StringConcatHelper::simpleConcat@17
                      ; - java.lang.String::concat@11
                      ; - java.net.URLClassLoader::isSealed@15
                      ; - java.net.URLClassLoader::getAndVerifyPackage@68
                      ; - java.net.URLClassLoader::defineClass@46
                      ; - java.net.URLClassLoader$1::run@43
                      ; - java.net.URLClassLoader$1::run@1
                      ; - java.security.AccessController::executePrivileged@29
                      ; - java.security.AccessController::doPrivileged@13
                      ; - java.net.URLClassLoader::findClass@13
                      ; - java.lang.ClassLoader::loadClass@69
  0x00000245181647c4: b82d 8bff 

  0x00000245181647c8: ;   {other}
  0x00000245181647c8: 0f1f 8400 | b893 00af | 448b 5c24 | 2844 899c | 24b0 0000 | 004c 8b4c | 2438 4c8b | 5424 684c 
  0x00000245181647e8: 8994 2490 | 0000 004c | 8b6c 2470 | 4c8b 5c24 | 7844 8b94 | 2498 0000 | 008b ac24 | 9c00 0000 
  0x0000024518164808: e988 b8ff | ffba 45ff | ffff 448b | 5c24 2c44 | 895c 2420 | 4c8b 5424 | 404c 8954 | 2430 4c8b 
  0x0000024518164828: 5424 484c | 8954 2438 | 4c8b 5424 | 584c 8954 | 2440 4c8b | 5424 784c | 8954 2448 | 4c8b 5424 
  0x0000024518164848: 604c 8954 | 2450 4c8b | 9424 8800 | 0000 4c89 | 5424 584c | 8b94 2498 | 0000 004c | 8954 2470 
  0x0000024518164868: 4c8b 9424 | 8000 0000 | 4c89 5424 | 7844 8b94 | 2490 0000 | 0044 8954 | 2424 4889 | 8424 b000 
  0x0000024518164888: 0000 6690 

  0x000002451816488c: ;   {runtime_call UncommonTrapBlob}
  0x000002451816488c: c5f8 77e8 

  0x0000024518164890: ; ImmutableOopMap {rbp=Oop [36]=NarrowOop [64]=Oop [72]=Oop [80]=Oop [88]=Oop [112]=Oop [160]=NarrowOop [176]=Oop [248]=Oop }
                      ;*ifnull {reexecute=1 rethrow=0 return_oop=0}
                      ; - (reexecute) java.util.jar.JarFile::maybeInstantiateVerifier@27
                      ; - java.util.jar.JarFile::ensureInitialization@1
                      ; - java.util.jar.JavaUtilJarAccessImpl::ensureInitialization@1
                      ; - jdk.internal.loader.URLClassPath$JarLoader$2::getManifest@10
                      ; - java.net.URLClassLoader::defineClass@34
                      ; - java.net.URLClassLoader$1::run@43
                      ; - java.net.URLClassLoader$1::run@1
                      ; - java.security.AccessController::executePrivileged@29
                      ; - java.security.AccessController::doPrivileged@13
                      ; - java.net.URLClassLoader::findClass@13
                      ; - java.lang.ClassLoader::loadClass@69
  0x0000024518164890: ecfa 7eff 

  0x0000024518164894: ;   {other}
  0x0000024518164894: 0f1f 8400 | 8494 00b0 | ba45 ffff | ff4c 8b94 | 24e0 0000 | 004c 8954 | 2420 448b | 5424 2c44 
  0x00000245181648b4: 8954 2428 | 4c8b 5424 | 404c 8954 | 2438 4c8b | 5424 484c | 8954 2440 | 4c8b 5424 | 584c 8954 
  0x00000245181648d4: 2448 4c8b | 5424 784c | 8954 2450 | 4c8b 5424 | 604c 8954 | 2458 4c8b | 9424 8800 | 0000 4c89 
  0x00000245181648f4: 5424 604c | 8b94 2498 | 0000 004c | 8954 2478 | 448b 9424 | 9000 0000 | 4489 5424 | 2c4c 8b54 
  0x0000024518164914: 2478 4c89 | 9424 9000 | 0000 4489 | 9c24 ac00 | 0000 6690 

  0x0000024518164928: ;   {runtime_call UncommonTrapBlob}
  0x0000024518164928: c5f8 77e8 

  0x000002451816492c: ; ImmutableOopMap {rbp=NarrowOop [32]=Oop [44]=NarrowOop [72]=Oop [80]=Oop [88]=Oop [96]=Oop [144]=Oop [172]=NarrowOop [248]=Oop }
                      ;*ifnull {reexecute=1 rethrow=0 return_oop=0}
                      ; - (reexecute) java.util.jar.JarFile::ensureInitialization@21
                      ; - java.util.jar.JavaUtilJarAccessImpl::ensureInitialization@1
                      ; - jdk.internal.loader.URLClassPath$JarLoader$2::getManifest@10
                      ; - java.net.URLClassLoader::defineClass@34
                      ; - java.net.URLClassLoader$1::run@43
                      ; - java.net.URLClassLoader$1::run@1
                      ; - java.security.AccessController::executePrivileged@29
                      ; - java.security.AccessController::doPrivileged@13
                      ; - java.net.URLClassLoader::findClass@13
                      ; - java.lang.ClassLoader::loadClass@69
  0x000002451816492c: 50fa 7eff 

  0x0000024518164930: ;   {other}
  0x0000024518164930: 0f1f 8400 | 2095 00b1 | 488b fb49 | 8bd8 498b | d7c5 f877 | 49ba 20a4 | 0b6d fa7f | 0000 41ff 
  0x0000024518164950: ;   {other}
  0x0000024518164950: d20f 1f84 | 0000 0000 | 00e9 42c8 | ffff 498b | d7c5 f877 | 49ba 20a4 | 0b6d fa7f | 0000 41ff 
  0x0000024518164970: ;   {other}
  0x0000024518164970: d20f 1f84 | 0000 0000 | 00e9 9aa0 | ffff 498b | d7c5 f877 | 49ba 20a4 | 0b6d fa7f | 0000 41ff 
  0x0000024518164990: ;   {other}
  0x0000024518164990: d20f 1f84 | 0000 0000 | 00e9 24a0 | ffff 498b | d7c5 f877 | 49ba 20a4 | 0b6d fa7f | 0000 41ff 
  0x00000245181649b0: ;   {other}
  0x00000245181649b0: d20f 1f84 | 0000 0000 | 004c 8bd5 | e965 a1ff | ffba c6ff | ffff 488b | ac24 e000 | 0000 448b 
  0x00000245181649d0: 4424 2c44 | 8944 2420 | 4c8b 5c24 | 404c 895c | 2430 4c8b | 5c24 484c | 895c 2438 | 4c8b 5c24 
  0x00000245181649f0: 584c 895c | 2440 4c8b | 9c24 d800 | 0000 4c89 | 5c24 484c | 8b5c 2460 | 4c89 5c24 | 504c 8b9c 
  0x0000024518164a10: 2488 0000 | 004c 895c | 2458 4c8b | 9c24 8000 | 0000 4c89 | 5c24 7844 | 8954 2424 

  0x0000024518164a2c: ;   {runtime_call UncommonTrapBlob}
  0x0000024518164a2c: c5f8 77e8 

  0x0000024518164a30: ; ImmutableOopMap {rbp=Oop [64]=Oop [72]=Oop [80]=Oop [88]=Oop }
                      ;*invokevirtual getCodeSourceURL {reexecute=0 rethrow=0 return_oop=0}
                      ; - java.net.URLClassLoader::defineClass@13
                      ; - java.net.URLClassLoader$1::run@43
                      ; - java.net.URLClassLoader$1::run@1
                      ; - java.security.AccessController::executePrivileged@29
                      ; - java.security.AccessController::doPrivileged@13
                      ; - java.net.URLClassLoader::findClass@13
                      ; - java.lang.ClassLoader::loadClass@69
  0x0000024518164a30: 4cf9 7eff 

  0x0000024518164a34: ;   {other}
  0x0000024518164a34: 0f1f 8400 | 2496 00b2 | bade ffff | ff48 ffb4 | 24e0 0000 | 0048 8f44 | 2420 448b | 5c24 2c44 
  0x0000024518164a54: 895c 2428 | 4c8b 5424 | 404c 8954 | 2438 4c8b | 5424 484c | 8954 2440 | 4c8b 5424 | 584c 8954 
  0x0000024518164a74: 2448 4c8b | 9424 d800 | 0000 4c89 | 5424 504c | 8b54 2460 | 4c89 5424 | 584c 8b94 | 2488 0000 
  0x0000024518164a94: 004c 8954 | 2460 4c8b | 9424 9000 | 0000 4c89 | 5424 784c | 898c 24a0 | 0000 004c | 89ac 24a8 
  0x0000024518164ab4: 0000 004c | 898c 24c0 | 0000 0090 

  0x0000024518164ac0: ;   {runtime_call UncommonTrapBlob}
  0x0000024518164ac0: c5f8 77e8 

  0x0000024518164ac4: ; ImmutableOopMap {rbp=NarrowOop [32]=Oop [72]=Oop [80]=Oop [88]=Oop [96]=Oop [120]=Oop [160]=Oop [168]=Oop [176]=NarrowOop [192]=Oop }
                      ;*checkcast {reexecute=0 rethrow=0 return_oop=0}
                      ; - java.lang.ClassLoader::getDefinedPackage@16
                      ; - java.net.URLClassLoader::getAndVerifyPackage@2
                      ; - java.net.URLClassLoader::defineClass@46
                      ; - java.net.URLClassLoader$1::run@43
                      ; - java.net.URLClassLoader$1::run@1
                      ; - java.security.AccessController::executePrivileged@29
                      ; - java.security.AccessController::doPrivileged@13
                      ; - java.net.URLClassLoader::findClass@13
                      ; - java.lang.ClassLoader::loadClass@69
  0x0000024518164ac4: b8f8 7eff 

  0x0000024518164ac8: ;   {other}
  0x0000024518164ac8: 0f1f 8400 | b896 00b3 | bade ffff | ff44 8b5c | 242c 4489 | 5c24 204c | 8b54 2440 | 4c89 5424 
  0x0000024518164ae8: 304c 8b54 | 2448 4c89 | 5424 384c | 8b54 2458 | 4c89 5424 | 404c 8b54 | 2468 4c89 | 5424 484c 
  0x0000024518164b08: 8b54 2460 | 4c89 5424 | 504c 8b94 | 2488 0000 | 004c 8954 | 2458 4c8b | 9424 9000 | 0000 4c89 
  0x0000024518164b28: 5424 704c | 8b94 2480 | 0000 004c | 8954 2478 | 448b 9c24 | b000 0000 | 4489 9c24 | a800 0000 
  0x0000024518164b48: 4889 8424 | c000 0000 

  0x0000024518164b50: ;   {runtime_call UncommonTrapBlob}
  0x0000024518164b50: c5f8 77e8 

  0x0000024518164b54: ; ImmutableOopMap {rbp=Oop [64]=Oop [72]=Oop [80]=Oop [88]=Oop [112]=Oop [152]=Oop [160]=Oop [168]=NarrowOop [192]=Oop }
                      ;*checkcast {reexecute=0 rethrow=0 return_oop=0}
                      ; - java.lang.ClassLoader::definePackage@81
                      ; - java.lang.ClassLoader::getDefinedPackage@32
                      ; - java.net.URLClassLoader::getAndVerifyPackage@2
                      ; - java.net.URLClassLoader::defineClass@46
                      ; - java.net.URLClassLoader$1::run@43
                      ; - java.net.URLClassLoader$1::run@1
                      ; - java.security.AccessController::executePrivileged@29
                      ; - java.security.AccessController::doPrivileged@13
                      ; - java.net.URLClassLoader::findClass@13
                      ; - java.lang.ClassLoader::loadClass@69
  0x0000024518164b54: 28f8 7eff 

  0x0000024518164b58: ;   {other}
  0x0000024518164b58: 0f1f 8400 | 4897 00b4 | bade ffff | ff44 8b44 | 242c 4489 | 4424 284c | 8b54 2440 | 4c89 5424 
  0x0000024518164b78: 384c 8b54 | 2448 4c89 | 5424 404c | 8b54 2458 | 4c89 5424 | 484c 8b94 | 24d8 0000 | 004c 8954 
  0x0000024518164b98: 2450 4c8b | 5424 604c | 8954 2458 | 4c8b 9424 | 8800 0000 | 4c89 5424 | 604c 8b94 | 2490 0000 
  0x0000024518164bb8: 004c 8954 | 2478 448b | 9424 b000 | 0000 4489 | 5424 2c4c | 898c 2498 | 0000 004c | 899c 24a0 
  0x0000024518164bd8: 0000 004c | 89ac 24a8 | 0000 004c | 89ac 24b0 | 0000 0048 | 899c 24c8 | 0000 0090 

  0x0000024518164bf4: ;   {runtime_call UncommonTrapBlob}
  0x0000024518164bf4: c5f8 77e8 

  0x0000024518164bf8: ; ImmutableOopMap {rbp=NarrowOop [44]=NarrowOop [72]=Oop [80]=Oop [88]=Oop [96]=Oop [120]=Oop [152]=Oop [160]=Oop [168]=Oop [176]=Oop [200]=Oop [224]=Oop }
                      ;*checkcast {reexecute=0 rethrow=0 return_oop=0}
                      ; - java.util.jar.Manifest::getAttributes@10
                      ; - java.util.jar.Manifest::getTrustedAttributes@2
                      ; - java.util.jar.JavaUtilJarAccessImpl::getTrustedAttributes@2
                      ; - java.net.URLClassLoader::isSealed@18
                      ; - java.net.URLClassLoader::getAndVerifyPackage@68
                      ; - java.net.URLClassLoader::defineClass@46
                      ; - java.net.URLClassLoader$1::run@43
                      ; - java.net.URLClassLoader$1::run@1
                      ; - java.security.AccessController::executePrivileged@29
                      ; - java.security.AccessController::doPrivileged@13
                      ; - java.net.URLClassLoader::findClass@13
                      ; - java.lang.ClassLoader::loadClass@69
  0x0000024518164bf8: 84f7 7eff 

  0x0000024518164bfc: ;   {other}
  0x0000024518164bfc: 0f1f 8400 | ec97 00b5 | bade ffff | ff44 8b44 | 242c 4489 | 4424 284c | 8b54 2440 | 4c89 5424 
  0x0000024518164c1c: 384c 8b54 | 2448 4c89 | 5424 404c | 8b54 2458 | 4c89 5424 | 484c 8b94 | 24d8 0000 | 004c 8954 
  0x0000024518164c3c: 2450 4c8b | 5424 604c | 8954 2458 | 4c8b 9424 | 8800 0000 | 4c89 5424 | 604c 8b94 | 2490 0000 
  0x0000024518164c5c: 004c 8954 | 2478 448b | 9424 b000 | 0000 4489 | 5424 2c4c | 89ac 2490 | 0000 004c | 898c 2498 
  0x0000024518164c7c: 0000 004c | 899c 24a0 | 0000 0090 

  0x0000024518164c88: ;   {runtime_call UncommonTrapBlob}
  0x0000024518164c88: c5f8 77e8 

  0x0000024518164c8c: ; ImmutableOopMap {rbp=NarrowOop [44]=NarrowOop [72]=Oop [80]=Oop [88]=Oop [96]=Oop [120]=Oop [144]=Oop [152]=Oop [160]=Oop [224]=Oop }
                      ;*checkcast {reexecute=0 rethrow=0 return_oop=0}
                      ; - java.util.jar.Attributes::getValue@5
                      ; - java.net.URLClassLoader::isSealed@58
                      ; - java.net.URLClassLoader::getAndVerifyPackage@68
                      ; - java.net.URLClassLoader::defineClass@46
                      ; - java.net.URLClassLoader$1::run@43
                      ; - java.net.URLClassLoader$1::run@1
                      ; - java.security.AccessController::executePrivileged@29
                      ; - java.security.AccessController::doPrivileged@13
                      ; - java.net.URLClassLoader::findClass@13
                      ; - java.lang.ClassLoader::loadClass@69
  0x0000024518164c8c: f0f6 7eff 

  0x0000024518164c90: ;   {other}
  0x0000024518164c90: 0f1f 8400 | 8098 00b6 | bade ffff | ff48 ffb4 | 24e0 0000 | 0048 8f44 | 2420 8b5c | 242c 895c 
  0x0000024518164cb0: 2428 4c8b | 5c24 404c | 895c 2438 | 4c8b 5c24 | 484c 895c | 2440 4c8b | 5c24 584c | 895c 2448 
  0x0000024518164cd0: 4c8b 9c24 | d800 0000 | 4c89 5c24 | 504c 8b5c | 2460 4c89 | 5c24 584c | 8b9c 2488 | 0000 004c 
  0x0000024518164cf0: 895c 2460 | 4c8b 9c24 | 9000 0000 | 4c89 5c24 | 784c 898c | 24a0 0000 | 004c 89ac | 24a8 0000 
  0x0000024518164d10: 004c 898c | 24c0 0000 | 0089 8c24 | b400 0000 | 4489 8424 | e800 0000 | 4489 9424 | ec00 0000 
  0x0000024518164d30: ;   {runtime_call UncommonTrapBlob}
  0x0000024518164d30: c5f8 77e8 

  0x0000024518164d34: ; ImmutableOopMap {rbp=NarrowOop [32]=Oop [72]=Oop [80]=Oop [88]=Oop [96]=Oop [120]=Oop [160]=Oop [168]=Oop [176]=NarrowOop [180]=NarrowOop [192]=Oop [232]=NarrowOop }
                      ;*instanceof {reexecute=0 rethrow=0 return_oop=0}
                      ; - java.lang.String::equals@8
                      ; - java.util.concurrent.ConcurrentHashMap::get@73
                      ; - java.lang.ClassLoader::definePackage@47
                      ; - java.lang.ClassLoader::getDefinedPackage@32
                      ; - java.net.URLClassLoader::getAndVerifyPackage@2
                      ; - java.net.URLClassLoader::defineClass@46
                      ; - java.net.URLClassLoader$1::run@43
                      ; - java.net.URLClassLoader$1::run@1
                      ; - java.security.AccessController::executePrivileged@29
                      ; - java.security.AccessController::doPrivileged@13
                      ; - java.net.URLClassLoader::findClass@13
                      ; - java.lang.ClassLoader::loadClass@69
  0x0000024518164d34: 48f6 7eff 

  0x0000024518164d38: ;   {other}
  0x0000024518164d38: 0f1f 8400 | 2899 00b7 | bade ffff | ff48 ffb4 | 24e0 0000 | 0048 8f44 | 2420 8b4c | 242c 894c 
  0x0000024518164d58: 2428 4c8b | 4424 404c | 8944 2438 | 4c8b 4424 | 484c 8944 | 2440 4c8b | 4424 584c | 8944 2448 
  0x0000024518164d78: 4c8b 8424 | d800 0000 | 4c89 4424 | 504c 8b44 | 2460 4c89 | 4424 584c | 8b84 2488 | 0000 004c 
  0x0000024518164d98: 8944 2460 | 4c8b 8424 | 9000 0000 | 4c89 4424 | 784c 898c | 24a0 0000 | 004c 89ac | 24a8 0000 
  0x0000024518164db8: 004c 898c | 24c0 0000 | 0044 899c | 24b4 0000 | 0044 8994 | 24e8 0000 | 0066 6690 

  0x0000024518164dd4: ;   {runtime_call UncommonTrapBlob}
  0x0000024518164dd4: c5f8 77e8 

  0x0000024518164dd8: ; ImmutableOopMap {rbp=NarrowOop [32]=Oop [72]=Oop [80]=Oop [88]=Oop [96]=Oop [120]=Oop [160]=Oop [168]=Oop [176]=NarrowOop [180]=NarrowOop [192]=Oop }
                      ;*instanceof {reexecute=0 rethrow=0 return_oop=0}
                      ; - java.lang.String::equals@8
                      ; - java.util.concurrent.ConcurrentHashMap::get@73
                      ; - java.lang.ClassLoader::getDefinedPackage@13
                      ; - java.net.URLClassLoader::getAndVerifyPackage@2
                      ; - java.net.URLClassLoader::defineClass@46
                      ; - java.net.URLClassLoader$1::run@43
                      ; - java.net.URLClassLoader$1::run@1
                      ; - java.security.AccessController::executePrivileged@29
                      ; - java.security.AccessController::doPrivileged@13
                      ; - java.net.URLClassLoader::findClass@13
                      ; - java.lang.ClassLoader::loadClass@69
  0x0000024518164dd8: a4f5 7eff 

  0x0000024518164ddc: ;   {other}
  0x0000024518164ddc: 0f1f 8400 | cc99 00b8 | bade ffff | ff48 ffb4 | 24e0 0000 | 0048 8f44 | 2420 448b | 5424 2c44 
  0x0000024518164dfc: 8954 2428 | 4c8b 5424 | 404c 8954 | 2438 4c8b | 5424 484c | 8954 2440 | 4c8b 5424 | 584c 8954 
  0x0000024518164e1c: 2448 4c8b | 9424 d800 | 0000 4c89 | 5424 504c | 8b54 2460 | 4c89 5424 | 584c 8b94 | 2488 0000 
  0x0000024518164e3c: 004c 8954 | 2460 4c8b | 9424 9000 | 0000 4c89 | 5424 784c | 898c 24a0 | 0000 004c | 89ac 24a8 
  0x0000024518164e5c: 0000 004c | 898c 24c0 | 0000 0089 | 8c24 b400 | 0000 6690 

  0x0000024518164e70: ;   {runtime_call UncommonTrapBlob}
  0x0000024518164e70: c5f8 77e8 

  0x0000024518164e74: ; ImmutableOopMap {rbp=NarrowOop [32]=Oop [72]=Oop [80]=Oop [88]=Oop [96]=Oop [120]=Oop [160]=Oop [168]=Oop [176]=NarrowOop [180]=NarrowOop [192]=Oop }
                      ;*checkcast {reexecute=0 rethrow=0 return_oop=0}
                      ; - java.lang.ClassLoader::definePackage@50
                      ; - java.lang.ClassLoader::getDefinedPackage@32
                      ; - java.net.URLClassLoader::getAndVerifyPackage@2
                      ; - java.net.URLClassLoader::defineClass@46
                      ; - java.net.URLClassLoader$1::run@43
                      ; - java.net.URLClassLoader$1::run@1
                      ; - java.security.AccessController::executePrivileged@29
                      ; - java.security.AccessController::doPrivileged@13
                      ; - java.net.URLClassLoader::findClass@13
                      ; - java.lang.ClassLoader::loadClass@69
  0x0000024518164e74: 08f5 7eff 

  0x0000024518164e78: ;   {other}
  0x0000024518164e78: 0f1f 8400 | 689a 00b9 | bade ffff | ff4c 8b94 | 24e0 0000 | 004c 8954 | 2420 448b | 5c24 2c44 
  0x0000024518164e98: 895c 2428 | 4c8b 5424 | 404c 8954 | 2438 4c8b | 5424 484c | 8954 2440 | 4c8b 5424 | 584c 8954 
  0x0000024518164eb8: 2448 4c8b | 9424 d800 | 0000 4c89 | 5424 504c | 8b54 2460 | 4c89 5424 | 584c 8b94 | 2488 0000 
  0x0000024518164ed8: 004c 8954 | 2460 4c8b | 9424 9000 | 0000 4c89 | 5424 784c | 8984 24a0 | 0000 0090 

  0x0000024518164ef4: ;   {runtime_call UncommonTrapBlob}
  0x0000024518164ef4: c5f8 77e8 

  0x0000024518164ef8: ; ImmutableOopMap {rbp=NarrowOop [32]=Oop [72]=Oop [80]=Oop [88]=Oop [96]=Oop [120]=Oop [160]=Oop [176]=NarrowOop [248]=Oop }
                      ;*checkcast {reexecute=0 rethrow=0 return_oop=0}
                      ; - java.util.jar.JarFile::getManifestFromReference@14
                      ; - java.util.jar.JarFile::getManifest@1
                      ; - jdk.internal.loader.URLClassPath$JarLoader$2::getManifest@22
                      ; - java.net.URLClassLoader::defineClass@34
                      ; - java.net.URLClassLoader$1::run@43
                      ; - java.net.URLClassLoader$1::run@1
                      ; - java.security.AccessController::executePrivileged@29
                      ; - java.security.AccessController::doPrivileged@13
                      ; - java.net.URLClassLoader::findClass@13
                      ; - java.lang.ClassLoader::loadClass@69
  0x0000024518164ef8: 84f4 7eff 

  0x0000024518164efc: ;   {other}
  0x0000024518164efc: 0f1f 8400 | ec9a 00ba | 488b e8e9 | 8477 ffff | 448b 5808 

  0x0000024518164f10: ;   {metadata('java/lang/ClassNotFoundException')}
  0x0000024518164f10: 4181 fb88 | 9306 000f | 8417 71ff | ff48 8be8 | e96b 77ff | ff48 8be8 | e963 77ff | ff48 8be8 
  0x0000024518164f30: e95b 77ff | ff48 8be8 | e953 77ff | ffba f6ff | ffff 488b | 6c24 5090 

  0x0000024518164f48: ;   {runtime_call UncommonTrapBlob}
  0x0000024518164f48: c5f8 77e8 

  0x0000024518164f4c: ; ImmutableOopMap {rbp=Oop [88]=Oop [216]=Oop }
                      ;*arraylength {reexecute=0 rethrow=0 return_oop=0}
                      ; - java.lang.String::isEmpty@4
                      ; - java.lang.ClassLoader::checkName@5
                      ; - java.lang.ClassLoader::findLoadedClass@1
                      ; - java.lang.ClassLoader::loadClass@10
  0x0000024518164f4c: 30f4 7eff 

  0x0000024518164f50: ;   {other}
  0x0000024518164f50: 0f1f 8400 | 409b 00bb | baf6 ffff | ff48 8bac | 24e0 0000 | 0044 8b54 | 242c 4489 | 5424 204c 
  0x0000024518164f70: 8b54 2440 | 4c89 5424 | 304c 8b54 | 2448 4c89 | 5424 384c | 8b54 2458 | 4c89 5424 | 404c 8b94 
  0x0000024518164f90: 24d8 0000 | 0048 895c | 2450 4c89 | 5424 5890 

  0x0000024518164fa0: ;   {runtime_call UncommonTrapBlob}
  0x0000024518164fa0: c5f8 77e8 

  0x0000024518164fa4: ; ImmutableOopMap {rbp=Oop [64]=Oop [80]=Oop [88]=Oop [216]=Oop }
                      ;*arraylength {reexecute=0 rethrow=0 return_oop=0}
                      ; - java.lang.StringLatin1::replace@8
                      ; - java.lang.String::replace@18
                      ; - java.net.URLClassLoader$1::run@8
                      ; - java.net.URLClassLoader$1::run@1
                      ; - java.security.AccessController::executePrivileged@29
                      ; - java.security.AccessController::doPrivileged@13
                      ; - java.net.URLClassLoader::findClass@13
                      ; - java.lang.ClassLoader::loadClass@69
  0x0000024518164fa4: d8f3 7eff 

  0x0000024518164fa8: ;   {other}
  0x0000024518164fa8: 0f1f 8400 | 989b 00bc | ba45 ffff | ff48 8b6c | 2450 4c89 | 5424 204c | 8b54 2458 | 4c89 5424 
  0x0000024518164fc8: 3866 6690 

  0x0000024518164fcc: ;   {runtime_call UncommonTrapBlob}
  0x0000024518164fcc: c5f8 77e8 

  0x0000024518164fd0: ; ImmutableOopMap {rbp=Oop [32]=Oop [56]=Oop }
                      ;*ifnull {reexecute=1 rethrow=0 return_oop=0}
                      ; - (reexecute) java.lang.ClassLoader::checkName@1
                      ; - java.lang.ClassLoader::findLoadedClass@1
                      ; - java.lang.ClassLoader::loadClass@10
  0x0000024518164fd0: acf3 7eff 

  0x0000024518164fd4: ;   {other}
  0x0000024518164fd4: 0f1f 8400 | c49b 00bd | baf6 ffff | ff44 8b5c | 242c 4489 | 5c24 204c | 8b54 2440 | 4c89 5424 
  0x0000024518164ff4: 304c 8b54 | 2448 4c89 | 5424 384c | 8b54 2458 | 4c89 5424 | 404c 8b94 | 24d8 0000 | 004c 8954 
  0x0000024518165014: 2448 4c8b | 5424 604c | 8954 2450 | 4c8b 9424 | 8800 0000 | 4c89 5424 | 5848 8944 | 2478 6690 
  0x0000024518165034: ;   {runtime_call UncommonTrapBlob}
  0x0000024518165034: c5f8 77e8 

  0x0000024518165038: ; ImmutableOopMap {rbp=Oop [64]=Oop [72]=Oop [80]=Oop [88]=Oop }
                      ;*arraylength {reexecute=0 rethrow=0 return_oop=0}
                      ; - java.lang.String::length@4
                      ; - java.lang.String::lastIndexOf@3
                      ; - java.net.URLClassLoader::defineClass@7
                      ; - java.net.URLClassLoader$1::run@43
                      ; - java.net.URLClassLoader$1::run@1
                      ; - java.security.AccessController::executePrivileged@29
                      ; - java.security.AccessController::doPrivileged@13
                      ; - java.net.URLClassLoader::findClass@13
                      ; - java.lang.ClassLoader::loadClass@69
  0x0000024518165038: 44f3 7eff 

  0x000002451816503c: ;   {other}
  0x000002451816503c: 0f1f 8400 | 2c9c 00be | baf6 ffff | ff44 8b54 | 242c 4489 | 5424 204c | 8b54 2440 | 4c89 5424 
  0x000002451816505c: 304c 8b54 | 2448 4c89 | 5424 384c | 8b54 2458 | 4c89 5424 | 404c 8b94 | 24d8 0000 | 004c 8954 
  0x000002451816507c: 2448 4c8b | 5424 604c | 8954 2450 

  0x0000024518165088: ;   {runtime_call UncommonTrapBlob}
  0x0000024518165088: c5f8 77e8 

  0x000002451816508c: ; ImmutableOopMap {[64]=Oop [72]=Oop [80]=Oop [136]=Oop [152]=Oop [224]=Oop }
                      ;*arraylength {reexecute=0 rethrow=0 return_oop=0}
                      ; - java.net.URLClassLoader::defineClass@217
                      ; - java.net.URLClassLoader$1::run@43
                      ; - java.net.URLClassLoader$1::run@1
                      ; - java.security.AccessController::executePrivileged@29
                      ; - java.security.AccessController::doPrivileged@13
                      ; - java.net.URLClassLoader::findClass@13
                      ; - java.lang.ClassLoader::loadClass@69
  0x000002451816508c: f0f2 7eff 

  0x0000024518165090: ;   {other}
  0x0000024518165090: 0f1f 8400 | 809c 00bf | baf6 ffff | ff48 8bac | 24e0 0000 | 0044 8b4c | 242c 4489 | 4c24 204c 
  0x00000245181650b0: 8b5c 2440 | 4c89 5c24 | 304c 8b5c | 2448 4c89 | 5c24 384c | 8b5c 2458 | 4c89 5c24 | 404c 8b9c 
  0x00000245181650d0: 24d8 0000 | 004c 895c | 2448 4c8b | 5c24 604c | 895c 2450 | 4c8b 9c24 | 8800 0000 | 4c89 5c24 
  0x00000245181650f0: 584c 8b9c | 2480 0000 | 004c 895c | 2470 4489 | 5424 244c | 8984 2488 | 0000 0090 

  0x000002451816510c: ;   {runtime_call UncommonTrapBlob}
  0x000002451816510c: c5f8 77e8 

  0x0000024518165110: ; ImmutableOopMap {rbp=Oop [64]=Oop [72]=Oop [80]=Oop [88]=Oop [136]=Oop }
                      ;*getfield csu {reexecute=1 rethrow=0 return_oop=0}
                      ; - (reexecute) jdk.internal.loader.URLClassPath$JarLoader$2::getCodeSourceURL@4
                      ; - java.net.URLClassLoader::defineClass@13
                      ; - java.net.URLClassLoader$1::run@43
                      ; - java.net.URLClassLoader$1::run@1
                      ; - java.security.AccessController::executePrivileged@29
                      ; - java.security.AccessController::doPrivileged@13
                      ; - java.net.URLClassLoader::findClass@13
                      ; - java.lang.ClassLoader::loadClass@69
  0x0000024518165110: 6cf2 7eff 

  0x0000024518165114: ;   {other}
  0x0000024518165114: 0f1f 8400 | 049d 00c0 | baf6 ffff | ff48 8bac | 24e0 0000 | 0044 8b5c | 242c 4489 | 5c24 204c 
  0x0000024518165134: 8b54 2440 | 4c89 5424 | 304c 8b54 | 2448 4c89 | 5424 384c | 8b54 2458 | 4c89 5424 | 404c 8b94 
  0x0000024518165154: 24d8 0000 | 004c 8954 | 2448 4c8b | 5424 604c | 8954 2450 | 4c8b 9424 | 8800 0000 | 4c89 5424 
  0x0000024518165174: 584c 8b94 | 2490 0000 | 004c 8954 | 2470 4c8b | 9424 8000 | 0000 4c89 | 5424 7890 

  0x0000024518165190: ;   {runtime_call UncommonTrapBlob}
  0x0000024518165190: c5f8 77e8 

  0x0000024518165194: ; ImmutableOopMap {rbp=Oop [64]=Oop [72]=Oop [80]=Oop [88]=Oop [112]=Oop [176]=NarrowOop [248]=Oop }
                      ;*getfield jar {reexecute=1 rethrow=0 return_oop=0}
                      ; - (reexecute) jdk.internal.loader.URLClassPath$JarLoader$2::getManifest@7
                      ; - java.net.URLClassLoader::defineClass@34
                      ; - java.net.URLClassLoader$1::run@43
                      ; - java.net.URLClassLoader$1::run@1
                      ; - java.security.AccessController::executePrivileged@29
                      ; - java.security.AccessController::doPrivileged@13
                      ; - java.net.URLClassLoader::findClass@13
                      ; - java.lang.ClassLoader::loadClass@69
  0x0000024518165194: e8f1 7eff 

  0x0000024518165198: ;   {other}
  0x0000024518165198: 0f1f 8400 | 889d 00c1 | baf6 ffff | ff48 8bac | 24e0 0000 | 0044 8b5c | 242c 4489 | 5c24 204c 
  0x00000245181651b8: 8b54 2440 | 4c89 5424 | 304c 8b54 | 2448 4c89 | 5424 384c | 8b54 2458 | 4c89 5424 | 404c 8b94 
  0x00000245181651d8: 24d8 0000 | 004c 8954 | 2448 4c8b | 5424 604c | 8954 2450 | 4c8b 9424 | 8800 0000 | 4c89 5424 
  0x00000245181651f8: 584c 8b94 | 2490 0000 | 004c 8954 | 2470 4c8b | 9424 8000 | 0000 4c89 | 5424 7890 

  0x0000024518165214: ;   {runtime_call UncommonTrapBlob}
  0x0000024518165214: c5f8 77e8 

  0x0000024518165218: ; ImmutableOopMap {rbp=Oop [64]=Oop [72]=Oop [80]=Oop [88]=Oop [112]=Oop [176]=NarrowOop [248]=Oop }
                      ;*getfield jar {reexecute=1 rethrow=0 return_oop=0}
                      ; - (reexecute) jdk.internal.loader.URLClassPath$JarLoader$2::getManifest@19
                      ; - java.net.URLClassLoader::defineClass@34
                      ; - java.net.URLClassLoader$1::run@43
                      ; - java.net.URLClassLoader$1::run@1
                      ; - java.security.AccessController::executePrivileged@29
                      ; - java.security.AccessController::doPrivileged@13
                      ; - java.net.URLClassLoader::findClass@13
                      ; - java.lang.ClassLoader::loadClass@69
  0x0000024518165218: 64f1 7eff 

  0x000002451816521c: ;   {other}
  0x000002451816521c: 0f1f 8400 | 0c9e 00c2 | baf6 ffff | ff48 8bac | 24e0 0000 | 0044 8b54 | 242c 4489 | 5424 204c 
  0x000002451816523c: 8b54 2440 | 4c89 5424 | 304c 8b54 | 2448 4c89 | 5424 384c | 8b54 2458 | 4c89 5424 | 404c 8b94 
  0x000002451816525c: 24d8 0000 | 004c 8954 | 2448 4c8b | 5424 604c | 8954 2450 | 4c8b 9424 | 8800 0000 | 4c89 5424 
  0x000002451816527c: 584c 8b94 | 2490 0000 | 004c 8954 | 2470 4c8b | 9424 8000 | 0000 4c89 | 5424 7890 

  0x0000024518165298: ;   {runtime_call UncommonTrapBlob}
  0x0000024518165298: c5f8 77e8 

  0x000002451816529c: ; ImmutableOopMap {rbp=Oop [64]=Oop [72]=Oop [80]=Oop [88]=Oop [112]=Oop [176]=NarrowOop [248]=Oop }
                      ;*invokevirtual getManifest {reexecute=0 rethrow=0 return_oop=0}
                      ; - jdk.internal.loader.URLClassPath$JarLoader$2::getManifest@22
                      ; - java.net.URLClassLoader::defineClass@34
                      ; - java.net.URLClassLoader$1::run@43
                      ; - java.net.URLClassLoader$1::run@1
                      ; - java.security.AccessController::executePrivileged@29
                      ; - java.security.AccessController::doPrivileged@13
                      ; - java.net.URLClassLoader::findClass@13
                      ; - java.lang.ClassLoader::loadClass@69
  0x000002451816529c: e0f0 7eff 

  0x00000245181652a0: ;   {other}
  0x00000245181652a0: 0f1f 8400 | 909e 00c3 | baf4 ffff | ff48 8bac | 24e0 0000 | 0044 8b54 | 242c 4489 | 5424 204c 
  0x00000245181652c0: 8b54 2440 | 4c89 5424 | 304c 8b54 | 2448 4c89 | 5424 384c | 8b54 2458 | 4c89 5424 | 404c 8b94 
  0x00000245181652e0: 24d8 0000 | 004c 8954 | 2448 4c8b | 5424 604c | 8954 2450 | 4c8b 9424 | 8800 0000 | 4c89 5424 
  0x0000024518165300: 584c 8b94 | 2490 0000 | 004c 8954 | 2470 4c8b | 9424 8000 | 0000 4c89 | 5424 784c | 8984 2498 
  0x0000024518165320: 0000 0090 

  0x0000024518165324: ;   {runtime_call UncommonTrapBlob}
  0x0000024518165324: c5f8 77e8 

  0x0000024518165328: ; ImmutableOopMap {rbp=Oop [64]=Oop [72]=Oop [80]=Oop [88]=Oop [112]=Oop [152]=Oop [176]=NarrowOop [248]=Oop }
                      ;*checkcast {reexecute=0 rethrow=0 return_oop=0}
                      ; - java.util.jar.JarFile::getManifestFromReference@14
                      ; - java.util.jar.JarFile::getManifest@1
                      ; - jdk.internal.loader.URLClassPath$JarLoader$2::getManifest@22
                      ; - java.net.URLClassLoader::defineClass@34
                      ; - java.net.URLClassLoader$1::run@43
                      ; - java.net.URLClassLoader$1::run@1
                      ; - java.security.AccessController::executePrivileged@29
                      ; - java.security.AccessController::doPrivileged@13
                      ; - java.net.URLClassLoader::findClass@13
                      ; - java.lang.ClassLoader::loadClass@69
  0x0000024518165328: 54f0 7eff 

  0x000002451816532c: ;   {other}
  0x000002451816532c: 0f1f 8400 | 1c9f 00c4 | baf6 ffff | ff48 8bac | 24e0 0000 | 0044 8b54 | 242c 4489 | 5424 204c 
  0x000002451816534c: 8b54 2440 | 4c89 5424 | 304c 8b54 | 2448 4c89 | 5424 384c | 8b54 2458 | 4c89 5424 | 404c 8b94 
  0x000002451816536c: 24d8 0000 | 004c 8954 | 2448 4c8b | 5424 604c | 8954 2450 | 4c8b 9424 | 8800 0000 | 4c89 5424 
  0x000002451816538c: 584c 8b94 | 2490 0000 | 004c 8954 | 2470 4c8b | 9424 8000 | 0000 4c89 | 5424 784c | 898c 2480 
  0x00000245181653ac: 0000 004c | 89ac 2488 | 0000 0090 

  0x00000245181653b8: ;   {runtime_call UncommonTrapBlob}
  0x00000245181653b8: c5f8 77e8 

  0x00000245181653bc: ; ImmutableOopMap {rbp=Oop [64]=Oop [72]=Oop [80]=Oop [88]=Oop [112]=Oop [128]=Oop [136]=Oop [176]=NarrowOop }
                      ;*arraylength {reexecute=0 rethrow=0 return_oop=0}
                      ; - java.lang.String::isEmpty@4
                      ; - java.lang.ClassLoader::definePackage@1
                      ; - java.lang.ClassLoader::getDefinedPackage@32
                      ; - java.net.URLClassLoader::getAndVerifyPackage@2
                      ; - java.net.URLClassLoader::defineClass@46
                      ; - java.net.URLClassLoader$1::run@43
                      ; - java.net.URLClassLoader$1::run@1
                      ; - java.security.AccessController::executePrivileged@29
                      ; - java.security.AccessController::doPrivileged@13
                      ; - java.net.URLClassLoader::findClass@13
                      ; - java.lang.ClassLoader::loadClass@69
  0x00000245181653bc: c0ef 7eff 

  0x00000245181653c0: ;   {other}
  0x00000245181653c0: 0f1f 8400 | b09f 00c5 | baf6 ffff | ff48 8bac | 24e0 0000 | 0044 8b54 | 242c 4489 | 5424 204c 
  0x00000245181653e0: 8b54 2440 | 4c89 5424 | 304c 8b54 | 2448 4c89 | 5424 384c | 8b54 2458 | 4c89 5424 | 404c 8b94 
  0x0000024518165400: 24d8 0000 | 004c 8954 | 2448 4c8b | 5424 604c | 8954 2450 | 4c8b 9424 | 8800 0000 | 4c89 5424 
  0x0000024518165420: 584c 8b94 | 2490 0000 | 004c 8954 | 2470 4c8b | 9424 8000 | 0000 4c89 | 5424 784c | 898c 2480 
  0x0000024518165440: 0000 004c | 89ac 2488 | 0000 0090 

  0x000002451816544c: ;   {runtime_call UncommonTrapBlob}
  0x000002451816544c: c5f8 77e8 

  0x0000024518165450: ; ImmutableOopMap {rbp=Oop [64]=Oop [72]=Oop [80]=Oop [88]=Oop [112]=Oop [128]=Oop [136]=Oop [176]=NarrowOop }
                      ;*invokevirtual isNamed {reexecute=0 rethrow=0 return_oop=0}
                      ; - java.lang.Package::isSealed@4
                      ; - java.net.URLClassLoader::getAndVerifyPackage@14
                      ; - java.net.URLClassLoader::defineClass@46
                      ; - java.net.URLClassLoader$1::run@43
                      ; - java.net.URLClassLoader$1::run@1
                      ; - java.security.AccessController::executePrivileged@29
                      ; - java.security.AccessController::doPrivileged@13
                      ; - java.net.URLClassLoader::findClass@13
                      ; - java.lang.ClassLoader::loadClass@69
  0x0000024518165450: 2cef 7eff 

  0x0000024518165454: ;   {other}
  0x0000024518165454: 0f1f 8400 | 44a0 00c6 | baf6 ffff | ff48 8bac | 24e0 0000 | 0044 8b54 | 242c 4489 | 5424 204c 
  0x0000024518165474: 8b54 2440 | 4c89 5424 | 304c 8b54 | 2448 4c89 | 5424 384c | 8b54 2458 | 4c89 5424 | 404c 8b94 
  0x0000024518165494: 24d8 0000 | 004c 8954 | 2448 4c8b | 5424 604c | 8954 2450 | 4c8b 9424 | 8800 0000 | 4c89 5424 
  0x00000245181654b4: 584c 8b94 | 2490 0000 | 004c 8954 | 2470 4c8b | 9424 8000 | 0000 4c89 | 5424 784c | 898c 2480 
  0x00000245181654d4: 0000 004c | 89ac 2488 | 0000 0090 

  0x00000245181654e0: ;   {runtime_call UncommonTrapBlob}
  0x00000245181654e0: c5f8 77e8 

  0x00000245181654e4: ; ImmutableOopMap {rbp=Oop [64]=Oop [72]=Oop [80]=Oop [88]=Oop [112]=Oop [128]=Oop [136]=Oop [176]=NarrowOop }
                      ;*getfield sealBase {reexecute=1 rethrow=0 return_oop=0}
                      ; - (reexecute) java.lang.Package::isSealed@14
                      ; - java.net.URLClassLoader::getAndVerifyPackage@14
                      ; - java.net.URLClassLoader::defineClass@46
                      ; - java.net.URLClassLoader$1::run@43
                      ; - java.net.URLClassLoader$1::run@1
                      ; - java.security.AccessController::executePrivileged@29
                      ; - java.security.AccessController::doPrivileged@13
                      ; - java.net.URLClassLoader::findClass@13
                      ; - java.lang.ClassLoader::loadClass@69
  0x00000245181654e4: 98ee 7eff 

  0x00000245181654e8: ;   {other}
  0x00000245181654e8: 0f1f 8400 | d8a0 00c7 | baf6 ffff | ff48 8bac | 24e0 0000 | 0044 8b5c | 242c 4489 | 5c24 204c 
  0x0000024518165508: 8b54 2440 | 4c89 5424 | 304c 8b54 | 2448 4c89 | 5424 384c | 8b54 2458 | 4c89 5424 | 404c 8b94 
  0x0000024518165528: 24d8 0000 | 004c 8954 | 2448 4c8b | 5424 604c | 8954 2450 | 4c8b 9424 | 8800 0000 | 4c89 5424 
  0x0000024518165548: 584c 8b94 | 2490 0000 | 004c 8954 | 2470 4c8b | 9424 8000 | 0000 4c89 | 5424 784c | 898c 2480 
  0x0000024518165568: 0000 004c | 89ac 2488 | 0000 0090 

  0x0000024518165574: ;   {runtime_call UncommonTrapBlob}
  0x0000024518165574: c5f8 77e8 

  0x0000024518165578: ; ImmutableOopMap {rbp=Oop [64]=Oop [72]=Oop [80]=Oop [88]=Oop [112]=Oop [128]=Oop [136]=Oop [176]=NarrowOop }
                      ;*arraylength {reexecute=0 rethrow=0 return_oop=0}
                      ; - java.lang.StringLatin1::replace@8
                      ; - java.lang.String::replace@18
                      ; - java.net.URLClassLoader::isSealed@9
                      ; - java.net.URLClassLoader::getAndVerifyPackage@68
                      ; - java.net.URLClassLoader::defineClass@46
                      ; - java.net.URLClassLoader$1::run@43
                      ; - java.net.URLClassLoader$1::run@1
                      ; - java.security.AccessController::executePrivileged@29
                      ; - java.security.AccessController::doPrivileged@13
                      ; - java.net.URLClassLoader::findClass@13
                      ; - java.lang.ClassLoader::loadClass@69
  0x0000024518165578: 04ee 7eff 

  0x000002451816557c: ;   {other}
  0x000002451816557c: 0f1f 8400 | 6ca1 00c8 | baf6 ffff | ff48 8bac | 24e0 0000 | 0044 8b5c | 242c 4489 | 5c24 204c 
  0x000002451816559c: 8b54 2440 | 4c89 5424 | 304c 8b54 | 2448 4c89 | 5424 384c | 8b54 2458 | 4c89 5424 | 404c 8b94 
  0x00000245181655bc: 24d8 0000 | 004c 8954 | 2448 4c8b | 5424 604c | 8954 2450 | 4c8b 9424 | 8800 0000 | 4c89 5424 
  0x00000245181655dc: 584c 8b94 | 2490 0000 | 004c 8954 | 2470 4c8b | 9424 8000 | 0000 4c89 | 5424 784c | 898c 2480 
  0x00000245181655fc: 0000 004c | 89ac 2488 | 0000 0048 | 8984 24a0 | 0000 0090 

  0x0000024518165610: ;   {runtime_call UncommonTrapBlob}
  0x0000024518165610: c5f8 77e8 

  0x0000024518165614: ; ImmutableOopMap {rbp=Oop [64]=Oop [72]=Oop [80]=Oop [88]=Oop [112]=Oop [128]=Oop [136]=Oop [160]=Oop [176]=NarrowOop }
                      ;*invokeinterface get {reexecute=0 rethrow=0 return_oop=0}
                      ; - java.util.jar.Manifest::getAttributes@5
                      ; - java.util.jar.Manifest::getTrustedAttributes@2
                      ; - java.util.jar.JavaUtilJarAccessImpl::getTrustedAttributes@2
                      ; - java.net.URLClassLoader::isSealed@18
                      ; - java.net.URLClassLoader::getAndVerifyPackage@68
                      ; - java.net.URLClassLoader::defineClass@46
                      ; - java.net.URLClassLoader$1::run@43
                      ; - java.net.URLClassLoader$1::run@1
                      ; - java.security.AccessController::executePrivileged@29
                      ; - java.security.AccessController::doPrivileged@13
                      ; - java.net.URLClassLoader::findClass@13
                      ; - java.lang.ClassLoader::loadClass@69
  0x0000024518165614: 68ed 7eff 

  0x0000024518165618: ;   {other}
  0x0000024518165618: 0f1f 8400 | 08a2 00c9 | baf6 ffff | ff44 8b54 | 242c 4489 | 5424 204c | 8b54 2440 | 4c89 5424 
  0x0000024518165638: 304c 8b54 | 2448 4c89 | 5424 384c | 8b54 2458 | 4c89 5424 | 404c 8b94 | 24d8 0000 | 004c 8954 
  0x0000024518165658: 2448 4c8b | 5424 604c | 8954 2450 | 4c8b 9424 | 8800 0000 | 4c89 5424 | 584c 8b94 | 2490 0000 
  0x0000024518165678: 004c 8954 | 2470 4c8b | 9424 8000 | 0000 4c89 | 5424 784c | 898c 2480 | 0000 004c | 89ac 2488 
  0x0000024518165698: 0000 0090 

  0x000002451816569c: ;   {runtime_call UncommonTrapBlob}
  0x000002451816569c: c5f8 77e8 

  0x00000245181656a0: ; ImmutableOopMap {[64]=Oop [72]=Oop [80]=Oop [88]=Oop [112]=Oop [128]=Oop [136]=Oop [176]=NarrowOop [224]=Oop }
                      ;*invokeinterface get {reexecute=0 rethrow=0 return_oop=0}
                      ; - java.util.jar.Attributes::get@5
                      ; - java.util.jar.Attributes::getValue@2
                      ; - java.net.URLClassLoader::isSealed@58
                      ; - java.net.URLClassLoader::getAndVerifyPackage@68
                      ; - java.net.URLClassLoader::defineClass@46
                      ; - java.net.URLClassLoader$1::run@43
                      ; - java.net.URLClassLoader$1::run@1
                      ; - java.security.AccessController::executePrivileged@29
                      ; - java.security.AccessController::doPrivileged@13
                      ; - java.net.URLClassLoader::findClass@13
                      ; - java.lang.ClassLoader::loadClass@69
  0x00000245181656a0: dcec 7eff 

  0x00000245181656a4: ;   {other}
  0x00000245181656a4: 0f1f 8400 | 94a2 00ca | ba45 ffff | ff48 8bac | 24e0 0000 | 0044 8b54 | 242c 4489 | 5424 204c 
  0x00000245181656c4: 8b54 2440 | 4c89 5424 | 304c 8b54 | 2448 4c89 | 5424 384c | 8b54 2458 | 4c89 5424 | 404c 8b94 
  0x00000245181656e4: 24d8 0000 | 004c 8954 | 2448 4c8b | 5424 604c | 8954 2450 | 4c8b 9424 | 8800 0000 | 4c89 5424 
  0x0000024518165704: 584c 8b94 | 2490 0000 | 004c 8954 | 2470 4c8b | 9424 8000 | 0000 4c89 | 5424 7844 | 898c 24a4 
  0x0000024518165724: 0000 0090 

  0x0000024518165728: ;   {runtime_call UncommonTrapBlob}
  0x0000024518165728: c5f8 77e8 

  0x000002451816572c: ; ImmutableOopMap {rbp=Oop [64]=Oop [72]=Oop [80]=Oop [88]=Oop [112]=Oop [164]=NarrowOop [176]=NarrowOop [248]=Oop }
                      ;*ifnonnull {reexecute=1 rethrow=0 return_oop=0}
                      ; - (reexecute) jdk.internal.access.SharedSecrets::javaUtilJarAccess@5
                      ; - jdk.internal.loader.URLClassPath$JarLoader$2::getManifest@0
                      ; - java.net.URLClassLoader::defineClass@34
                      ; - java.net.URLClassLoader$1::run@43
                      ; - java.net.URLClassLoader$1::run@1
                      ; - java.security.AccessController::executePrivileged@29
                      ; - java.security.AccessController::doPrivileged@13
                      ; - java.net.URLClassLoader::findClass@13
                      ; - java.lang.ClassLoader::loadClass@69
  0x000002451816572c: 50ec 7eff 

  0x0000024518165730: ;   {other}
  0x0000024518165730: 0f1f 8400 | 20a3 00cb | ba45 ffff | ff48 8bac | 24e0 0000 | 008b 4c24 | 2c89 4c24 | 204c 8b44 
  0x0000024518165750: 2440 4c89 | 4424 304c | 8b44 2448 | 4c89 4424 | 384c 8b44 | 2458 4c89 | 4424 404c | 8b84 24d8 
  0x0000024518165770: 0000 004c | 8944 2448 | 4c8b 4424 | 604c 8944 | 2450 4c8b | 8424 8800 | 0000 4c89 | 4424 584c 
  0x0000024518165790: 8b84 2490 | 0000 004c | 8944 2470 | 4c8b 8424 | 8000 0000 | 4c89 4424 | 788b 8c24 | b000 0000 
  0x00000245181657b0: 894c 2424 | 4c89 8c24 | 9000 0000 | 4c89 9c24 | 9800 0000 | 4c89 8c24 | a000 0000 | 4c89 ac24 
  0x00000245181657d0: a800 0000 | 4489 9424 | c400 0000 

  0x00000245181657dc: ;   {runtime_call UncommonTrapBlob}
  0x00000245181657dc: c5f8 77e8 

  0x00000245181657e0: ; ImmutableOopMap {rbp=Oop [36]=NarrowOop [64]=Oop [72]=Oop [80]=Oop [88]=Oop [112]=Oop [144]=Oop [152]=Oop [160]=Oop [168]=Oop [196]=NarrowOop }
                      ;*ifnonnull {reexecute=1 rethrow=0 return_oop=0}
                      ; - (reexecute) jdk.internal.access.SharedSecrets::javaUtilJarAccess@5
                      ; - java.net.URLClassLoader::isSealed@0
                      ; - java.net.URLClassLoader::getAndVerifyPackage@68
                      ; - java.net.URLClassLoader::defineClass@46
                      ; - java.net.URLClassLoader$1::run@43
                      ; - java.net.URLClassLoader$1::run@1
                      ; - java.security.AccessController::executePrivileged@29
                      ; - java.security.AccessController::doPrivileged@13
                      ; - java.net.URLClassLoader::findClass@13
                      ; - java.lang.ClassLoader::loadClass@69
  0x00000245181657e0: 9ceb 7eff 

  0x00000245181657e4: ;   {other}
  0x00000245181657e4: 0f1f 8400 | d4a3 00cc | ba45 ffff | ff8b 4c24 | 2c89 4c24 | 204c 8b44 | 2440 4c89 | 4424 304c 
  0x0000024518165804: 8b44 2448 | 4c89 4424 | 384c 8b44 | 2458 4c89 | 4424 404c | 8b84 24d8 | 0000 004c | 8944 2448 
  0x0000024518165824: 4c8b 4424 | 604c 8944 | 2450 4c8b | 8424 8800 | 0000 4c89 | 4424 584c | 8b84 2490 | 0000 004c 
  0x0000024518165844: 8944 2470 | 4c8b 8424 | 8000 0000 | 4c89 4424 | 7844 8b84 | 24b0 0000 | 0044 8944 | 2424 4c89 
  0x0000024518165864: ac24 8800 | 0000 4c89 | 8c24 9000 | 0000 4c89 | 9c24 9800 | 0000 4489 | 9424 b400 | 0000 6690 
  0x0000024518165884: ;   {runtime_call UncommonTrapBlob}
  0x0000024518165884: c5f8 77e8 

  0x0000024518165888: ; ImmutableOopMap {[36]=NarrowOop [64]=Oop [72]=Oop [80]=Oop [88]=Oop [112]=Oop [136]=Oop [144]=Oop [152]=Oop [180]=NarrowOop [224]=Oop }
                      ;*ifnull {reexecute=1 rethrow=0 return_oop=0}
                      ; - (reexecute) java.net.URLClassLoader::isSealed@51
                      ; - java.net.URLClassLoader::getAndVerifyPackage@68
                      ; - java.net.URLClassLoader::defineClass@46
                      ; - java.net.URLClassLoader$1::run@43
                      ; - java.net.URLClassLoader$1::run@1
                      ; - java.security.AccessController::executePrivileged@29
                      ; - java.security.AccessController::doPrivileged@13
                      ; - java.net.URLClassLoader::findClass@13
                      ; - java.lang.ClassLoader::loadClass@69
  0x0000024518165888: f4ea 7eff 

  0x000002451816588c: ;   {other}
  0x000002451816588c: 0f1f 8400 | 7ca4 00cd | baf4 ffff | ff44 8b54 | 242c 4489 | 5424 204c | 8b54 2440 | 4c89 5424 
  0x00000245181658ac: 304c 8b54 | 2448 4c89 | 5424 384c | 8b54 2458 | 4c89 5424 | 404c 8b54 | 2468 4c89 | 5424 484c 
  0x00000245181658cc: 8b54 2460 | 4c89 5424 | 504c 8b94 | 2488 0000 | 004c 8954 | 2458 4c8b | 9424 9000 | 0000 4c89 
  0x00000245181658ec: 5424 704c | 8b94 2480 | 0000 004c | 8954 2478 | 448b 9c24 | b000 0000 | 4489 9c24 | a800 0000 
  0x000002451816590c: ;   {runtime_call UncommonTrapBlob}
  0x000002451816590c: c5f8 77e8 

  0x0000024518165910: ; ImmutableOopMap {rbp=Oop [64]=Oop [72]=Oop [80]=Oop [88]=Oop [112]=Oop [152]=Oop [160]=Oop [168]=NarrowOop }
                      ;*checkcast {reexecute=0 rethrow=0 return_oop=0}
                      ; - java.lang.ClassLoader::definePackage@81
                      ; - java.lang.ClassLoader::getDefinedPackage@32
                      ; - java.net.URLClassLoader::getAndVerifyPackage@2
                      ; - java.net.URLClassLoader::defineClass@46
                      ; - java.net.URLClassLoader$1::run@43
                      ; - java.net.URLClassLoader$1::run@1
                      ; - java.security.AccessController::executePrivileged@29
                      ; - java.security.AccessController::doPrivileged@13
                      ; - java.net.URLClassLoader::findClass@13
                      ; - java.lang.ClassLoader::loadClass@69
  0x0000024518165910: 6cea 7eff 

  0x0000024518165914: ;   {other}
  0x0000024518165914: 0f1f 8400 | 04a5 00ce | baf6 ffff | ff44 8b5c | 242c 4489 | 5c24 204c | 8b54 2440 | 4c89 5424 
  0x0000024518165934: 304c 8b54 | 2448 4c89 | 5424 384c | 8b54 2458 | 4c89 5424 | 404c 8b94 | 24d8 0000 | 004c 8954 
  0x0000024518165954: 2448 4c8b | 5424 604c | 8954 2450 | 4c8b 9424 | 8800 0000 | 4c89 5424 | 584c 8b94 | 2490 0000 
  0x0000024518165974: 004c 8954 | 2470 4c8b | 9424 8000 | 0000 4c89 | 5424 784c | 898c 2480 | 0000 004c | 89ac 2488 
  0x0000024518165994: 0000 0090 

  0x0000024518165998: ;   {runtime_call UncommonTrapBlob}
  0x0000024518165998: c5f8 77e8 

  0x000002451816599c: ; ImmutableOopMap {[64]=Oop [72]=Oop [80]=Oop [88]=Oop [112]=Oop [128]=Oop [136]=Oop [176]=NarrowOop [224]=Oop }
                      ;*arraylength {reexecute=0 rethrow=0 return_oop=0}
                      ; - java.lang.String::length@4
                      ; - java.lang.String::equalsIgnoreCase@14
                      ; - java.net.URLClassLoader::isSealed@68
                      ; - java.net.URLClassLoader::getAndVerifyPackage@68
                      ; - java.net.URLClassLoader::defineClass@46
                      ; - java.net.URLClassLoader$1::run@43
                      ; - java.net.URLClassLoader$1::run@1
                      ; - java.security.AccessController::executePrivileged@29
                      ; - java.security.AccessController::doPrivileged@13
                      ; - java.net.URLClassLoader::findClass@13
                      ; - java.lang.ClassLoader::loadClass@69
  0x000002451816599c: e0e9 7eff 

  0x00000245181659a0: ;   {other}
  0x00000245181659a0: 0f1f 8400 | 90a5 00cf | ba45 ffff | ff48 ffb4 | 24e0 0000 | 0048 8f44 | 2420 448b | 4424 2c44 
  0x00000245181659c0: 8944 2428 | 4c8b 4424 | 404c 8944 | 2438 4c8b | 4424 484c | 8944 2440 | 4c8b 4424 | 584c 8944 
  0x00000245181659e0: 2448 4c8b | 8424 d800 | 0000 4c89 | 4424 504c | 8b44 2460 | 4c89 4424 | 584c 8b84 | 2488 0000 
  0x0000024518165a00: 004c 8944 | 2460 4c8b | 8424 9000 | 0000 4c89 | 4424 784c | 898c 24a0 | 0000 004c | 89ac 24a8 
  0x0000024518165a20: 0000 004c | 898c 24c0 | 0000 0044 | 899c 24b4 | 0000 0044 | 8994 24e0 | 0000 0090 

  0x0000024518165a3c: ;   {runtime_call UncommonTrapBlob}
  0x0000024518165a3c: c5f8 77e8 

  0x0000024518165a40: ; ImmutableOopMap {rbp=NarrowOop [32]=Oop [72]=Oop [80]=Oop [88]=Oop [96]=Oop [120]=Oop [160]=Oop [168]=Oop [176]=NarrowOop [180]=NarrowOop [192]=Oop }
                      ;*ifnull {reexecute=1 rethrow=0 return_oop=0}
                      ; - (reexecute) java.util.concurrent.ConcurrentHashMap::get@67
                      ; - java.lang.ClassLoader::getDefinedPackage@13
                      ; - java.net.URLClassLoader::getAndVerifyPackage@2
                      ; - java.net.URLClassLoader::defineClass@46
                      ; - java.net.URLClassLoader$1::run@43
                      ; - java.net.URLClassLoader$1::run@1
                      ; - java.security.AccessController::executePrivileged@29
                      ; - java.security.AccessController::doPrivileged@13
                      ; - java.net.URLClassLoader::findClass@13
                      ; - java.lang.ClassLoader::loadClass@69
  0x0000024518165a40: 3ce9 7eff 

  0x0000024518165a44: ;   {other}
  0x0000024518165a44: 0f1f 8400 | 34a6 00d0 | ba45 ffff | ff48 ffb4 | 24e0 0000 | 0048 8f44 | 2420 448b | 5c24 2c44 
  0x0000024518165a64: 895c 2428 | 4c8b 5c24 | 404c 895c | 2438 4c8b | 5c24 484c | 895c 2440 | 4c8b 5c24 | 584c 895c 
  0x0000024518165a84: 2448 4c8b | 9c24 d800 | 0000 4c89 | 5c24 504c | 8b5c 2460 | 4c89 5c24 | 584c 8b9c | 2488 0000 
  0x0000024518165aa4: 004c 895c | 2460 4c8b | 9c24 9000 | 0000 4c89 | 5c24 784c | 898c 24a0 | 0000 004c | 89ac 24a8 
  0x0000024518165ac4: 0000 004c | 898c 24c0 | 0000 0089 | 8c24 b400 | 0000 4489 | 8424 e000 | 0000 4489 | 9424 e400 
  0x0000024518165ae4: 0000 6690 

  0x0000024518165ae8: ;   {runtime_call UncommonTrapBlob}
  0x0000024518165ae8: c5f8 77e8 

  0x0000024518165aec: ; ImmutableOopMap {rbp=NarrowOop [32]=Oop [72]=Oop [80]=Oop [88]=Oop [96]=Oop [120]=Oop [160]=Oop [168]=Oop [176]=NarrowOop [180]=NarrowOop [192]=Oop [224]=NarrowOop }
                      ;*ifnull {reexecute=1 rethrow=0 return_oop=0}
                      ; - (reexecute) java.util.concurrent.ConcurrentHashMap::get@67
                      ; - java.lang.ClassLoader::definePackage@47
                      ; - java.lang.ClassLoader::getDefinedPackage@32
                      ; - java.net.URLClassLoader::getAndVerifyPackage@2
                      ; - java.net.URLClassLoader::defineClass@46
                      ; - java.net.URLClassLoader$1::run@43
                      ; - java.net.URLClassLoader$1::run@1
                      ; - java.security.AccessController::executePrivileged@29
                      ; - java.security.AccessController::doPrivileged@13
                      ; - java.net.URLClassLoader::findClass@13
                      ; - java.lang.ClassLoader::loadClass@69
  0x0000024518165aec: 90e8 7eff 

  0x0000024518165af0: ;   {other}
  0x0000024518165af0: 0f1f 8400 | e0a6 00d1 | baf6 ffff | ff48 8bac | 24e0 0000 | 0044 8b54 | 242c 4489 | 5424 204c 
  0x0000024518165b10: 8b54 2440 | 4c89 5424 | 304c 8b54 | 2448 4c89 | 5424 384c | 8b54 2458 | 4c89 5424 | 404c 8b54 
  0x0000024518165b30: 2470 4c89 | 5424 484c | 8b54 2460 | 4c89 5424 | 504c 8b94 | 2488 0000 | 004c 8954 | 2458 4c8b 
  0x0000024518165b50: 5424 784c | 8954 2470 | 4c8b 9424 | 8000 0000 | 4c89 5424 | 7844 8b9c | 2490 0000 | 0044 895c 
  0x0000024518165b70: 2424 6690 

  0x0000024518165b74: ;   {runtime_call UncommonTrapBlob}
  0x0000024518165b74: c5f8 77e8 

  0x0000024518165b78: ; ImmutableOopMap {rbp=Oop [36]=NarrowOop [64]=Oop [72]=Oop [80]=Oop [88]=Oop [112]=Oop [152]=Oop [168]=Oop [176]=NarrowOop [184]=Oop [248]=Oop }
                      ;*arraylength {reexecute=0 rethrow=0 return_oop=0}
                      ; - java.io.ByteArrayInputStream::<init>@21
                      ; - java.util.jar.JarFile::getManifestFromReference@114
                      ; - java.util.jar.JarFile::getManifest@1
                      ; - jdk.internal.loader.URLClassPath$JarLoader$2::getManifest@22
                      ; - java.net.URLClassLoader::defineClass@34
                      ; - java.net.URLClassLoader$1::run@43
                      ; - java.net.URLClassLoader$1::run@1
                      ; - java.security.AccessController::executePrivileged@29
                      ; - java.security.AccessController::doPrivileged@13
                      ; - java.net.URLClassLoader::findClass@13
                      ; - java.lang.ClassLoader::loadClass@69
  0x0000024518165b78: 04e8 7eff 

  0x0000024518165b7c: ;   {other}
  0x0000024518165b7c: 0f1f 8400 | 6ca7 00d2 | ba45 ffff | ff48 8b6c | 2468 448b | 4c24 2c44 | 894c 2420 | 4c8b 5c24 
  0x0000024518165b9c: 404c 895c | 2430 4c8b | 5c24 484c | 895c 2438 | 4c8b 5c24 | 584c 895c | 2440 4c8b | 9c24 a000 
  0x0000024518165bbc: 0000 4c89 | 5c24 484c | 8b5c 2460 | 4c89 5c24 | 504c 8b9c | 2488 0000 | 004c 895c | 2458 4c8b 
  0x0000024518165bdc: 5c24 784c | 895c 2470 | 4c8b 9c24 | 8000 0000 | 4c89 5c24 | 7844 8b8c | 2490 0000 | 0044 894c 
  0x0000024518165bfc: 2424 4c89 | 9424 a000 | 0000 4c89 | 8424 b000 | 0000 6690 

  0x0000024518165c10: ;   {runtime_call UncommonTrapBlob}
  0x0000024518165c10: c5f8 77e8 

  0x0000024518165c14: ; ImmutableOopMap {rbp=Oop [36]=NarrowOop [64]=Oop [72]=Oop [80]=Oop [88]=Oop [112]=Oop [152]=Oop [160]=Oop [176]=Oop [248]=Oop }
                      ;*ifnull {reexecute=1 rethrow=0 return_oop=0}
                      ; - (reexecute) java.util.jar.JarFile::getManifestFromReference@148
                      ; - java.util.jar.JarFile::getManifest@1
                      ; - jdk.internal.loader.URLClassPath$JarLoader$2::getManifest@22
                      ; - java.net.URLClassLoader::defineClass@34
                      ; - java.net.URLClassLoader$1::run@43
                      ; - java.net.URLClassLoader$1::run@1
                      ; - java.security.AccessController::executePrivileged@29
                      ; - java.security.AccessController::doPrivileged@13
                      ; - java.net.URLClassLoader::findClass@13
                      ; - java.lang.ClassLoader::loadClass@69
  0x0000024518165c14: 68e7 7eff 

  0x0000024518165c18: ;   {other}
  0x0000024518165c18: 0f1f 8400 | 08a8 00d3 | eb00 488b | e8e9 066b | ffff baf6 | ffff ff48 | 8bac 24e0 | 0000 0044 
  0x0000024518165c38: 8b5c 242c | 4489 5c24 | 204c 8b5c | 2440 4c89 | 5c24 304c | 8b5c 2448 | 4c89 5c24 | 384c 8b5c 
  0x0000024518165c58: 2458 4c89 | 5c24 404c | 8b9c 24d8 | 0000 004c | 895c 2448 | 4c8b 5c24 | 604c 895c | 2450 4c8b 
  0x0000024518165c78: 9c24 8800 | 0000 4c89 | 5c24 584c | 8b9c 2480 | 0000 004c | 895c 2470 | 4489 5424 | 244c 8984 
  0x0000024518165c98: 2488 0000 | 0066 6690 

  0x0000024518165ca0: ;   {runtime_call UncommonTrapBlob}
  0x0000024518165ca0: c5f8 77e8 

  0x0000024518165ca4: ; ImmutableOopMap {rbp=Oop [64]=Oop [72]=Oop [80]=Oop [88]=Oop [136]=Oop }
                      ;*invokevirtual getBaseURL {reexecute=0 rethrow=0 return_oop=0}
                      ; - jdk.internal.loader.URLClassPath$FileLoader$1::getCodeSourceURL@4
                      ; - java.net.URLClassLoader::defineClass@13
                      ; - java.net.URLClassLoader$1::run@43
                      ; - java.net.URLClassLoader$1::run@1
                      ; - java.security.AccessController::executePrivileged@29
                      ; - java.security.AccessController::doPrivileged@13
                      ; - java.net.URLClassLoader::findClass@13
                      ; - java.lang.ClassLoader::loadClass@69
  0x0000024518165ca4: d8e6 7eff 

  0x0000024518165ca8: ;   {other}
  0x0000024518165ca8: 0f1f 8400 | 98a8 00d4 | ba97 ffff | ff48 8b6c | 2470 448b | 5424 2c44 | 8954 2420 | 4c8b 5424 
  0x0000024518165cc8: 404c 8954 | 2430 4c8b | 5424 484c | 8954 2438 | 4c8b 5424 | 584c 8954 | 2440 4c8b | 9424 a000 
  0x0000024518165ce8: 0000 4c89 | 5424 484c | 8b54 2460 | 4c89 5424 | 504c 8b94 | 2488 0000 | 004c 8954 | 2458 4c8b 
  0x0000024518165d08: 9424 8000 | 0000 4c89 | 5424 7844 | 8b94 2490 | 0000 0044 | 8994 2480 | 0000 0090 

  0x0000024518165d24: ;   {runtime_call UncommonTrapBlob}
  0x0000024518165d24: c5f8 77e8 

  0x0000024518165d28: ; ImmutableOopMap {rbp=Oop [64]=Oop [72]=Oop [80]=Oop [88]=Oop [128]=NarrowOop [152]=Oop [176]=NarrowOop }
                      ;*invokevirtual clone {reexecute=1 rethrow=0 return_oop=0}
                      ; - (reexecute) java.util.Arrays::copyOfRange@18
                      ; - java.lang.StringLatin1::newString@16
                      ; - java.lang.String::substring@41
                      ; - java.net.URLClassLoader::defineClass@28
                      ; - java.net.URLClassLoader$1::run@43
                      ; - java.net.URLClassLoader$1::run@1
                      ; - java.security.AccessController::executePrivileged@29
                      ; - java.security.AccessController::doPrivileged@13
                      ; - java.net.URLClassLoader::findClass@13
                      ; - java.lang.ClassLoader::loadClass@69
  0x0000024518165d28: 54e6 7eff 

  0x0000024518165d2c: ;   {other}
  0x0000024518165d2c: 0f1f 8400 | 1ca9 00d5 | 4c8b d0e9 | 5306 0000 | 488b d8e9 | 0f02 0000 | 4c8b d0e9 | e906 0000 
  0x0000024518165d4c: 488b 6c24 | 784c 8b9c | 2480 0000 | 004c 895c | 2420 448b | 8424 9000 | 0000 4489 | 4424 2848 
  0x0000024518165d6c: 8b94 24b0 | 0000 004c | 8bc0 4c8b | 9424 e000 | 0000 4c89 | 5424 384c | 8b94 24d8 | 0000 004c 
  0x0000024518165d8c: 8954 2470 

  0x0000024518165d90: ;   {optimized virtual_call}
  0x0000024518165d90: c5f8 77e8 

  0x0000024518165d94: ; ImmutableOopMap {rbp=Oop [40]=NarrowOop [56]=Oop [88]=Oop [96]=Oop [112]=Oop [136]=Oop [176]=Oop [216]=Oop [224]=Oop [248]=Oop }
                      ;*invokevirtual addSuppressed {reexecute=0 rethrow=0 return_oop=0}
                      ; - java.util.jar.JarFile::getManifestFromReference@177
                      ; - java.util.jar.JarFile::getManifest@1
                      ; - jdk.internal.loader.URLClassPath$JarLoader$2::getManifest@22
                      ; - java.net.URLClassLoader::defineClass@34
                      ; - java.net.URLClassLoader$1::run@43
                      ; - java.net.URLClassLoader$1::run@1
                      ; - java.security.AccessController::executePrivileged@29
                      ; - java.security.AccessController::doPrivileged@13
                      ; - java.net.URLClassLoader::findClass@13
                      ; - java.lang.ClassLoader::loadClass@69
  0x0000024518165d94: e88c 7eff 

  0x0000024518165d98: ;   {other}
  0x0000024518165d98: 0f1f 8400 | 88a9 00d6 | e9ab 0400 | 00e9 6104 | 0000 e95c | 0400 0048 | 8984 24b0 | 0000 00e9 
  0x0000024518165db8: 5704 0000 | 488b d844 | 8b50 0849 | b800 0000 | 2545 0200 | 004d 03c2 | e974 0600 | 004c 8bd0 
  0x0000024518165dd8: e9b2 0500 | 004c 8bd0 | e9aa 0500 | 004c 8bd0 | e9a2 0500 | 004c 8bd0 | e99a 0500 | 004c 8bd0 
  0x0000024518165df8: e992 0500 | 004c 8bd0 | e98a 0500 | 004c 8bd0 | e982 0500 | 004c 8bd0 | e97a 0500 | 004c 8bd0 
  0x0000024518165e18: e972 0500 | 004c 8bd0 | e96a 0500 | 004c 8bd0 | e962 0500 | 004c 8bd0 | e95a 0500 | 004c 8bd0 
  0x0000024518165e38: e952 0500 | 004c 8bd0 | e94a 0500 | 004c 8bd0 | e942 0500 | 004c 8bd0 | e93a 0500 | 004c 8bd0 
  0x0000024518165e58: e932 0500 | 004c 8bd0 | e9d0 0500 | 004c 8bd0 | e9aa 0000 | 004c 8bd0 | e9c0 0500 | 004c 8bd0 
  0x0000024518165e78: e9b8 0500 | 004c 8bd0 | e9b0 0500 | 004c 8bd0 | e9a8 0500 | 0048 8bd8 | e95b 0600 

  0x0000024518165e94: ;   {no_reloc}
  0x0000024518165e94: 0048 8bd8 | e953 0600 | 004c 8bd0 | e990 0500 | 004c 8bd0 | e988 0500 | 0048 8bd8 | e93b 0600 
  0x0000024518165eb4: 004c 8bd0 | e978 0500 | 0048 8bd8 | 448b 5008 | 49b8 0000 | 0025 4502 | 0000 4d03 | c2e9 7305 
  0x0000024518165ed4: 0000 488b | d8e9 a906 | 0000 4c8b | d0eb 034c | 8bd0 498b | da45 8b52 | 0849 b800 | 0000 2545 
  0x0000024518165ef4: 0200 004d | 03c2 e94a | 0500 004c | 8bd0 eb03 | 4c8b d049 | 8bda e9e1 | 0500 004c | 8bd0 eb03 
  0x0000024518165f14: 4c8b d049 | 8bda e9d1 | 0500 0048 | 8bd8 448b | 5008 49b8 | 0000 0025 | 4502 0000 | 4d03 c24d 
  0x0000024518165f34: 8b50 504c | 3bd5 0f85 | 0905 0000 | 4533 c9e9 | 5303 0000 | 4c8b d0e9 | b604 0000 | 488b d84c 
  0x0000024518165f54: 8b5c 2468 | 488d 8424 | 3801 0000 | 4883 3800 | 0f84 7900 | 0000 4d8b | 1341 f6c2 | 020f 8462 
  0x0000024518165f74: 0000 0049 | 83ba 8600 | 0000 0074 | 0949 ff8a | 8600 0000 | eb4b 498b | 8296 0000 | 0049 0b82 
  0x0000024518165f94: ;   {no_reloc}
  0x0000024518165f94: 8e00 0000 | 750a 49c7 | 423e 0000 | 0000 eb3d | 4983 ba9e | 0000 0000 | 7422 4833 | c049 c742 
  0x0000024518165fb4: 3e00 0000 | 00f0 8304 | 2400 4983 | ba9e 0000 | 0000 750d | f04d 0fb1 | 7a3e 7505 | 83c8 01eb 
  0x0000024518165fd4: 0ca8 00eb | 084c 8b10 | f04d 0fb1 | 1375 0a49 | ff8f 5005 | 0000 4533 | d20f 849f | 0300 0049 
  0x0000024518165ff4: 8bcb 488d | 9424 3801 | 0000 4d8b | c7c5 f877 | 49ba 40d9 | 4c6d fa7f | 0000 41ff 

  0x0000024518166010: ;   {other}
  0x0000024518166010: d20f 1f84 | 0000 0000 | 00e9 7403 | 0000 4c8b | d0e9 0f04 | 0000 4c8b | d0e9 0704 | 0000 488b 
  0x0000024518166030: d844 8b50 | 0849 bb00 | 0000 2545 | 0200 004d | 03da 4d8b 

  0x0000024518166044: ;   {metadata('java/io/IOException')}
  0x0000024518166044: 5348 49bb | 5853 0426 | 4502 0000 | 4d3b d30f | 85fa feff | ff4c 8bd8 | 498b 87b8 | 0100 004c 
  0x0000024518166064: 8bd0 4983 | c228 4d3b | 97c8 0100 | 000f 8365 | 0500 004d | 8997 b801 | 0000 410f | 0d8a c000 
  0x0000024518166084: 0000 48c7 | 0001 0000 

  0x000002451816608c: ;   {metadata('java/lang/RuntimeException')}
  0x000002451816608c: 00c7 4008 | a8b7 0500 | 4489 600c | 4c89 6010 | 4c89 6018 | 4c89 6020 | 4c89 5c24 | 504c 8bd0 
  0x00000245181660ac: 4c89 5424 | 7048 8bac | 2498 0000 | 004c 8b94 | 2480 0000 | 004c 8954 | 2420 448b | 9c24 9000 
  0x00000245181660cc: 0000 4489 | 5c24 2848 | 8b54 2470 | 4c8b 4424 | 504c 8b94 | 24e0 0000 | 004c 8954 | 2450 4c8b 
  0x00000245181660ec: 9424 d800 | 0000 4c89 | 9424 8000 | 0000 6690 

  0x00000245181660fc: ;   {optimized virtual_call}
  0x00000245181660fc: c5f8 77e8 

  0x0000024518166100: ; ImmutableOopMap {rbp=Oop [40]=NarrowOop [80]=Oop [88]=Oop [96]=Oop [104]=Oop [112]=Oop [128]=Oop [136]=Oop [216]=Oop [224]=Oop [248]=Oop }
                      ;*invokespecial <init> {reexecute=0 rethrow=0 return_oop=0}
                      ; - java.util.jar.JarFile::ensureInitialization@13
                      ; - java.util.jar.JavaUtilJarAccessImpl::ensureInitialization@1
                      ; - jdk.internal.loader.URLClassPath$JarLoader$2::getManifest@10
                      ; - java.net.URLClassLoader::defineClass@34
                      ; - java.net.URLClassLoader$1::run@43
                      ; - java.net.URLClassLoader$1::run@1
                      ; - java.security.AccessController::executePrivileged@29
                      ; - java.security.AccessController::doPrivileged@13
                      ; - java.net.URLClassLoader::findClass@13
                      ; - java.lang.ClassLoader::loadClass@69
  0x0000024518166100: 7c89 7eff 

  0x0000024518166104: ;   {other}
  0x0000024518166104: 0f1f 8400 | f4ac 00d7 | 4c8b 5c24 | 6848 8d84 | 2438 0100 | 0048 8338 | 000f 8479 | 0000 004d 
  0x0000024518166124: 8b13 41f6 | c202 0f84 | 6200 0000 | 4983 ba86 | 0000 0000 | 7409 49ff | 8a86 0000 | 00eb 4b49 
  0x0000024518166144: 8b82 9600 | 0000 490b | 828e 0000 | 0075 0a49 | c742 3e00 | 0000 00eb | 3d49 83ba | 9e00 0000 
  0x0000024518166164: 0074 2248 | 33c0 49c7 | 423e 0000 | 0000 f083 | 0424 0049 | 83ba 9e00 | 0000 0075 | 0df0 4d0f 
  0x0000024518166184: b17a 3e75 | 0583 c801 | eb0c a800 | eb08 4c8b | 10f0 4d0f | b113 750a | 49ff 8f50 | 0500 0045 
  0x00000245181661a4: 33d2 0f85 | 9004 0000 | 4c8b 5424 | 7049 8bda | e971 0300 | 004c 8bd0 | e9ce 0100 | 004c 8bd0 
  0x00000245181661c4: e9c6 0100 | 004c 8bd0 | e9be 0100 | 004c 8bd0 | e9b6 0100 | 004c 8bd0 | e9ae 0100 | 004c 8bd0 
  0x00000245181661e4: e9a6 0100 | 004c 8bd0 | e99e 0100 | 004c 8bd0 | e996 0100 | 004c 8bd0 | e98e 0100 

  0x0000024518166200: ;   {no_reloc}
  0x0000024518166200: 004c 8bd0 | e92c 0200 | 00eb 0048 | 8984 24b0 | 0000 004c | 8b54 2438 | 4d85 d274 | 3349 8bd2 
  0x0000024518166220: 488b ac24 | e000 0000 | 4c8b 9424 | d800 0000 | 4c89 5424 | 6890 c5f8 | 7748 b8ff | ffff ffff 
  0x0000024518166240: ;   {virtual_call}
  0x0000024518166240: ffff ffe8 

  0x0000024518166244: ; ImmutableOopMap {rbp=Oop [88]=Oop [96]=Oop [104]=Oop [120]=Oop [136]=Oop [144]=NarrowOop [176]=Oop [216]=Oop [224]=Oop [248]=Oop }
                      ;*invokevirtual close {reexecute=0 rethrow=0 return_oop=0}
                      ; - java.util.jar.JarFile::getManifestFromReference@165
                      ; - java.util.jar.JarFile::getManifest@1
                      ; - jdk.internal.loader.URLClassPath$JarLoader$2::getManifest@22
                      ; - java.net.URLClassLoader::defineClass@34
                      ; - java.net.URLClassLoader$1::run@43
                      ; - java.net.URLClassLoader$1::run@1
                      ; - java.security.AccessController::executePrivileged@29
                      ; - java.security.AccessController::doPrivileged@13
                      ; - java.net.URLClassLoader::findClass@13
                      ; - java.lang.ClassLoader::loadClass@69
  0x0000024518166244: 388b 7eff 

  0x0000024518166248: ;   {other}
  0x0000024518166248: 0f1f 8400 | 38ae 00d8 | 4c8b 9424 | b000 0000 | e932 0100 | 004c 8bd0 | e9d0 0100 | 004c 8bd0 
  0x0000024518166268: e9c8 0100 | 004c 8bd0 | e9c0 0100 | 0048 8bd8 | 448b 5808 | 49b8 0000 | 0025 4502 | 0000 4d03 
  0x0000024518166288: c34d 8b50 | 504c 3bd5 | 0f85 b301 | 0000 4c8b | 4c24 3848 | 8bac 2490 | 0000 0048 | 8b94 24e0 
  0x00000245181662a8: 0000 004c | 8b44 2468 | 488b 7c24 | 304c 8b94 | 24d8 0000 | 004c 8954 | 2478 4c8b | d24c 8994 
  0x00000245181662c8: 2490 0000 | 004c 8bd2 | 4c89 9424 | b800 0000 

  0x00000245181662d8: ;   {optimized virtual_call}
  0x00000245181662d8: c5f8 77e8 

  0x00000245181662dc: ; ImmutableOopMap {rbp=Oop [48]=Oop [80]=Oop [88]=Oop [96]=Oop [104]=Oop [120]=Oop [136]=Oop [144]=Oop [176]=NarrowOop [184]=Oop [216]=Oop [224]=Oop }
                      ;*invokevirtual getAndVerifyPackage {reexecute=0 rethrow=0 return_oop=1}
                      ; - java.net.URLClassLoader::defineClass@97
                      ; - java.net.URLClassLoader$1::run@43
                      ; - java.net.URLClassLoader$1::run@1
                      ; - java.security.AccessController::executePrivileged@29
                      ; - java.security.AccessController::doPrivileged@13
                      ; - java.net.URLClassLoader::findClass@13
                      ; - java.lang.ClassLoader::loadClass@69
  0x00000245181662dc: a087 7eff 

  0x00000245181662e0: ;   {other}
  0x00000245181662e0: 0f1f 8400 | d0ae 00d9 | 4885 c00f | 85eb 74ff | ffba fd00 | 0000 488b | ac24 9000 | 0000 448b 
  0x0000024518166300: 5c24 2c44 | 895c 2420 | 4c8b 5424 | 404c 8954 | 2430 4c8b | 5424 484c | 8954 2438 | 4c8b 5424 
  0x0000024518166320: 584c 8954 | 2440 4c8b | 5424 784c | 8954 2448 | 4c8b 5424 | 604c 8954 | 2450 4c8b | 5424 684c 
  0x0000024518166340: 8954 2460 

  0x0000024518166344: ;   {runtime_call UncommonTrapBlob}
  0x0000024518166344: c5f8 77e8 

  0x0000024518166348: ; ImmutableOopMap {rbp=Oop [64]=Oop [72]=Oop [80]=Oop [96]=Oop [136]=Oop }
                      ;*new {reexecute=0 rethrow=0 return_oop=0}
                      ; - java.net.URLClassLoader::defineClass@103
                      ; - java.net.URLClassLoader$1::run@43
                      ; - java.net.URLClassLoader$1::run@1
                      ; - java.security.AccessController::executePrivileged@29
                      ; - java.security.AccessController::doPrivileged@13
                      ; - java.net.URLClassLoader::findClass@13
                      ; - java.lang.ClassLoader::loadClass@69
  0x0000024518166348: 34e0 7eff 

  0x000002451816634c: ;   {other}
  0x000002451816634c: 0f1f 8400 | 3caf 00da | 4c8b d0e9 | d900 0000 | 488b d8e9 | 2302 0000 | 4c8b d0e9 | c900 0000 
  0x000002451816636c: 4c8b d0e9 | c100 0000 | 4c8b d0e9 | b900 0000 | 4c8b d0e9 | b100 0000 | 4c8b d0e9 | a900 0000 
  0x000002451816638c: 4c8b d049 | 8bda 448b | 5b08 49b8 | 0000 0025 | 4502 0000 | 4d03 c3e9 | a100 0000 | 488b d844 
  0x00000245181663ac: 8b50 0849 | b800 0000 | 2545 0200 | 004d 03c2 | e988 0000 | 0048 8bd8 | 448b 5008 | 49b8 0000 
  0x00000245181663cc: 0025 4502 | 0000 4d03 | c2eb 7248 | 8bd8 448b | 5008 49b8 | 0000 0025 | 4502 0000 | 4d03 c2eb 
  0x00000245181663ec: 5c48 8bd8 | 448b 5008 | 49b8 0000 | 0025 4502 | 0000 4d03 | c2eb 464c | 8bd0 498b | da45 8b52 
  0x000002451816640c: 0849 b800 | 0000 2545 | 0200 004d | 03c2 eb2d | 488b d844 | 8b50 0849 | b800 0000 | 2545 0200 
  0x000002451816642c: 004d 03c2 | eb17 4c8b | d049 8bda | 458b 5a08 | 49b8 0000 | 0025 4502 | 0000 4d03 

  0x0000024518166448: ;   {no_reloc}
  0x0000024518166448: c34d 8b50 

  0x000002451816644c: ;   {metadata('java/io/IOException')}
  0x000002451816644c: 4849 bb58 | 5304 2645 | 0200 004d | 3bd3 0f84 | 2f01 0000 | 4d8b 5050 

  0x0000024518166464: ;   {metadata('java/lang/ClassFormatError')}
  0x0000024518166464: 49bb c09d | 3426 4502 | 0000 4d3b | d30f 8579 | 0000 0048 | 8beb 488b | 9424 8800 | 0000 c5f8 
  0x0000024518166484: 7748 b8ff | ffff ffff 

  0x000002451816648c: ;   {virtual_call}
  0x000002451816648c: ffff ffe8 

  0x0000024518166490: ; ImmutableOopMap {rbp=Oop [88]=Oop [96]=Oop [136]=Oop [216]=Oop [224]=Oop }
                      ;*invokevirtual getDataError {reexecute=0 rethrow=0 return_oop=1}
                      ; - java.net.URLClassLoader$1::run@63
                      ; - java.net.URLClassLoader$1::run@1
                      ; - java.security.AccessController::executePrivileged@29
                      ; - java.security.AccessController::doPrivileged@13
                      ; - java.net.URLClassLoader::findClass@13
                      ; - java.lang.ClassLoader::loadClass@69
  0x0000024518166490: ec88 7eff 

  0x0000024518166494: ;   {other}
  0x0000024518166494: 0f1f 8400 | 84b0 00db | 4885 c00f | 84eb 61ff | ff48 8b94 | 2488 0000 | 0090 c5f8 | 7748 b8ff 
  0x00000245181664b4: ffff ffff 

  0x00000245181664b8: ;   {virtual_call}
  0x00000245181664b8: ffff ffe8 

  0x00000245181664bc: ; ImmutableOopMap {rbp=Oop [88]=Oop [96]=Oop [216]=Oop [224]=Oop }
                      ;*invokevirtual getDataError {reexecute=0 rethrow=0 return_oop=1}
                      ; - java.net.URLClassLoader$1::run@71
                      ; - java.net.URLClassLoader$1::run@1
                      ; - java.security.AccessController::executePrivileged@29
                      ; - java.security.AccessController::doPrivileged@13
                      ; - java.net.URLClassLoader::findClass@13
                      ; - java.lang.ClassLoader::loadClass@69
  0x00000245181664bc: c088 7eff 

  0x00000245181664c0: ;   {other}
  0x00000245181664c0: 0f1f 8400 | b0b0 00dc | 4c8b 5c24 | 604c 895c | 2420 488b | d54c 8bc0 

  0x00000245181664d8: ;   {optimized virtual_call}
  0x00000245181664d8: c5f8 77e8 

  0x00000245181664dc: ; ImmutableOopMap {rbp=Oop [32]=Oop [88]=Oop [216]=Oop [224]=Oop }
                      ;*invokevirtual addSuppressed {reexecute=0 rethrow=0 return_oop=0}
                      ; - java.net.URLClassLoader$1::run@74
                      ; - java.net.URLClassLoader$1::run@1
                      ; - java.security.AccessController::executePrivileged@29
                      ; - java.security.AccessController::doPrivileged@13
                      ; - java.net.URLClassLoader::findClass@13
                      ; - java.lang.ClassLoader::loadClass@69
  0x00000245181664dc: a085 7eff 

  0x00000245181664e0: ;   {other}
  0x00000245181664e0: 0f1f 8400 | d0b0 00dd | e9a3 61ff | ff48 8bd8 | 448b 4308 | 49bb 0000 | 0025 4502 | 0000 4d03 
  0x0000024518166500: d8eb 1448 | 8bd8 448b | 5008 49bb | 0000 0025 | 4502 0000 | 4d03 da4d 

  0x0000024518166518: ;   {metadata('java/lang/RuntimeException')}
  0x0000024518166518: 8b53 4849 | b8a8 b705 | 2545 0200 | 004d 3bd0 | 7508 488b | ebe9 5e61 | ffff 4d8b 

  0x0000024518166534: ;   {metadata('java/lang/Exception')}
  0x0000024518166534: 5340 49bb | 20c0 0025 | 4502 0000 | 4d3b d30f | 84c4 0000 | 0044 8b5b 

  0x000002451816654c: ;   {metadata('java/security/PrivilegedActionException')}
  0x000002451816654c: 0841 81fb | 88ad 1201 | 7531 488b | ebba adff | ffff 4c8b | 5424 404c | 8954 2438 | 4c8b 5424 
  0x000002451816656c: 484c 8954 | 2440 6690 

  0x0000024518166574: ;   {runtime_call UncommonTrapBlob}
  0x0000024518166574: c5f8 77e8 

  0x0000024518166578: ; ImmutableOopMap {rbp=Oop [88]=Oop [224]=Oop }
                      ;*invokevirtual getException {reexecute=0 rethrow=0 return_oop=0}
                      ; - java.net.URLClassLoader::findClass@25
                      ; - java.lang.ClassLoader::loadClass@69
  0x0000024518166578: 04de 7eff 

  0x000002451816657c: ;   {other}
  0x000002451816657c: 0f1f 8400 | 6cb1 00de | 488b d848 | 8beb e901 | 61ff ff48 | 8beb ba2f | 0000 004c | 8b54 2440 
  0x000002451816659c: 4c89 5424 | 384c 8b54 | 2448 4c89 | 5424 404c | 8b54 2458 | 4c89 5424 | 484c 8b94 | 24d8 0000 
  0x00000245181665bc: 004c 8954 | 2450 4c8b | 5424 604c | 8954 2458 

  0x00000245181665cc: ;   {runtime_call UncommonTrapBlob}
  0x00000245181665cc: c5f8 77e8 

  0x00000245181665d0: ; ImmutableOopMap {rbp=Oop [72]=Oop [80]=Oop [88]=Oop [224]=Oop }
                      ;*new {reexecute=0 rethrow=0 return_oop=0}
                      ; - java.net.URLClassLoader$1::run@48
                      ; - java.net.URLClassLoader$1::run@1
                      ; - java.security.AccessController::executePrivileged@29
                      ; - java.security.AccessController::doPrivileged@13
                      ; - java.net.URLClassLoader::findClass@13
                      ; - java.lang.ClassLoader::loadClass@69
  0x00000245181665d0: acdd 7eff 

  0x00000245181665d4: ;   {other}
  0x00000245181665d4: 0f1f 8400 | c4b1 00df | 4c89 5c24 

  0x00000245181665e0: ;   {metadata('java/lang/RuntimeException')}
  0x00000245181665e0: 5048 baa8 | b705 2545 | 0200 004c | 8b54 2478 | 4c89 5424 | 7066 6690 

  0x00000245181665f8: ;   {runtime_call _new_instance_Java}
  0x00000245181665f8: c5f8 77e8 

  0x00000245181665fc: ; ImmutableOopMap {rbp=Oop [80]=Oop [88]=Oop [96]=Oop [104]=Oop [112]=Oop [136]=Oop [144]=NarrowOop [152]=Oop [216]=Oop [224]=Oop [248]=Oop }
                      ;*new {reexecute=0 rethrow=0 return_oop=1}
                      ; - java.util.jar.JarFile::ensureInitialization@8
                      ; - java.util.jar.JavaUtilJarAccessImpl::ensureInitialization@1
                      ; - jdk.internal.loader.URLClassPath$JarLoader$2::getManifest@10
                      ; - java.net.URLClassLoader::defineClass@34
                      ; - java.net.URLClassLoader$1::run@43
                      ; - java.net.URLClassLoader$1::run@1
                      ; - java.security.AccessController::executePrivileged@29
                      ; - java.security.AccessController::doPrivileged@13
                      ; - java.net.URLClassLoader::findClass@13
                      ; - java.lang.ClassLoader::loadClass@69
  0x00000245181665fc: 800f 8bff 

  0x0000024518166600: ;   {other}
  0x0000024518166600: 0f1f 8400 | f0b1 00e0 | e99c faff | ff48 8beb | ba91 0000 | 004c 8b54 | 2440 4c89 | 5424 384c 
  0x0000024518166620: 8b54 2448 | 4c89 5424 | 4066 6690 

  0x000002451816662c: ;   {runtime_call UncommonTrapBlob}
  0x000002451816662c: c5f8 77e8 

  0x0000024518166630: ; ImmutableOopMap {rbp=Oop [88]=Oop [216]=Oop [224]=Oop }
                      ;*new {reexecute=0 rethrow=0 return_oop=0}
                      ; - java.security.AccessController::wrapException@0
                      ; - java.security.AccessController::doPrivileged@22
                      ; - java.net.URLClassLoader::findClass@13
                      ; - java.lang.ClassLoader::loadClass@69
  0x0000024518166630: 4cdd 7eff 

  0x0000024518166634: ;   {other}
  0x0000024518166634: 0f1f 8400 | 24b2 00e1 | 498b cb48 | 8d94 2438 | 0100 004d | 8bc7 c5f8 | 7749 ba40 | d94c 6dfa 
  0x0000024518166654: 7f00 0041 

  0x0000024518166658: ;   {other}
  0x0000024518166658: ffd2 0f1f | 8400 0000 | 0000 e945 

  0x0000024518166664: ;   {internal_word}
  0x0000024518166664: fbff ff49 | baad da15 | 1845 0200 | 004d 8997 | 6804 0000 

  0x0000024518166678: ;   {runtime_call SafepointBlob}
  0x0000024518166678: e903 ee7e 

  0x000002451816667c: ;   {runtime_call StubRoutines (final stubs)}
  0x000002451816667c: ffe8 1efe | 7cff e9f7 | 56ff fff4 
[Stub Code]
  0x0000024518166688: ;   {no_reloc}
  0x0000024518166688: 48bb 0000 | 0000 0000 

  0x0000024518166690: ;   {runtime_call nmethod}
  0x0000024518166690: 0000 e9fb 

  0x0000024518166694: ;   {static_stub}
  0x0000024518166694: ffff ff48 | bb00 0000 | 0000 0000 

  0x00000245181666a0: ;   {runtime_call nmethod}
  0x00000245181666a0: 00e9 fbff 

  0x00000245181666a4: ;   {static_stub}
  0x00000245181666a4: ffff 48bb | 0000 0000 | 0000 0000 

  0x00000245181666b0: ;   {runtime_call nmethod}
  0x00000245181666b0: e9fb ffff 

  0x00000245181666b4: ;   {static_stub}
  0x00000245181666b4: ff48 bb00 | 0000 0000 

  0x00000245181666bc: ;   {runtime_call nmethod}
  0x00000245181666bc: 0000 00e9 | fbff ffff 

  0x00000245181666c4: ;   {static_stub}
  0x00000245181666c4: 48bb 0000 | 0000 0000 

  0x00000245181666cc: ;   {runtime_call nmethod}
  0x00000245181666cc: 0000 e9fb 

  0x00000245181666d0: ;   {static_stub}
  0x00000245181666d0: ffff ff48 | bb00 0000 | 0000 0000 

  0x00000245181666dc: ;   {runtime_call nmethod}
  0x00000245181666dc: 00e9 fbff 

  0x00000245181666e0: ;   {static_stub}
  0x00000245181666e0: ffff 48bb | 0000 0000 | 0000 0000 

  0x00000245181666ec: ;   {runtime_call nmethod}
  0x00000245181666ec: e9fb ffff 

  0x00000245181666f0: ;   {static_stub}
  0x00000245181666f0: ff48 bb00 | 0000 0000 

  0x00000245181666f8: ;   {runtime_call nmethod}
  0x00000245181666f8: 0000 00e9 | fbff ffff 

  0x0000024518166700: ;   {static_stub}
  0x0000024518166700: 48bb 0000 | 0000 0000 

  0x0000024518166708: ;   {runtime_call nmethod}
  0x0000024518166708: 0000 e9fb 

  0x000002451816670c: ;   {static_stub}
  0x000002451816670c: ffff ff48 | bb00 0000 | 0000 0000 

  0x0000024518166718: ;   {runtime_call nmethod}
  0x0000024518166718: 00e9 fbff 

  0x000002451816671c: ;   {static_stub}
  0x000002451816671c: ffff 48bb | 0000 0000 | 0000 0000 

  0x0000024518166728: ;   {runtime_call nmethod}
  0x0000024518166728: e9fb ffff 

  0x000002451816672c: ;   {static_stub}
  0x000002451816672c: ff48 bb00 | 0000 0000 

  0x0000024518166734: ;   {runtime_call nmethod}
  0x0000024518166734: 0000 00e9 | fbff ffff 

  0x000002451816673c: ;   {static_stub}
  0x000002451816673c: 48bb 0000 | 0000 0000 

  0x0000024518166744: ;   {runtime_call nmethod}
  0x0000024518166744: 0000 e9fb 

  0x0000024518166748: ;   {static_stub}
  0x0000024518166748: ffff ff48 | bb00 0000 | 0000 0000 

  0x0000024518166754: ;   {runtime_call nmethod}
  0x0000024518166754: 00e9 fbff 

  0x0000024518166758: ;   {static_stub}
  0x0000024518166758: ffff 48bb | 0000 0000 | 0000 0000 

  0x0000024518166764: ;   {runtime_call nmethod}
  0x0000024518166764: e9fb ffff 

  0x0000024518166768: ;   {static_stub}
  0x0000024518166768: ff48 bb00 | 0000 0000 

  0x0000024518166770: ;   {runtime_call nmethod}
  0x0000024518166770: 0000 00e9 | fbff ffff 

  0x0000024518166778: ;   {static_stub}
  0x0000024518166778: 48bb 0000 | 0000 0000 

  0x0000024518166780: ;   {runtime_call nmethod}
  0x0000024518166780: 0000 e9fb 

  0x0000024518166784: ;   {static_stub}
  0x0000024518166784: ffff ff48 | bb00 0000 | 0000 0000 

  0x0000024518166790: ;   {runtime_call nmethod}
  0x0000024518166790: 00e9 fbff 

  0x0000024518166794: ;   {static_stub}
  0x0000024518166794: ffff 48bb | 0000 0000 | 0000 0000 

  0x00000245181667a0: ;   {runtime_call nmethod}
  0x00000245181667a0: e9fb ffff 

  0x00000245181667a4: ;   {static_stub}
  0x00000245181667a4: ff48 bb00 | 0000 0000 

  0x00000245181667ac: ;   {runtime_call nmethod}
  0x00000245181667ac: 0000 00e9 | fbff ffff 

  0x00000245181667b4: ;   {static_stub}
  0x00000245181667b4: 48bb 0000 | 0000 0000 

  0x00000245181667bc: ;   {runtime_call nmethod}
  0x00000245181667bc: 0000 e9fb 

  0x00000245181667c0: ;   {static_stub}
  0x00000245181667c0: ffff ff48 | bb00 0000 | 0000 0000 

  0x00000245181667cc: ;   {runtime_call nmethod}
  0x00000245181667cc: 00e9 fbff 

  0x00000245181667d0: ;   {static_stub}
  0x00000245181667d0: ffff 48bb | 0000 0000 | 0000 0000 

  0x00000245181667dc: ;   {runtime_call nmethod}
  0x00000245181667dc: e9fb ffff 

  0x00000245181667e0: ;   {static_stub}
  0x00000245181667e0: ff48 bb00 | 0000 0000 

  0x00000245181667e8: ;   {runtime_call nmethod}
  0x00000245181667e8: 0000 00e9 | fbff ffff 

  0x00000245181667f0: ;   {static_stub}
  0x00000245181667f0: 48bb 0000 | 0000 0000 

  0x00000245181667f8: ;   {runtime_call nmethod}
  0x00000245181667f8: 0000 e9fb 

  0x00000245181667fc: ;   {static_stub}
  0x00000245181667fc: ffff ff48 | bb00 0000 | 0000 0000 

  0x0000024518166808: ;   {runtime_call nmethod}
  0x0000024518166808: 00e9 fbff 

  0x000002451816680c: ;   {static_stub}
  0x000002451816680c: ffff 48bb | 0000 0000 | 0000 0000 

  0x0000024518166818: ;   {runtime_call nmethod}
  0x0000024518166818: e9fb ffff 

  0x000002451816681c: ;   {static_stub}
  0x000002451816681c: ff48 bb00 | 0000 0000 

  0x0000024518166824: ;   {runtime_call nmethod}
  0x0000024518166824: 0000 00e9 | fbff ffff 

  0x000002451816682c: ;   {static_stub}
  0x000002451816682c: 48bb 0000 | 0000 0000 

  0x0000024518166834: ;   {runtime_call nmethod}
  0x0000024518166834: 0000 e9fb 

  0x0000024518166838: ;   {static_stub}
  0x0000024518166838: ffff ff48 | bb00 0000 | 0000 0000 

  0x0000024518166844: ;   {runtime_call nmethod}
  0x0000024518166844: 00e9 fbff 

  0x0000024518166848: ;   {static_stub}
  0x0000024518166848: ffff 48bb | 0000 0000 | 0000 0000 

  0x0000024518166854: ;   {runtime_call nmethod}
  0x0000024518166854: e9fb ffff 

  0x0000024518166858: ;   {static_stub}
  0x0000024518166858: ff48 bb00 | 0000 0000 

  0x0000024518166860: ;   {runtime_call nmethod}
  0x0000024518166860: 0000 00e9 | fbff ffff 

  0x0000024518166868: ;   {static_stub}
  0x0000024518166868: 48bb 0000 | 0000 0000 

  0x0000024518166870: ;   {runtime_call nmethod}
  0x0000024518166870: 0000 e9fb 

  0x0000024518166874: ;   {static_stub}
  0x0000024518166874: ffff ff48 | bb00 0000 | 0000 0000 

  0x0000024518166880: ;   {runtime_call nmethod}
  0x0000024518166880: 00e9 fbff 

  0x0000024518166884: ;   {static_stub}
  0x0000024518166884: ffff 48bb | 0000 0000 | 0000 0000 

  0x0000024518166890: ;   {runtime_call nmethod}
  0x0000024518166890: e9fb ffff 

  0x0000024518166894: ;   {static_stub}
  0x0000024518166894: ff48 bb00 | 0000 0000 

  0x000002451816689c: ;   {runtime_call nmethod}
  0x000002451816689c: 0000 00e9 | fbff ffff 

  0x00000245181668a4: ;   {static_stub}
  0x00000245181668a4: 48bb 0000 | 0000 0000 

  0x00000245181668ac: ;   {runtime_call nmethod}
  0x00000245181668ac: 0000 e9fb 

  0x00000245181668b0: ;   {runtime_call ExceptionBlob}
  0x00000245181668b0: ffff ffe9 | c8cb 8aff 
[Deopt Handler Code]
  0x00000245181668b8: e800 0000 | 0048 832c 

  0x00000245181668c0: ;   {runtime_call DeoptimizationBlob}
  0x00000245181668c0: 2405 e959 | de7e fff4 
[/MachCode]


---------------  P R O C E S S  ---------------

Threads class SMR info:
_java_thread_list=0x000002456f273f60, length=35, elements={
0x000002450d1c0b40, 0x0000024566023d00, 0x0000024566024910, 0x00000245660278c0,
0x0000024566028580, 0x0000024566029390, 0x000002456602bff0, 0x0000024566029df0,
0x000002456602a890, 0x00000245662d6520, 0x0000024566343170, 0x000002456b2d4450,
0x000002456b4ecb90, 0x000002456be93b00, 0x0000024566b49d60, 0x000002456bed1390,
0x000002456bc61440, 0x0000024566420bd0, 0x0000024566422610, 0x0000024566424050,
0x00000245664239c0, 0x0000024566422ca0, 0x0000024566421f80, 0x00000245664218f0,
0x000002456df64fb0, 0x000002456df65640, 0x000002456df67da0, 0x000002456df65cd0,
0x000002456df66360, 0x000002456df64920, 0x000002456df669f0, 0x000002456df67080,
0x000002456df67710, 0x0000024566421260, 0x000002456c722330
}

Java Threads: ( => current thread )
  0x000002450d1c0b40 JavaThread "main"                              [_thread_blocked, id=9004, stack(0x0000007e0d400000,0x0000007e0d500000) (1024K)]
  0x0000024566023d00 JavaThread "Reference Handler"          daemon [_thread_blocked, id=27408, stack(0x0000007e0dc00000,0x0000007e0dd00000) (1024K)]
  0x0000024566024910 JavaThread "Finalizer"                  daemon [_thread_blocked, id=3492, stack(0x0000007e0dd00000,0x0000007e0de00000) (1024K)]
  0x00000245660278c0 JavaThread "Signal Dispatcher"          daemon [_thread_blocked, id=12532, stack(0x0000007e0de00000,0x0000007e0df00000) (1024K)]
  0x0000024566028580 JavaThread "Attach Listener"            daemon [_thread_blocked, id=9580, stack(0x0000007e0df00000,0x0000007e0e000000) (1024K)]
  0x0000024566029390 JavaThread "Service Thread"             daemon [_thread_blocked, id=25132, stack(0x0000007e0e000000,0x0000007e0e100000) (1024K)]
  0x000002456602bff0 JavaThread "Monitor Deflation Thread"   daemon [_thread_blocked, id=26488, stack(0x0000007e0e100000,0x0000007e0e200000) (1024K)]
  0x0000024566029df0 JavaThread "C2 CompilerThread0"         daemon [_thread_blocked, id=30408, stack(0x0000007e0e200000,0x0000007e0e300000) (1024K)]
  0x000002456602a890 JavaThread "C1 CompilerThread0"         daemon [_thread_blocked, id=30468, stack(0x0000007e0e300000,0x0000007e0e400000) (1024K)]
  0x00000245662d6520 JavaThread "Common-Cleaner"             daemon [_thread_blocked, id=28944, stack(0x0000007e0e400000,0x0000007e0e500000) (1024K)]
  0x0000024566343170 JavaThread "Notification Thread"        daemon [_thread_blocked, id=4504, stack(0x0000007e0e500000,0x0000007e0e600000) (1024K)]
  0x000002456b2d4450 JavaThread "Daemon health stats"               [_thread_blocked, id=31932, stack(0x0000007e0d100000,0x0000007e0d200000) (1024K)]
  0x000002456b4ecb90 JavaThread "Incoming local TCP Connector on port 64560"        [_thread_in_native, id=29772, stack(0x0000007e0e600000,0x0000007e0e700000) (1024K)]
  0x000002456be93b00 JavaThread "Daemon periodic checks"            [_thread_blocked, id=3448, stack(0x0000007e0ec00000,0x0000007e0ed00000) (1024K)]
  0x0000024566b49d60 JavaThread "Daemon"                            [_thread_blocked, id=4524, stack(0x0000007e0ed00000,0x0000007e0ee00000) (1024K)]
  0x000002456bed1390 JavaThread "Handler for socket connection from /127.0.0.1:64560 to /127.0.0.1:64565"        [_thread_in_native, id=30076, stack(0x0000007e0ee00000,0x0000007e0ef00000) (1024K)]
  0x000002456bc61440 JavaThread "Cancel handler"                    [_thread_blocked, id=30728, stack(0x0000007e0ef00000,0x0000007e0f000000) (1024K)]
=>0x0000024566420bd0 JavaThread "Daemon worker"                     [_thread_in_vm, id=30724, stack(0x0000007e0f000000,0x0000007e0f100000) (1024K)]
  0x0000024566422610 JavaThread "Asynchronous log dispatcher for DefaultDaemonConnection: socket connection from /127.0.0.1:64560 to /127.0.0.1:64565"        [_thread_blocked, id=33496, stack(0x0000007e0f100000,0x0000007e0f200000) (1024K)]
  0x0000024566424050 JavaThread "Stdin handler"                     [_thread_blocked, id=34480, stack(0x0000007e0f200000,0x0000007e0f300000) (1024K)]
  0x00000245664239c0 JavaThread "Daemon client event forwarder"        [_thread_blocked, id=3324, stack(0x0000007e0f300000,0x0000007e0f400000) (1024K)]
  0x0000024566422ca0 JavaThread "Cache worker for journal cache (C:\Users\KUNAL\.gradle\caches\journal-1)"        [_thread_blocked, id=35944, stack(0x0000007e0f400000,0x0000007e0f500000) (1024K)]
  0x0000024566421f80 JavaThread "File lock request listener"        [_thread_in_native, id=35952, stack(0x0000007e0f500000,0x0000007e0f600000) (1024K)]
  0x00000245664218f0 JavaThread "Cache worker for file hash cache (C:\Users\KUNAL\.gradle\caches\8.9\fileHashes)"        [_thread_blocked, id=36148, stack(0x0000007e0f700000,0x0000007e0f800000) (1024K)]
  0x000002456df64fb0 JavaThread "Cache worker for file hash cache (D:\Projects\KnowItAll\.gradle\8.9\fileHashes)"        [_thread_blocked, id=28444, stack(0x0000007e0fe00000,0x0000007e0ff00000) (1024K)]
  0x000002456df65640 JavaThread "Cache worker for Build Output Cleanup Cache (D:\Projects\KnowItAll\.gradle\buildOutputCleanup)"        [_thread_blocked, id=12000, stack(0x0000007e0ff00000,0x0000007e10000000) (1024K)]
  0x000002456df67da0 JavaThread "File watcher server"        daemon [_thread_in_native, id=36828, stack(0x0000007e10000000,0x0000007e10100000) (1024K)]
  0x000002456df65cd0 JavaThread "File watcher consumer"      daemon [_thread_blocked, id=29788, stack(0x0000007e10100000,0x0000007e10200000) (1024K)]
  0x000002456df66360 JavaThread "Cache worker for checksums cache (D:\Projects\KnowItAll\.gradle\8.9\checksums)"        [_thread_blocked, id=36240, stack(0x0000007e10200000,0x0000007e10300000) (1024K)]
  0x000002456df64920 JavaThread "Cache worker for file content cache (C:\Users\KUNAL\.gradle\caches\8.9\fileContent)"        [_thread_blocked, id=15780, stack(0x0000007e10300000,0x0000007e10400000) (1024K)]
  0x000002456df669f0 JavaThread "Cache worker for cache directory md-rule (C:\Users\KUNAL\.gradle\caches\8.9\md-rule)"        [_thread_blocked, id=3372, stack(0x0000007e10400000,0x0000007e10500000) (1024K)]
  0x000002456df67080 JavaThread "Cache worker for cache directory md-supplier (C:\Users\KUNAL\.gradle\caches\8.9\md-supplier)"        [_thread_blocked, id=32020, stack(0x0000007e10500000,0x0000007e10600000) (1024K)]
  0x000002456df67710 JavaThread "jar transforms"                    [_thread_blocked, id=37868, stack(0x0000007e0d200000,0x0000007e0d300000) (1024K)]
  0x0000024566421260 JavaThread "File lock release action executor Thread 2"        [_thread_blocked, id=45672, stack(0x0000007e0d300000,0x0000007e0d400000) (1024K)]
  0x000002456c722330 JavaThread "jar transforms Thread 2"           [_thread_blocked, id=45692, stack(0x0000007e0f600000,0x0000007e0f700000) (1024K)]
Total: 35

Other Threads:
  0x0000024566008220 VMThread "VM Thread"                           [id=30280, stack(0x0000007e0db00000,0x0000007e0dc00000) (1024K)] _threads_hazard_ptr=0x000002456f273f60
  0x0000024524dc7b00 WatcherThread "VM Periodic Task Thread"        [id=15892, stack(0x0000007e0da00000,0x0000007e0db00000) (1024K)]
  0x000002450d218320 WorkerThread "GC Thread#0"                     [id=12304, stack(0x0000007e0d500000,0x0000007e0d600000) (1024K)]
  0x0000024566379860 WorkerThread "GC Thread#1"                     [id=31944, stack(0x0000007e0e700000,0x0000007e0e800000) (1024K)]
  0x00000245665ee460 WorkerThread "GC Thread#2"                     [id=31948, stack(0x0000007e0e800000,0x0000007e0e900000) (1024K)]
  0x0000024566987890 WorkerThread "GC Thread#3"                     [id=31952, stack(0x0000007e0e900000,0x0000007e0ea00000) (1024K)]
  0x0000024566754870 WorkerThread "GC Thread#4"                     [id=31956, stack(0x0000007e0ea00000,0x0000007e0eb00000) (1024K)]
  0x0000024566987c40 WorkerThread "GC Thread#5"                     [id=31960, stack(0x0000007e0eb00000,0x0000007e0ec00000) (1024K)]
  0x000002456bfbd490 WorkerThread "GC Thread#6"                     [id=32032, stack(0x0000007e0f800000,0x0000007e0f900000) (1024K)]
  0x000002456d039910 WorkerThread "GC Thread#7"                     [id=31936, stack(0x0000007e0f900000,0x0000007e0fa00000) (1024K)]
  0x000002456d03b690 WorkerThread "GC Thread#8"                     [id=29584, stack(0x0000007e0fa00000,0x0000007e0fb00000) (1024K)]
  0x000002456d03ccb0 WorkerThread "GC Thread#9"                     [id=24876, stack(0x0000007e0fb00000,0x0000007e0fc00000) (1024K)]
  0x000002450d229120 ConcurrentGCThread "G1 Main Marker"            [id=1660, stack(0x0000007e0d600000,0x0000007e0d700000) (1024K)]
  0x000002450d229a40 WorkerThread "G1 Conc#0"                       [id=18220, stack(0x0000007e0d700000,0x0000007e0d800000) (1024K)]
  0x000002456d039cc0 WorkerThread "G1 Conc#1"                       [id=31916, stack(0x0000007e0fc00000,0x0000007e0fd00000) (1024K)]
  0x000002456d03c1a0 WorkerThread "G1 Conc#2"                       [id=32012, stack(0x0000007e0fd00000,0x0000007e0fe00000) (1024K)]
  0x0000024524c942a0 ConcurrentGCThread "G1 Refine#0"               [id=19032, stack(0x0000007e0d800000,0x0000007e0d900000) (1024K)]
  0x0000024524c94ad0 ConcurrentGCThread "G1 Service"                [id=23988, stack(0x0000007e0d900000,0x0000007e0da00000) (1024K)]
Total: 18

Threads with active compile tasks:
Total: 0

VM state: synchronizing (normal execution)

VM Mutex/Monitor currently owned by a thread:  ([mutex/lock_event])
[0x00007ffa6da4d530] Metaspace_lock - owner thread: 0x0000024566420bd0
[0x00007ffa6da4f5b0] Threads_lock - owner thread: 0x0000024566008220

Heap address: 0x0000000080000000, size: 2048 MB, Compressed Oops mode: 32-bit

CDS archive(s) mapped at: [0x0000024525000000-0x0000024525ba0000-0x0000024525ba0000), size 12189696, SharedBaseAddress: 0x0000024525000000, ArchiveRelocationMode: 1.
Compressed class space mapped at: 0x0000024526000000-0x0000024566000000, reserved size: 1073741824
Narrow klass base: 0x0000024525000000, Narrow klass shift: 0, Narrow klass range: 0x100000000

GC Precious Log:
 CardTable entry size: 512
 Card Set container configuration: InlinePtr #cards 5 size 8 Array Of Cards #cards 12 size 40 Howl #buckets 4 coarsen threshold 1843 Howl Bitmap #cards 512 size 80 coarsen threshold 460 Card regions per heap region 1 cards per card region 2048
 CPUs: 12 total, 12 available
 Memory: 16056M
 Large Page Support: Disabled
 NUMA Support: Disabled
 Compressed Oops: Enabled (32-bit)
 Heap Region Size: 1M
 Heap Min Capacity: 8M
 Heap Initial Capacity: 252M
 Heap Max Capacity: 2G
 Pre-touch: Disabled
 Parallel Workers: 10
 Concurrent Workers: 3
 Concurrent Refinement Workers: 10
 Periodic GC: Disabled

Heap:
 garbage-first heap   total 106496K, used 42984K [0x0000000080000000, 0x0000000100000000)
  region size 1024K, 13 young (13312K), 6 survivors (6144K)
 Metaspace       used 46153K, committed 47680K, reserved 1114112K
  class space    used 6597K, committed 7360K, reserved 1048576K

Heap Regions: E=young(eden), S=young(survivor), O=old, HS=humongous(starts), HC=humongous(continues), CS=collection set, F=free, TAMS=top-at-mark-start, PB=parsable bottom
|   0|0x0000000080000000, 0x0000000080100000, 0x0000000080100000|100%|HS|  |TAMS 0x0000000080000000| PB 0x0000000080000000| Complete 
|   1|0x0000000080100000, 0x0000000080200000, 0x0000000080200000|100%|HC|  |TAMS 0x0000000080100000| PB 0x0000000080100000| Complete 
|   2|0x0000000080200000, 0x0000000080300000, 0x0000000080300000|100%|HC|  |TAMS 0x0000000080200000| PB 0x0000000080200000| Complete 
|   3|0x0000000080300000, 0x0000000080400000, 0x0000000080400000|100%|HC|  |TAMS 0x0000000080300000| PB 0x0000000080300000| Complete 
|   4|0x0000000080400000, 0x0000000080500000, 0x0000000080500000|100%| O|  |TAMS 0x0000000080400000| PB 0x0000000080400000| Untracked 
|   5|0x0000000080500000, 0x0000000080600000, 0x0000000080600000|100%| O|  |TAMS 0x0000000080500000| PB 0x0000000080500000| Untracked 
|   6|0x0000000080600000, 0x0000000080700000, 0x0000000080700000|100%| O|  |TAMS 0x0000000080600000| PB 0x0000000080600000| Untracked 
|   7|0x0000000080700000, 0x0000000080800000, 0x0000000080800000|100%| O|  |TAMS 0x0000000080700000| PB 0x0000000080700000| Untracked 
|   8|0x0000000080800000, 0x0000000080900000, 0x0000000080900000|100%| O|  |TAMS 0x0000000080800000| PB 0x0000000080800000| Untracked 
|   9|0x0000000080900000, 0x0000000080a00000, 0x0000000080a00000|100%| O|  |TAMS 0x0000000080900000| PB 0x0000000080900000| Untracked 
|  10|0x0000000080a00000, 0x0000000080b00000, 0x0000000080b00000|100%| O|  |TAMS 0x0000000080a00000| PB 0x0000000080a00000| Untracked 
|  11|0x0000000080b00000, 0x0000000080c00000, 0x0000000080c00000|100%|HS|  |TAMS 0x0000000080b00000| PB 0x0000000080b00000| Complete 
|  12|0x0000000080c00000, 0x0000000080d00000, 0x0000000080d00000|100%| O|  |TAMS 0x0000000080c00000| PB 0x0000000080c00000| Untracked 
|  13|0x0000000080d00000, 0x0000000080e00000, 0x0000000080e00000|100%| O|  |TAMS 0x0000000080d00000| PB 0x0000000080d00000| Untracked 
|  14|0x0000000080e00000, 0x0000000080f00000, 0x0000000080f00000|100%| O|  |TAMS 0x0000000080e00000| PB 0x0000000080e00000| Untracked 
|  15|0x0000000080f00000, 0x0000000080f00000, 0x0000000081000000|  0%| F|  |TAMS 0x0000000080f00000| PB 0x0000000080f00000| Untracked 
|  16|0x0000000081000000, 0x0000000081000000, 0x0000000081100000|  0%| F|  |TAMS 0x0000000081000000| PB 0x0000000081000000| Untracked 
|  17|0x0000000081100000, 0x0000000081200000, 0x0000000081200000|100%| O|  |TAMS 0x0000000081100000| PB 0x0000000081100000| Untracked 
|  18|0x0000000081200000, 0x0000000081300000, 0x0000000081300000|100%| O|  |TAMS 0x0000000081200000| PB 0x0000000081200000| Untracked 
|  19|0x0000000081300000, 0x0000000081400000, 0x0000000081400000|100%| O|  |TAMS 0x0000000081300000| PB 0x0000000081300000| Untracked 
|  20|0x0000000081400000, 0x0000000081455fe0, 0x0000000081500000| 33%| O|  |TAMS 0x0000000081400000| PB 0x0000000081400000| Untracked 
|  21|0x0000000081500000, 0x0000000081500000, 0x0000000081600000|  0%| F|  |TAMS 0x0000000081500000| PB 0x0000000081500000| Untracked 
|  22|0x0000000081600000, 0x0000000081600000, 0x0000000081700000|  0%| F|  |TAMS 0x0000000081600000| PB 0x0000000081600000| Untracked 
|  23|0x0000000081700000, 0x0000000081700000, 0x0000000081800000|  0%| F|  |TAMS 0x0000000081700000| PB 0x0000000081700000| Untracked 
|  24|0x0000000081800000, 0x0000000081800000, 0x0000000081900000|  0%| F|  |TAMS 0x0000000081800000| PB 0x0000000081800000| Untracked 
|  25|0x0000000081900000, 0x0000000081900000, 0x0000000081a00000|  0%| F|  |TAMS 0x0000000081900000| PB 0x0000000081900000| Untracked 
|  26|0x0000000081a00000, 0x0000000081a00000, 0x0000000081b00000|  0%| F|  |TAMS 0x0000000081a00000| PB 0x0000000081a00000| Untracked 
|  27|0x0000000081b00000, 0x0000000081b00000, 0x0000000081c00000|  0%| F|  |TAMS 0x0000000081b00000| PB 0x0000000081b00000| Untracked 
|  28|0x0000000081c00000, 0x0000000081c00000, 0x0000000081d00000|  0%| F|  |TAMS 0x0000000081c00000| PB 0x0000000081c00000| Untracked 
|  29|0x0000000081d00000, 0x0000000081d00000, 0x0000000081e00000|  0%| F|  |TAMS 0x0000000081d00000| PB 0x0000000081d00000| Untracked 
|  30|0x0000000081e00000, 0x0000000081e00000, 0x0000000081f00000|  0%| F|  |TAMS 0x0000000081e00000| PB 0x0000000081e00000| Untracked 
|  31|0x0000000081f00000, 0x0000000081fa40a0, 0x0000000082000000| 64%| S|CS|TAMS 0x0000000081f00000| PB 0x0000000081f00000| Complete 
|  32|0x0000000082000000, 0x0000000082100000, 0x0000000082100000|100%| S|CS|TAMS 0x0000000082000000| PB 0x0000000082000000| Complete 
|  33|0x0000000082100000, 0x0000000082200000, 0x0000000082200000|100%| S|CS|TAMS 0x0000000082100000| PB 0x0000000082100000| Complete 
|  34|0x0000000082200000, 0x0000000082300000, 0x0000000082300000|100%| S|CS|TAMS 0x0000000082200000| PB 0x0000000082200000| Complete 
|  35|0x0000000082300000, 0x0000000082400000, 0x0000000082400000|100%| S|CS|TAMS 0x0000000082300000| PB 0x0000000082300000| Complete 
|  36|0x0000000082400000, 0x0000000082500000, 0x0000000082500000|100%| S|CS|TAMS 0x0000000082400000| PB 0x0000000082400000| Complete 
|  37|0x0000000082500000, 0x0000000082500000, 0x0000000082600000|  0%| F|  |TAMS 0x0000000082500000| PB 0x0000000082500000| Untracked 
|  38|0x0000000082600000, 0x0000000082600000, 0x0000000082700000|  0%| F|  |TAMS 0x0000000082600000| PB 0x0000000082600000| Untracked 
|  39|0x0000000082700000, 0x0000000082700000, 0x0000000082800000|  0%| F|  |TAMS 0x0000000082700000| PB 0x0000000082700000| Untracked 
|  40|0x0000000082800000, 0x0000000082800000, 0x0000000082900000|  0%| F|  |TAMS 0x0000000082800000| PB 0x0000000082800000| Untracked 
|  41|0x0000000082900000, 0x0000000082900000, 0x0000000082a00000|  0%| F|  |TAMS 0x0000000082900000| PB 0x0000000082900000| Untracked 
|  42|0x0000000082a00000, 0x0000000082a00000, 0x0000000082b00000|  0%| F|  |TAMS 0x0000000082a00000| PB 0x0000000082a00000| Untracked 
|  43|0x0000000082b00000, 0x0000000082b00000, 0x0000000082c00000|  0%| F|  |TAMS 0x0000000082b00000| PB 0x0000000082b00000| Untracked 
|  44|0x0000000082c00000, 0x0000000082c00000, 0x0000000082d00000|  0%| F|  |TAMS 0x0000000082c00000| PB 0x0000000082c00000| Untracked 
|  45|0x0000000082d00000, 0x0000000082d00000, 0x0000000082e00000|  0%| F|  |TAMS 0x0000000082d00000| PB 0x0000000082d00000| Untracked 
|  46|0x0000000082e00000, 0x0000000082e00000, 0x0000000082f00000|  0%| F|  |TAMS 0x0000000082e00000| PB 0x0000000082e00000| Untracked 
|  47|0x0000000082f00000, 0x0000000082f00000, 0x0000000083000000|  0%| F|  |TAMS 0x0000000082f00000| PB 0x0000000082f00000| Untracked 
|  48|0x0000000083000000, 0x0000000083000000, 0x0000000083100000|  0%| F|  |TAMS 0x0000000083000000| PB 0x0000000083000000| Untracked 
|  49|0x0000000083100000, 0x0000000083100000, 0x0000000083200000|  0%| F|  |TAMS 0x0000000083100000| PB 0x0000000083100000| Untracked 
|  50|0x0000000083200000, 0x0000000083200000, 0x0000000083300000|  0%| F|  |TAMS 0x0000000083200000| PB 0x0000000083200000| Untracked 
|  51|0x0000000083300000, 0x0000000083300000, 0x0000000083400000|  0%| F|  |TAMS 0x0000000083300000| PB 0x0000000083300000| Untracked 
|  52|0x0000000083400000, 0x0000000083400000, 0x0000000083500000|  0%| F|  |TAMS 0x0000000083400000| PB 0x0000000083400000| Untracked 
|  53|0x0000000083500000, 0x0000000083500000, 0x0000000083600000|  0%| F|  |TAMS 0x0000000083500000| PB 0x0000000083500000| Untracked 
|  54|0x0000000083600000, 0x0000000083600000, 0x0000000083700000|  0%| F|  |TAMS 0x0000000083600000| PB 0x0000000083600000| Untracked 
|  55|0x0000000083700000, 0x0000000083700000, 0x0000000083800000|  0%| F|  |TAMS 0x0000000083700000| PB 0x0000000083700000| Untracked 
|  56|0x0000000083800000, 0x0000000083800000, 0x0000000083900000|  0%| F|  |TAMS 0x0000000083800000| PB 0x0000000083800000| Untracked 
|  57|0x0000000083900000, 0x0000000083900000, 0x0000000083a00000|  0%| F|  |TAMS 0x0000000083900000| PB 0x0000000083900000| Untracked 
|  58|0x0000000083a00000, 0x0000000083a00000, 0x0000000083b00000|  0%| F|  |TAMS 0x0000000083a00000| PB 0x0000000083a00000| Untracked 
|  59|0x0000000083b00000, 0x0000000083b00000, 0x0000000083c00000|  0%| F|  |TAMS 0x0000000083b00000| PB 0x0000000083b00000| Untracked 
|  60|0x0000000083c00000, 0x0000000083c00000, 0x0000000083d00000|  0%| F|  |TAMS 0x0000000083c00000| PB 0x0000000083c00000| Untracked 
|  61|0x0000000083d00000, 0x0000000083d00000, 0x0000000083e00000|  0%| F|  |TAMS 0x0000000083d00000| PB 0x0000000083d00000| Untracked 
|  62|0x0000000083e00000, 0x0000000083e00000, 0x0000000083f00000|  0%| F|  |TAMS 0x0000000083e00000| PB 0x0000000083e00000| Untracked 
|  63|0x0000000083f00000, 0x0000000083f00000, 0x0000000084000000|  0%| F|  |TAMS 0x0000000083f00000| PB 0x0000000083f00000| Untracked 
|  64|0x0000000084000000, 0x0000000084000000, 0x0000000084100000|  0%| F|  |TAMS 0x0000000084000000| PB 0x0000000084000000| Untracked 
|  65|0x0000000084100000, 0x0000000084100000, 0x0000000084200000|  0%| F|  |TAMS 0x0000000084100000| PB 0x0000000084100000| Untracked 
|  66|0x0000000084200000, 0x0000000084200000, 0x0000000084300000|  0%| F|  |TAMS 0x0000000084200000| PB 0x0000000084200000| Untracked 
|  67|0x0000000084300000, 0x0000000084300000, 0x0000000084400000|  0%| F|  |TAMS 0x0000000084300000| PB 0x0000000084300000| Untracked 
|  68|0x0000000084400000, 0x0000000084400000, 0x0000000084500000|  0%| F|  |TAMS 0x0000000084400000| PB 0x0000000084400000| Untracked 
|  69|0x0000000084500000, 0x0000000084500000, 0x0000000084600000|  0%| F|  |TAMS 0x0000000084500000| PB 0x0000000084500000| Untracked 
|  70|0x0000000084600000, 0x0000000084600000, 0x0000000084700000|  0%| F|  |TAMS 0x0000000084600000| PB 0x0000000084600000| Untracked 
|  71|0x0000000084700000, 0x0000000084700000, 0x0000000084800000|  0%| F|  |TAMS 0x0000000084700000| PB 0x0000000084700000| Untracked 
|  72|0x0000000084800000, 0x0000000084800000, 0x0000000084900000|  0%| F|  |TAMS 0x0000000084800000| PB 0x0000000084800000| Untracked 
|  73|0x0000000084900000, 0x0000000084900000, 0x0000000084a00000|  0%| F|  |TAMS 0x0000000084900000| PB 0x0000000084900000| Untracked 
|  74|0x0000000084a00000, 0x0000000084a00000, 0x0000000084b00000|  0%| F|  |TAMS 0x0000000084a00000| PB 0x0000000084a00000| Untracked 
|  75|0x0000000084b00000, 0x0000000084b00000, 0x0000000084c00000|  0%| F|  |TAMS 0x0000000084b00000| PB 0x0000000084b00000| Untracked 
| 108|0x0000000086c00000, 0x0000000086c00000, 0x0000000086d00000|  0%| F|  |TAMS 0x0000000086c00000| PB 0x0000000086c00000| Untracked 
| 109|0x0000000086d00000, 0x0000000086d00000, 0x0000000086e00000|  0%| F|  |TAMS 0x0000000086d00000| PB 0x0000000086d00000| Untracked 
| 110|0x0000000086e00000, 0x0000000086e00000, 0x0000000086f00000|  0%| F|  |TAMS 0x0000000086e00000| PB 0x0000000086e00000| Untracked 
| 111|0x0000000086f00000, 0x0000000086f00000, 0x0000000087000000|  0%| F|  |TAMS 0x0000000086f00000| PB 0x0000000086f00000| Untracked 
| 112|0x0000000087000000, 0x0000000087000000, 0x0000000087100000|  0%| F|  |TAMS 0x0000000087000000| PB 0x0000000087000000| Untracked 
| 113|0x0000000087100000, 0x0000000087100000, 0x0000000087200000|  0%| F|  |TAMS 0x0000000087100000| PB 0x0000000087100000| Untracked 
| 114|0x0000000087200000, 0x0000000087200000, 0x0000000087300000|  0%| F|  |TAMS 0x0000000087200000| PB 0x0000000087200000| Untracked 
| 115|0x0000000087300000, 0x0000000087300000, 0x0000000087400000|  0%| F|  |TAMS 0x0000000087300000| PB 0x0000000087300000| Untracked 
| 116|0x0000000087400000, 0x0000000087400000, 0x0000000087500000|  0%| F|  |TAMS 0x0000000087400000| PB 0x0000000087400000| Untracked 
| 117|0x0000000087500000, 0x0000000087596990, 0x0000000087600000| 58%| E|  |TAMS 0x0000000087500000| PB 0x0000000087500000| Complete 
| 118|0x0000000087600000, 0x0000000087700000, 0x0000000087700000|100%| E|CS|TAMS 0x0000000087600000| PB 0x0000000087600000| Complete 
| 119|0x0000000087700000, 0x0000000087800000, 0x0000000087800000|100%| E|CS|TAMS 0x0000000087700000| PB 0x0000000087700000| Complete 
| 120|0x0000000087800000, 0x0000000087900000, 0x0000000087900000|100%| E|CS|TAMS 0x0000000087800000| PB 0x0000000087800000| Complete 
| 121|0x0000000087900000, 0x0000000087a00000, 0x0000000087a00000|100%| E|CS|TAMS 0x0000000087900000| PB 0x0000000087900000| Complete 
| 251|0x000000008fb00000, 0x000000008fc00000, 0x000000008fc00000|100%| E|CS|TAMS 0x000000008fb00000| PB 0x000000008fb00000| Complete 
|2035|0x00000000ff300000, 0x00000000ff400000, 0x00000000ff400000|100%| E|CS|TAMS 0x00000000ff300000| PB 0x00000000ff300000| Complete 
|2036|0x00000000ff400000, 0x00000000ff500000, 0x00000000ff500000|100%| O|  |TAMS 0x00000000ff400000| PB 0x00000000ff400000| Untracked 
|2037|0x00000000ff500000, 0x00000000ff600000, 0x00000000ff600000|100%| O|  |TAMS 0x00000000ff500000| PB 0x00000000ff500000| Untracked 
|2038|0x00000000ff600000, 0x00000000ff700000, 0x00000000ff700000|100%| O|  |TAMS 0x00000000ff600000| PB 0x00000000ff600000| Untracked 
|2039|0x00000000ff700000, 0x00000000ff800000, 0x00000000ff800000|100%| O|  |TAMS 0x00000000ff700000| PB 0x00000000ff700000| Untracked 
|2040|0x00000000ff800000, 0x00000000ff900000, 0x00000000ff900000|100%| O|  |TAMS 0x00000000ff800000| PB 0x00000000ff800000| Untracked 
|2041|0x00000000ff900000, 0x00000000ffa00000, 0x00000000ffa00000|100%| O|  |TAMS 0x00000000ff900000| PB 0x00000000ff900000| Untracked 
|2042|0x00000000ffa00000, 0x00000000ffb00000, 0x00000000ffb00000|100%| O|  |TAMS 0x00000000ffa00000| PB 0x00000000ffa00000| Untracked 
|2043|0x00000000ffb00000, 0x00000000ffc00000, 0x00000000ffc00000|100%| O|  |TAMS 0x00000000ffb00000| PB 0x00000000ffb00000| Untracked 
|2044|0x00000000ffc00000, 0x00000000ffd00000, 0x00000000ffd00000|100%| O|  |TAMS 0x00000000ffc00000| PB 0x00000000ffc00000| Untracked 
|2045|0x00000000ffd00000, 0x00000000ffe00000, 0x00000000ffe00000|100%| O|  |TAMS 0x00000000ffd00000| PB 0x00000000ffd00000| Untracked 
|2046|0x00000000ffe00000, 0x00000000fff00000, 0x00000000fff00000|100%| O|  |TAMS 0x00000000ffe00000| PB 0x00000000ffe00000| Untracked 
|2047|0x00000000fff00000, 0x0000000100000000, 0x0000000100000000|100%| O|  |TAMS 0x00000000fff00000| PB 0x00000000fff00000| Untracked 

Card table byte_map: [0x000002451fd20000,0x0000024520120000] _byte_map_base: 0x000002451f920000

Marking Bits: (CMBitMap*) 0x000002450d218840
 Bits: [0x0000024520120000, 0x0000024522120000)

Polling page: 0x000002450b1b0000

Metaspace:

Usage:
  Non-class:     38.63 MB used.
      Class:      6.44 MB used.
       Both:     45.07 MB used.

Virtual space:
  Non-class space:       64.00 MB reserved,      39.38 MB ( 62%) committed,  1 nodes.
      Class space:        1.00 GB reserved,       7.19 MB ( <1%) committed,  1 nodes.
             Both:        1.06 GB reserved,      46.56 MB (  4%) committed. 

Chunk freelists:
   Non-Class:  7.92 MB
       Class:  8.67 MB
        Both:  16.59 MB

MaxMetaspaceSize: unlimited
CompressedClassSpaceSize: 1.00 GB
Initial GC threshold: 21.00 MB
Current GC threshold: 59.50 MB
CDS: on
 - commit_granule_bytes: 65536.
 - commit_granule_words: 8192.
 - virtual_space_node_default_size: 8388608.
 - enlarge_chunks_in_place: 1.
 - use_allocation_guard: 0.


Internal statistics:

num_allocs_failed_limit: 9.
num_arena_births: 2748.
num_arena_deaths: 0.
num_vsnodes_births: 2.
num_vsnodes_deaths: 0.
num_space_committed: 745.
num_space_uncommitted: 0.
num_chunks_returned_to_freelist: 9.
num_chunks_taken_from_freelist: 4855.
num_chunk_merges: 9.
num_chunk_splits: 3182.
num_chunks_enlarged: 1985.
num_inconsistent_stats: 0.

CodeHeap 'non-profiled nmethods': size=120000Kb used=2918Kb max_used=2918Kb free=117081Kb
 bounds [0x0000024517ea0000, 0x0000024518180000, 0x000002451f3d0000]
CodeHeap 'profiled nmethods': size=120000Kb used=9721Kb max_used=9721Kb free=110278Kb
 bounds [0x00000245103d0000, 0x0000024510d50000, 0x0000024517900000]
CodeHeap 'non-nmethods': size=5760Kb used=2584Kb max_used=2611Kb free=3175Kb
 bounds [0x0000024517900000, 0x0000024517ba0000, 0x0000024517ea0000]
CodeCache: size=245760Kb, used=15223Kb, max_used=15250Kb, free=230534Kb
 total_blobs=5869, nmethods=5016, adapters=757, full_count=0
Compilation: enabled, stopped_count=0, restarted_count=0

Compilation events (20 events):
Event: 301.076 Thread 0x000002456602a890 5498       3       kotlin.LazyKt__LazyJVMKt::lazy (102 bytes)
Event: 301.079 Thread 0x000002456602a890 nmethod 5498 0x0000024510d49e10 code [0x0000024510d4a220, 0x0000024510d4bc68]
Event: 301.079 Thread 0x000002456602a890 5499       3       kotlin.SafePublicationLazyImpl::<init> (30 bytes)
Event: 301.079 Thread 0x000002456602a890 nmethod 5499 0x0000024510d4c510 code [0x0000024510d4c740, 0x0000024510d4ce80]
Event: 301.134 Thread 0x0000024566029df0 5500       4       kotlin.jvm.internal.Intrinsics::checkNotNullParameter (9 bytes)
Event: 301.134 Thread 0x0000024566029df0 nmethod 5500 0x0000024518177110 code [0x00000245181772a0, 0x0000024518177328]
Event: 301.137 Thread 0x000002456602a890 5501       3       kotlin.reflect.jvm.internal.impl.renderer.DescriptorRendererOptionsImpl::property (20 bytes)
Event: 301.138 Thread 0x000002456602a890 nmethod 5501 0x0000024510d4d110 code [0x0000024510d4d2c0, 0x0000024510d4d5f8]
Event: 301.138 Thread 0x000002456602a890 5502       3       kotlin.reflect.jvm.internal.impl.renderer.DescriptorRendererOptionsImpl$property$$inlined$vetoable$1::<init> (11 bytes)
Event: 301.138 Thread 0x000002456602a890 nmethod 5502 0x0000024510d4d710 code [0x0000024510d4d8c0, 0x0000024510d4db40]
Event: 301.330 Thread 0x0000024566029df0 5503  s    4       java.util.jar.JarFile::getInputStream (88 bytes)
Event: 301.330 Thread 0x000002456602a890 5504       3       jdk.internal.jimage.BasicImageReader::verifyLocation (39 bytes)
Event: 301.331 Thread 0x000002456602a890 nmethod 5504 0x0000024510d4dc10 code [0x0000024510d4dde0, 0x0000024510d4e0c8]
Event: 301.359 Thread 0x0000024566029df0 nmethod 5503 0x0000024518177410 code [0x0000024518177680, 0x00000245181787a0]
Event: 301.495 Thread 0x0000024566029df0 5505       4       jdk.internal.loader.URLClassPath$JarLoader$2::getInputStream (15 bytes)
Event: 301.496 Thread 0x0000024566029df0 nmethod 5505 0x0000024518179290 code [0x0000024518179420, 0x0000024518179510]
Event: 301.726 Thread 0x000002456602a890 5506       3       kotlin.reflect.jvm.internal.impl.name.FqName::isRoot (8 bytes)
Event: 301.727 Thread 0x000002456602a890 nmethod 5506 0x0000024510d4e210 code [0x0000024510d4e3c0, 0x0000024510d4e600]
Event: 301.731 Thread 0x0000024566029df0 5507       4       jdk.internal.loader.Resource::getByteBuffer (24 bytes)
Event: 301.732 Thread 0x0000024566029df0 nmethod 5507 0x0000024518179610 code [0x00000245181797a0, 0x00000245181798e8]

GC Heap History (16 events):
Event: 11.319 GC heap before
{Heap before GC invocations=0 (full 0):
 garbage-first heap   total 258048K, used 26624K [0x0000000080000000, 0x0000000100000000)
  region size 1024K, 23 young (23552K), 0 survivors (0K)
 Metaspace       used 1120K, committed 1216K, reserved 1114112K
  class space    used 80K, committed 128K, reserved 1048576K
}
Event: 11.635 GC heap after
{Heap after GC invocations=1 (full 0):
 garbage-first heap   total 258048K, used 10194K [0x0000000080000000, 0x0000000100000000)
  region size 1024K, 3 young (3072K), 3 survivors (3072K)
 Metaspace       used 1120K, committed 1216K, reserved 1114112K
  class space    used 80K, committed 128K, reserved 1048576K
}
Event: 31.800 GC heap before
{Heap before GC invocations=1 (full 0):
 garbage-first heap   total 258048K, used 40914K [0x0000000080000000, 0x0000000100000000)
  region size 1024K, 33 young (33792K), 3 survivors (3072K)
 Metaspace       used 4291K, committed 4480K, reserved 1114112K
  class space    used 546K, committed 640K, reserved 1048576K
}
Event: 31.806 GC heap after
{Heap after GC invocations=2 (full 0):
 garbage-first heap   total 258048K, used 12246K [0x0000000080000000, 0x0000000100000000)
  region size 1024K, 2 young (2048K), 2 survivors (2048K)
 Metaspace       used 4291K, committed 4480K, reserved 1114112K
  class space    used 546K, committed 640K, reserved 1048576K
}
Event: 67.212 GC heap before
{Heap before GC invocations=2 (full 0):
 garbage-first heap   total 258048K, used 144342K [0x0000000080000000, 0x0000000100000000)
  region size 1024K, 130 young (133120K), 2 survivors (2048K)
 Metaspace       used 20795K, committed 21504K, reserved 1114112K
  class space    used 3050K, committed 3392K, reserved 1048576K
}
Event: 67.973 GC heap after
{Heap after GC invocations=3 (full 0):
 garbage-first heap   total 258048K, used 25002K [0x0000000080000000, 0x0000000100000000)
  region size 1024K, 14 young (14336K), 14 survivors (14336K)
 Metaspace       used 20795K, committed 21504K, reserved 1114112K
  class space    used 3050K, committed 3392K, reserved 1048576K
}
Event: 74.461 GC heap before
{Heap before GC invocations=4 (full 0):
 garbage-first heap   total 89088K, used 87466K [0x0000000080000000, 0x0000000100000000)
  region size 1024K, 75 young (76800K), 14 survivors (14336K)
 Metaspace       used 28402K, committed 29632K, reserved 1114112K
  class space    used 4334K, committed 4928K, reserved 1048576K
}
Event: 74.478 GC heap after
{Heap after GC invocations=5 (full 0):
 garbage-first heap   total 106496K, used 28769K [0x0000000080000000, 0x0000000100000000)
  region size 1024K, 4 young (4096K), 4 survivors (4096K)
 Metaspace       used 28402K, committed 29632K, reserved 1114112K
  class space    used 4334K, committed 4928K, reserved 1048576K
}
Event: 259.750 GC heap before
{Heap before GC invocations=5 (full 0):
 garbage-first heap   total 106496K, used 76897K [0x0000000080000000, 0x0000000100000000)
  region size 1024K, 53 young (54272K), 4 survivors (4096K)
 Metaspace       used 34772K, committed 35968K, reserved 1114112K
  class space    used 5132K, committed 5696K, reserved 1048576K
}
Event: 259.832 GC heap after
{Heap after GC invocations=6 (full 0):
 garbage-first heap   total 106496K, used 31489K [0x0000000080000000, 0x0000000100000000)
  region size 1024K, 7 young (7168K), 7 survivors (7168K)
 Metaspace       used 34772K, committed 35968K, reserved 1114112K
  class space    used 5132K, committed 5696K, reserved 1048576K
}
Event: 260.338 GC heap before
{Heap before GC invocations=6 (full 0):
 garbage-first heap   total 106496K, used 32513K [0x0000000080000000, 0x0000000100000000)
  region size 1024K, 10 young (10240K), 7 survivors (7168K)
 Metaspace       used 35067K, committed 36288K, reserved 1114112K
  class space    used 5175K, committed 5760K, reserved 1048576K
}
Event: 260.360 GC heap after
{Heap after GC invocations=7 (full 0):
 garbage-first heap   total 106496K, used 32456K [0x0000000080000000, 0x0000000100000000)
  region size 1024K, 4 young (4096K), 4 survivors (4096K)
 Metaspace       used 35067K, committed 36288K, reserved 1114112K
  class space    used 5175K, committed 5760K, reserved 1048576K
}
Event: 270.591 GC heap before
{Heap before GC invocations=8 (full 0):
 garbage-first heap   total 106496K, used 95944K [0x0000000080000000, 0x0000000100000000)
  region size 1024K, 62 young (63488K), 4 survivors (4096K)
 Metaspace       used 38382K, committed 39680K, reserved 1114112K
  class space    used 5519K, committed 6144K, reserved 1048576K
}
Event: 270.694 GC heap after
{Heap after GC invocations=9 (full 0):
 garbage-first heap   total 106496K, used 36060K [0x0000000080000000, 0x0000000100000000)
  region size 1024K, 8 young (8192K), 8 survivors (8192K)
 Metaspace       used 38382K, committed 39680K, reserved 1114112K
  class space    used 5519K, committed 6144K, reserved 1048576K
}
Event: 301.385 GC heap before
{Heap before GC invocations=9 (full 0):
 garbage-first heap   total 106496K, used 92380K [0x0000000080000000, 0x0000000100000000)
  region size 1024K, 62 young (63488K), 8 survivors (8192K)
 Metaspace       used 45192K, committed 46720K, reserved 1114112K
  class space    used 6471K, committed 7232K, reserved 1048576K
}
Event: 301.403 GC heap after
{Heap after GC invocations=10 (full 0):
 garbage-first heap   total 106496K, used 36840K [0x0000000080000000, 0x0000000100000000)
  region size 1024K, 6 young (6144K), 6 survivors (6144K)
 Metaspace       used 45192K, committed 46720K, reserved 1114112K
  class space    used 6471K, committed 7232K, reserved 1048576K
}

Dll operation events (20 events):
Event: 1.067 Attempting to load shared library C:\Users\KUNAL\.vscode\extensions\redhat.java-1.56.0-win32-x64\jre\21.0.12.1-win32-x86_64\bin\nio.dll
Event: 1.070 Loaded shared library C:\Users\KUNAL\.vscode\extensions\redhat.java-1.56.0-win32-x64\jre\21.0.12.1-win32-x86_64\bin\nio.dll
Event: 1.083 Attempting to load shared library C:\Users\KUNAL\.vscode\extensions\redhat.java-1.56.0-win32-x64\jre\21.0.12.1-win32-x86_64\bin\zip.dll
Event: 1.083 Loaded shared library C:\Users\KUNAL\.vscode\extensions\redhat.java-1.56.0-win32-x64\jre\21.0.12.1-win32-x86_64\bin\zip.dll
Event: 10.894 Attempting to load shared library C:\Users\KUNAL\.vscode\extensions\redhat.java-1.56.0-win32-x64\jre\21.0.12.1-win32-x86_64\bin\jimage.dll
Event: 10.894 Loaded shared library C:\Users\KUNAL\.vscode\extensions\redhat.java-1.56.0-win32-x64\jre\21.0.12.1-win32-x86_64\bin\jimage.dll
Event: 11.686 Attempting to load shared library C:\Users\KUNAL\.vscode\extensions\redhat.java-1.56.0-win32-x64\jre\21.0.12.1-win32-x86_64\bin\verify.dll
Event: 11.687 Loaded shared library C:\Users\KUNAL\.vscode\extensions\redhat.java-1.56.0-win32-x64\jre\21.0.12.1-win32-x86_64\bin\verify.dll
Event: 13.607 Attempting to load shared library C:\Users\KUNAL\.gradle\native\c067742578af261105cb4f569cf0c3c89f3d7b1fecec35dd04571415982c5e48\windows-amd64\native-platform.dll
Event: 13.608 Loaded shared library C:\Users\KUNAL\.gradle\native\c067742578af261105cb4f569cf0c3c89f3d7b1fecec35dd04571415982c5e48\windows-amd64\native-platform.dll
Event: 14.468 Attempting to load shared library C:\Users\KUNAL\.gradle\native\100fb08df4bc3b14c8652ba06237920a3bd2aa13389f12d3474272988ae205f9\windows-amd64\native-platform-file-events.dll
Event: 14.469 Loaded shared library C:\Users\KUNAL\.gradle\native\100fb08df4bc3b14c8652ba06237920a3bd2aa13389f12d3474272988ae205f9\windows-amd64\native-platform-file-events.dll
Event: 44.402 Attempting to load shared library C:\Users\KUNAL\.vscode\extensions\redhat.java-1.56.0-win32-x64\jre\21.0.12.1-win32-x86_64\bin\management.dll
Event: 44.402 Loaded shared library C:\Users\KUNAL\.vscode\extensions\redhat.java-1.56.0-win32-x64\jre\21.0.12.1-win32-x86_64\bin\management.dll
Event: 44.406 Attempting to load shared library C:\Users\KUNAL\.vscode\extensions\redhat.java-1.56.0-win32-x64\jre\21.0.12.1-win32-x86_64\bin\management_ext.dll
Event: 44.408 Loaded shared library C:\Users\KUNAL\.vscode\extensions\redhat.java-1.56.0-win32-x64\jre\21.0.12.1-win32-x86_64\bin\management_ext.dll
Event: 50.745 Attempting to load shared library C:\Users\KUNAL\.vscode\extensions\redhat.java-1.56.0-win32-x64\jre\21.0.12.1-win32-x86_64\bin\extnet.dll
Event: 50.753 Loaded shared library C:\Users\KUNAL\.vscode\extensions\redhat.java-1.56.0-win32-x64\jre\21.0.12.1-win32-x86_64\bin\extnet.dll
Event: 53.834 Attempting to load shared library C:\Users\KUNAL\.vscode\extensions\redhat.java-1.56.0-win32-x64\jre\21.0.12.1-win32-x86_64\bin\sunmscapi.dll
Event: 53.841 Loaded shared library C:\Users\KUNAL\.vscode\extensions\redhat.java-1.56.0-win32-x64\jre\21.0.12.1-win32-x86_64\bin\sunmscapi.dll

Deoptimization events (20 events):
Event: 298.570 Thread 0x0000024566420bd0 Uncommon trap: trap_request=0xffffff45 fr.pc=0x0000024517ed3e90 relative=0x0000000000000250
Event: 298.570 Thread 0x0000024566420bd0 Uncommon trap: reason=unstable_if action=reinterpret pc=0x0000024517ed3e90 method=org.objectweb.asm.Frame.push(I)V @ 26 c2
Event: 298.570 Thread 0x0000024566420bd0 DEOPT PACKING pc=0x0000024517ed3e90 sp=0x0000007e0f0f9650
Event: 298.570 Thread 0x0000024566420bd0 DEOPT UNPACKING pc=0x0000024517954422 sp=0x0000007e0f0f95f8 mode 2
Event: 298.744 Thread 0x0000024566420bd0 Uncommon trap: trap_request=0xffffff45 fr.pc=0x000002451809a450 relative=0x0000000000000130
Event: 298.744 Thread 0x0000024566420bd0 Uncommon trap: reason=unstable_if action=reinterpret pc=0x000002451809a450 method=java.util.Arrays.hashCode([Ljava/lang/Object;)I @ 34 c2
Event: 298.744 Thread 0x0000024566420bd0 DEOPT PACKING pc=0x000002451809a450 sp=0x0000007e0f0f9da0
Event: 298.744 Thread 0x0000024566420bd0 DEOPT UNPACKING pc=0x0000024517954422 sp=0x0000007e0f0f9d18 mode 2
Event: 300.131 Thread 0x0000024566420bd0 Uncommon trap: trap_request=0xffffffde fr.pc=0x0000024518046690 relative=0x00000000000002d0
Event: 300.131 Thread 0x0000024566420bd0 Uncommon trap: reason=class_check action=maybe_recompile pc=0x0000024518046690 method=java.util.Collections$SetFromMap.remove(Ljava/lang/Object;)Z @ 5 c2
Event: 300.131 Thread 0x0000024566420bd0 DEOPT PACKING pc=0x0000024518046690 sp=0x0000007e0f0f8ec0
Event: 300.131 Thread 0x0000024566420bd0 DEOPT UNPACKING pc=0x0000024517954422 sp=0x0000007e0f0f8ea8 mode 2
Event: 300.648 Thread 0x0000024566420bd0 Uncommon trap: trap_request=0xffffff54 fr.pc=0x0000024517f5a964 relative=0x00000000000015e4
Event: 300.648 Thread 0x0000024566420bd0 Uncommon trap: reason=speculate_null_assert action=make_not_entrant pc=0x0000024517f5a964 method=java.util.jar.JarFile.getVersionedEntry(Ljava/lang/String;Ljava/util/jar/JarEntry;)Ljava/util/jar/JarEntry; @ 115 c2
Event: 300.648 Thread 0x0000024566420bd0 DEOPT PACKING pc=0x0000024517f5a964 sp=0x0000007e0f0f8a30
Event: 300.651 Thread 0x0000024566420bd0 DEOPT UNPACKING pc=0x0000024517954422 sp=0x0000007e0f0f8a38 mode 2
Event: 300.651 Thread 0x0000024566420bd0 Uncommon trap: trap_request=0xffffff45 fr.pc=0x0000024517efc904 relative=0x0000000000000fa4
Event: 300.651 Thread 0x0000024566420bd0 Uncommon trap: reason=unstable_if action=reinterpret pc=0x0000024517efc904 method=java.util.jar.JarFile.getEntry(Ljava/lang/String;)Ljava/util/zip/ZipEntry; @ 15 c2
Event: 300.651 Thread 0x0000024566420bd0 DEOPT PACKING pc=0x0000024517efc904 sp=0x0000007e0f0f8b00
Event: 300.651 Thread 0x0000024566420bd0 DEOPT UNPACKING pc=0x0000024517954422 sp=0x0000007e0f0f8af8 mode 2

Classes loaded (20 events):
Event: 298.900 Loading class java/util/concurrent/atomic/AtomicReferenceFieldUpdater$AtomicReferenceFieldUpdaterImpl$1
Event: 298.900 Loading class java/util/concurrent/atomic/AtomicReferenceFieldUpdater$AtomicReferenceFieldUpdaterImpl$1 done
Event: 299.760 Loading class java/lang/StringIndexOutOfBoundsException
Event: 299.761 Loading class java/lang/StringIndexOutOfBoundsException done
Event: 300.135 Loading class java/util/stream/DistinctOps
Event: 300.135 Loading class java/util/stream/DistinctOps done
Event: 300.135 Loading class java/util/stream/DistinctOps$1
Event: 300.135 Loading class java/util/stream/ReferencePipeline$StatefulOp
Event: 300.135 Loading class java/util/stream/ReferencePipeline$StatefulOp done
Event: 300.136 Loading class java/util/stream/DistinctOps$1 done
Event: 300.138 Loading class java/util/stream/DistinctOps$1$2
Event: 300.138 Loading class java/util/stream/DistinctOps$1$2 done
Event: 300.237 Loading class java/util/stream/SortedOps
Event: 300.238 Loading class java/util/stream/SortedOps done
Event: 300.238 Loading class java/util/stream/SortedOps$OfRef
Event: 300.239 Loading class java/util/stream/SortedOps$OfRef done
Event: 300.239 Loading class java/util/stream/SortedOps$SizedRefSortingSink
Event: 300.240 Loading class java/util/stream/SortedOps$AbstractRefSortingSink
Event: 300.240 Loading class java/util/stream/SortedOps$AbstractRefSortingSink done
Event: 300.240 Loading class java/util/stream/SortedOps$SizedRefSortingSink done

Classes unloaded (0 events):
No events

Classes redefined (0 events):
No events

Internal exceptions (20 events):
Event: 298.107 Thread 0x0000024566420bd0 Exception <a 'java/lang/NoSuchMethodError'{0x0000000086e48488}: 'java.lang.Object java.lang.invoke.Invokers$Holder.linkToTargetMethod(java.lang.Object, java.lang.Object, java.lang.Object, int, java.lang.Object)'> (0x0000000086e48488) 
thrown [s\src\hotspot\share\interpreter\linkResolver.cpp, line 773]
Event: 298.210 Thread 0x0000024566420bd0 Exception <a 'java/lang/NoSuchMethodError'{0x0000000086c740b8}: 'int java.lang.invoke.DirectMethodHandle$Holder.invokeInterface(java.lang.Object, java.lang.Object, java.lang.Object, java.lang.Object)'> (0x0000000086c740b8) 
thrown [s\src\hotspot\share\interpreter\linkResolver.cpp, line 773]
Event: 298.354 Thread 0x0000024566420bd0 Exception <a 'java/lang/NoSuchMethodError'{0x0000000084ac4410}: 'java.lang.Object java.lang.invoke.DirectMethodHandle$Holder.invokeStatic(java.lang.Object, long, java.lang.Object)'> (0x0000000084ac4410) 
thrown [s\src\hotspot\share\interpreter\linkResolver.cpp, line 773]
Event: 298.357 Thread 0x0000024566420bd0 Exception <a 'java/lang/NoSuchMethodError'{0x0000000084acb678}: 'java.lang.Object java.lang.invoke.DirectMethodHandle$Holder.newInvokeSpecial(java.lang.Object, long)'> (0x0000000084acb678) 
thrown [s\src\hotspot\share\interpreter\linkResolver.cpp, line 773]
Event: 298.386 Thread 0x0000024566420bd0 Exception <a 'java/lang/NoSuchMethodError'{0x0000000084925998}: 'java.lang.Object java.lang.invoke.DirectMethodHandle$Holder.newInvokeSpecial(java.lang.Object, java.lang.Object, java.lang.Object, java.lang.Object, java.lang.Object, long)'> (0x0000000084925998) 
thrown [s\src\hotspot\share\interpreter\linkResolver.cpp, line 773]
Event: 298.387 Thread 0x0000024566420bd0 Exception <a 'java/lang/NoSuchMethodError'{0x000000008492a858}: 'java.lang.Object java.lang.invoke.DirectMethodHandle$Holder.invokeSpecial(java.lang.Object, java.lang.Object, java.lang.Object, java.lang.Object, java.lang.Object, java.lang.Object, long)'> (0x000000008492a858) 
thrown [s\src\hotspot\share\interpreter\linkResolver.cpp, line 773]
Event: 298.387 Thread 0x0000024566420bd0 Exception <a 'java/lang/NoSuchMethodError'{0x000000008492eea8}: 'java.lang.Object java.lang.invoke.Invokers$Holder.linkToTargetMethod(java.lang.Object, java.lang.Object, java.lang.Object, java.lang.Object, long, java.lang.Object)'> (0x000000008492eea8) 
thrown [s\src\hotspot\share\interpreter\linkResolver.cpp, line 773]
Event: 298.402 Thread 0x0000024566420bd0 Exception <a 'java/lang/NoSuchMethodError'{0x0000000084976ed0}: 'java.lang.Object java.lang.invoke.DirectMethodHandle$Holder.newInvokeSpecial(java.lang.Object, java.lang.Object, java.lang.Object, long)'> (0x0000000084976ed0) 
thrown [s\src\hotspot\share\interpreter\linkResolver.cpp, line 773]
Event: 298.402 Thread 0x0000024566420bd0 Exception <a 'java/lang/NoSuchMethodError'{0x000000008497ba10}: 'java.lang.Object java.lang.invoke.DirectMethodHandle$Holder.invokeSpecial(java.lang.Object, java.lang.Object, java.lang.Object, java.lang.Object, long)'> (0x000000008497ba10) 
thrown [s\src\hotspot\share\interpreter\linkResolver.cpp, line 773]
Event: 298.404 Thread 0x0000024566420bd0 Exception <a 'java/lang/NoSuchMethodError'{0x000000008497fc40}: 'java.lang.Object java.lang.invoke.Invokers$Holder.linkToTargetMethod(java.lang.Object, java.lang.Object, long, java.lang.Object)'> (0x000000008497fc40) 
thrown [s\src\hotspot\share\interpreter\linkResolver.cpp, line 773]
Event: 298.574 Thread 0x0000024566420bd0 Exception <a 'java/lang/NoSuchMethodError'{0x000000008479f9b0}: 'java.lang.Object java.lang.invoke.DirectMethodHandle$Holder.newInvokeSpecial(java.lang.Object, java.lang.Object, java.lang.Object, java.lang.Object, java.lang.Object, java.lang.Object, java.lang.Object, java.lang.Object, java.lang.Object, java.lang.Object, java.lang.Object, java.lang.Object, java.lang.Object, java.lang.Object, java.lang.Object, java.lang.Object, java.lang.Object, java.lang.Object, java.lang.Object, java.lang.Object, java.lang
Event: 298.575 Thread 0x0000024566420bd0 Exception <a 'java/lang/NoSuchMethodError'{0x00000000847a7570}: 'java.lang.Object java.lang.invoke.DirectMethodHandle$Holder.invokeSpecial(java.lang.Object, java.lang.Object, java.lang.Object, java.lang.Object, java.lang.Object, java.lang.Object, java.lang.Object, java.lang.Object, java.lang.Object, java.lang.Object, java.lang.Object, java.lang.Object, java.lang.Object, java.lang.Object, java.lang.Object, java.lang.Object, java.lang.Object, java.lang.Object, java.lang.Object, java.lang.Object, java.lang.Ob
Event: 298.576 Thread 0x0000024566420bd0 Exception <a 'java/lang/NoSuchMethodError'{0x00000000847adb20}: 'java.lang.Object java.lang.invoke.DelegatingMethodHandle$Holder.reinvoke_L(java.lang.Object, java.lang.Object, java.lang.Object, java.lang.Object, java.lang.Object, java.lang.Object, java.lang.Object, java.lang.Object, java.lang.Object, java.lang.Object, java.lang.Object, java.lang.Object, java.lang.Object, java.lang.Object, java.lang.Object, java.lang.Object, java.lang.Object, java.lang.Object, java.lang.Object, java.lang.Object, java.lang.O
Event: 298.744 Thread 0x0000024566420bd0 Implicit null exception at 0x000002451809a37c to 0x000002451809a434
Event: 299.073 Thread 0x0000024566420bd0 Exception <a 'java/lang/NoSuchMethodError'{0x0000000083e7ad80}: 'java.lang.Object java.lang.invoke.DirectMethodHandle$Holder.newInvokeSpecial(java.lang.Object, java.lang.Object, java.lang.Object, java.lang.Object, java.lang.Object, java.lang.Object, java.lang.Object, java.lang.Object, java.lang.Object, java.lang.Object, java.lang.Object, java.lang.Object, java.lang.Object, java.lang.Object, java.lang.Object, java.lang.Object, java.lang.Object, java.lang.Object, java.lang.Object)'> (0x0000000083e7ad80) 
thr
Event: 299.074 Thread 0x0000024566420bd0 Exception <a 'java/lang/NoSuchMethodError'{0x0000000083e818d0}: 'java.lang.Object java.lang.invoke.DirectMethodHandle$Holder.invokeSpecial(java.lang.Object, java.lang.Object, java.lang.Object, java.lang.Object, java.lang.Object, java.lang.Object, java.lang.Object, java.lang.Object, java.lang.Object, java.lang.Object, java.lang.Object, java.lang.Object, java.lang.Object, java.lang.Object, java.lang.Object, java.lang.Object, java.lang.Object, java.lang.Object, java.lang.Object, java.lang.Object)'> (0x0000000
Event: 299.075 Thread 0x0000024566420bd0 Exception <a 'java/lang/NoSuchMethodError'{0x0000000083e87190}: 'java.lang.Object java.lang.invoke.DelegatingMethodHandle$Holder.reinvoke_L(java.lang.Object, java.lang.Object, java.lang.Object, java.lang.Object, java.lang.Object, java.lang.Object, java.lang.Object, java.lang.Object, java.lang.Object, java.lang.Object, java.lang.Object, java.lang.Object, java.lang.Object, java.lang.Object, java.lang.Object, java.lang.Object, java.lang.Object, java.lang.Object, java.lang.Object)'> (0x0000000083e87190) 
throw
Event: 299.239 Thread 0x0000024566420bd0 Exception <a 'java/lang/IncompatibleClassChangeError'{0x0000000083d51850}: Found class java.lang.Object, but interface was expected> (0x0000000083d51850) 
thrown [s\src\hotspot\share\interpreter\linkResolver.cpp, line 840]
Event: 299.473 Thread 0x0000024566420bd0 Exception <a 'java/lang/NoSuchMethodError'{0x0000000083bfe858}: 'java.lang.Object java.lang.invoke.DirectMethodHandle$Holder.newInvokeSpecial(java.lang.Object, int, java.lang.Object)'> (0x0000000083bfe858) 
thrown [s\src\hotspot\share\interpreter\linkResolver.cpp, line 773]
Event: 299.878 Thread 0x0000024566420bd0 Exception <a 'java/lang/NoSuchMethodError'{0x0000000083803dc0}: 'java.lang.Object java.lang.invoke.DirectMethodHandle$Holder.invokeSpecial(java.lang.Object, java.lang.Object, long, java.lang.Object, java.lang.Object)'> (0x0000000083803dc0) 
thrown [s\src\hotspot\share\interpreter\linkResolver.cpp, line 773]

ZGC Phase Switch (0 events):
No events

VM Operations (20 events):
Event: 296.903 Executing safepoint VM operation: Cleanup
Event: 296.904 Executing safepoint VM operation: Cleanup done
Event: 297.913 Executing safepoint VM operation: Cleanup
Event: 297.928 Executing safepoint VM operation: Cleanup done
Event: 298.064 Executing non-safepoint VM operation: HandshakeAllThreads (Deoptimize)
Event: 298.064 Executing non-safepoint VM operation: HandshakeAllThreads (Deoptimize) done
Event: 298.207 Executing non-safepoint VM operation: HandshakeAllThreads (Deoptimize)
Event: 298.207 Executing non-safepoint VM operation: HandshakeAllThreads (Deoptimize) done
Event: 299.214 Executing safepoint VM operation: Cleanup
Event: 299.230 Executing safepoint VM operation: Cleanup done
Event: 300.137 Executing non-safepoint VM operation: HandshakeAllThreads (Deoptimize)
Event: 300.138 Executing non-safepoint VM operation: HandshakeAllThreads (Deoptimize) done
Event: 301.144 Executing non-safepoint VM operation: HandshakeAllThreads (HandshakeForDeflation)
Event: 301.159 Executing non-safepoint VM operation: HandshakeAllThreads (HandshakeForDeflation) done
Event: 301.159 Executing safepoint VM operation: Cleanup
Event: 301.159 Executing safepoint VM operation: Cleanup done
Event: 301.159 Executing non-safepoint VM operation: RendezvousGCThreads
Event: 301.159 Executing non-safepoint VM operation: RendezvousGCThreads done
Event: 301.385 Executing safepoint VM operation: G1CollectForAllocation (G1 Evacuation Pause)
Event: 301.403 Executing safepoint VM operation: G1CollectForAllocation (G1 Evacuation Pause) done

Memory protections (0 events):
No events

Nmethod flushes (20 events):
Event: 260.423 Thread 0x0000024566008220 flushing  nmethod 0x0000024517f20310
Event: 260.423 Thread 0x0000024566008220 flushing  nmethod 0x0000024517f87210
Event: 260.423 Thread 0x0000024566008220 flushing  nmethod 0x0000024510541a90
Event: 260.424 Thread 0x0000024566008220 flushing  nmethod 0x0000024510542810
Event: 260.424 Thread 0x0000024566008220 flushing  nmethod 0x0000024510543610
Event: 260.424 Thread 0x0000024566008220 flushing  nmethod 0x0000024510545b10
Event: 260.424 Thread 0x0000024566008220 flushing  nmethod 0x0000024510546710
Event: 260.424 Thread 0x0000024566008220 flushing  nmethod 0x0000024510547010
Event: 260.424 Thread 0x0000024566008220 flushing  nmethod 0x0000024510548590
Event: 260.424 Thread 0x0000024566008220 flushing  nmethod 0x0000024510548a90
Event: 260.424 Thread 0x0000024566008220 flushing  nmethod 0x000002451060bb90
Event: 260.424 Thread 0x0000024566008220 flushing  nmethod 0x000002451067ff90
Event: 260.424 Thread 0x0000024566008220 flushing  nmethod 0x0000024510715190
Event: 260.424 Thread 0x0000024566008220 flushing  nmethod 0x00000245107b4910
Event: 260.424 Thread 0x0000024566008220 flushing  nmethod 0x00000245107b5210
Event: 260.424 Thread 0x0000024566008220 flushing  nmethod 0x00000245107d3d10
Event: 260.424 Thread 0x0000024566008220 flushing  nmethod 0x00000245107d4090
Event: 260.424 Thread 0x0000024566008220 flushing  nmethod 0x00000245109f7210
Event: 260.424 Thread 0x0000024566008220 flushing  nmethod 0x00000245109fad10
Event: 260.424 Thread 0x0000024566008220 flushing  nmethod 0x0000024510a04010

Events (20 events):
Event: 55.134 Thread 0x0000024566420bd0 Thread added: 0x0000024566424050
Event: 55.144 Thread 0x0000024566420bd0 Thread added: 0x00000245664239c0
Event: 56.702 Thread 0x0000024566420bd0 Thread added: 0x0000024566422ca0
Event: 56.746 Thread 0x0000024566420bd0 Thread added: 0x0000024566421f80
Event: 58.149 Thread 0x0000024566421f80 Thread added: 0x0000024566421260
Event: 58.212 Thread 0x0000024566420bd0 Thread added: 0x00000245664218f0
Event: 68.083 Thread 0x0000024566420bd0 Thread added: 0x000002456df64fb0
Event: 68.315 Thread 0x0000024566420bd0 Thread added: 0x000002456df65640
Event: 69.213 Thread 0x0000024566420bd0 Thread added: 0x000002456df67da0
Event: 69.791 Thread 0x0000024566420bd0 Thread added: 0x000002456df65cd0
Event: 71.015 Thread 0x0000024566420bd0 Thread added: 0x000002456df66360
Event: 71.192 Thread 0x0000024566420bd0 Thread added: 0x000002456df64920
Event: 72.496 Thread 0x0000024566420bd0 Thread added: 0x000002456df669f0
Event: 73.666 Thread 0x0000024566420bd0 Thread added: 0x000002456df67080
Event: 96.196 Thread 0x0000024566420bd0 Thread added: 0x000002456df67710
Event: 173.779 Thread 0x0000024566421260 Thread exited: 0x0000024566421260
Event: 249.262 Thread 0x0000024566421f80 Thread added: 0x0000024566421260
Event: 249.361 Thread 0x0000024566420bd0 Thread added: 0x000002456c722330
Event: 299.377 Thread 0x000002456602a890 Thread added: 0x000002456ca4abd0
Event: 300.622 Thread 0x000002456ca4abd0 Thread exited: 0x000002456ca4abd0


Dynamic libraries:
0x00007ff615a50000 - 0x00007ff615a5e000 	C:\Users\KUNAL\.vscode\extensions\redhat.java-1.56.0-win32-x64\jre\21.0.12.1-win32-x86_64\bin\java.exe
0x00007ffac44c0000 - 0x00007ffac46c9000 	C:\windows\SYSTEM32\ntdll.dll
0x00007ffac3c80000 - 0x00007ffac3d3e000 	C:\windows\System32\KERNEL32.DLL
0x00007ffac1b00000 - 0x00007ffac1e83000 	C:\windows\System32\KERNELBASE.dll
0x00007ffac1e90000 - 0x00007ffac1fa1000 	C:\windows\System32\ucrtbase.dll
0x00007ffa93e50000 - 0x00007ffa93e6e000 	C:\Users\KUNAL\.vscode\extensions\redhat.java-1.56.0-win32-x64\jre\21.0.12.1-win32-x86_64\bin\VCRUNTIME140.dll
0x00007ffa914a0000 - 0x00007ffa914b8000 	C:\Users\KUNAL\.vscode\extensions\redhat.java-1.56.0-win32-x64\jre\21.0.12.1-win32-x86_64\bin\jli.dll
0x00007ffac3670000 - 0x00007ffac381d000 	C:\windows\System32\USER32.dll
0x00007ffac1fb0000 - 0x00007ffac1fd6000 	C:\windows\System32\win32u.dll
0x00007ffaa48c0000 - 0x00007ffaa4b65000 	C:\windows\WinSxS\amd64_microsoft.windows.common-controls_6595b64144ccf1df_6.0.22000.120_none_9d947278b86cc467\COMCTL32.dll
0x00007ffac39e0000 - 0x00007ffac3a09000 	C:\windows\System32\GDI32.dll
0x00007ffac43d0000 - 0x00007ffac4473000 	C:\windows\System32\msvcrt.dll
0x00007ffac1fe0000 - 0x00007ffac20fa000 	C:\windows\System32\gdi32full.dll
0x00007ffac19f0000 - 0x00007ffac1a8d000 	C:\windows\System32\msvcp_win.dll
0x00007ffac24e0000 - 0x00007ffac2511000 	C:\windows\System32\IMM32.DLL
0x00007ffab10c0000 - 0x00007ffab10cc000 	C:\Users\KUNAL\.vscode\extensions\redhat.java-1.56.0-win32-x64\jre\21.0.12.1-win32-x86_64\bin\vcruntime140_1.dll
0x00007ffa7dad0000 - 0x00007ffa7db5d000 	C:\Users\KUNAL\.vscode\extensions\redhat.java-1.56.0-win32-x64\jre\21.0.12.1-win32-x86_64\bin\msvcp140.dll
0x00007ffa6cd90000 - 0x00007ffa6db32000 	C:\Users\KUNAL\.vscode\extensions\redhat.java-1.56.0-win32-x64\jre\21.0.12.1-win32-x86_64\bin\server\jvm.dll
0x00007ffac3fe0000 - 0x00007ffac408e000 	C:\windows\System32\ADVAPI32.dll
0x00007ffac3070000 - 0x00007ffac310e000 	C:\windows\System32\sechost.dll
0x00007ffac40c0000 - 0x00007ffac41e1000 	C:\windows\System32\RPCRT4.dll
0x00007ffac41f0000 - 0x00007ffac425f000 	C:\windows\System32\WS2_32.dll
0x00007ffac1840000 - 0x00007ffac188d000 	C:\windows\SYSTEM32\POWRPROF.dll
0x00007ffab7920000 - 0x00007ffab7953000 	C:\windows\SYSTEM32\WINMM.dll
0x00007ffab7b50000 - 0x00007ffab7b5a000 	C:\windows\SYSTEM32\VERSION.dll
0x00007ffac1770000 - 0x00007ffac1783000 	C:\windows\SYSTEM32\UMPDC.dll
0x00007ffac09f0000 - 0x00007ffac0a08000 	C:\windows\SYSTEM32\kernel.appcore.dll
0x00007ffaa4ef0000 - 0x00007ffaa4efa000 	C:\Users\KUNAL\.vscode\extensions\redhat.java-1.56.0-win32-x64\jre\21.0.12.1-win32-x86_64\bin\jimage.dll
0x00007ffabefa0000 - 0x00007ffabf1c1000 	C:\windows\SYSTEM32\DBGHELP.DLL
0x00007ffaa29a0000 - 0x00007ffaa29d1000 	C:\windows\SYSTEM32\dbgcore.DLL
0x00007ffac1970000 - 0x00007ffac19ef000 	C:\windows\System32\bcryptPrimitives.dll
0x00007ffaa3100000 - 0x00007ffaa310f000 	C:\Users\KUNAL\.vscode\extensions\redhat.java-1.56.0-win32-x64\jre\21.0.12.1-win32-x86_64\bin\instrument.dll
0x00007ffa89390000 - 0x00007ffa893b0000 	C:\Users\KUNAL\.vscode\extensions\redhat.java-1.56.0-win32-x64\jre\21.0.12.1-win32-x86_64\bin\java.dll
0x00007ffac2520000 - 0x00007ffac2ce5000 	C:\windows\System32\SHELL32.dll
0x00007ffabfa50000 - 0x00007ffac02b4000 	C:\windows\SYSTEM32\windows.storage.dll
0x00007ffac2cf0000 - 0x00007ffac3066000 	C:\windows\System32\combase.dll
0x00007ffabf8e0000 - 0x00007ffabfa47000 	C:\windows\SYSTEM32\wintypes.dll
0x00007ffac3e60000 - 0x00007ffac3f4a000 	C:\windows\System32\SHCORE.dll
0x00007ffac4350000 - 0x00007ffac43ad000 	C:\windows\System32\shlwapi.dll
0x00007ffac18a0000 - 0x00007ffac18c1000 	C:\windows\SYSTEM32\profapi.dll
0x00007ffa8eed0000 - 0x00007ffa8eee8000 	C:\Users\KUNAL\.vscode\extensions\redhat.java-1.56.0-win32-x64\jre\21.0.12.1-win32-x86_64\bin\zip.dll
0x00007ffaa4ea0000 - 0x00007ffaa4eb0000 	C:\Users\KUNAL\.vscode\extensions\redhat.java-1.56.0-win32-x64\jre\21.0.12.1-win32-x86_64\bin\net.dll
0x00007ffaba210000 - 0x00007ffaba322000 	C:\windows\SYSTEM32\WINHTTP.dll
0x00007ffac0e90000 - 0x00007ffac0ef7000 	C:\windows\system32\mswsock.dll
0x00007ffa896c0000 - 0x00007ffa896d6000 	C:\Users\KUNAL\.vscode\extensions\redhat.java-1.56.0-win32-x64\jre\21.0.12.1-win32-x86_64\bin\nio.dll
0x00007ffaa4190000 - 0x00007ffaa41a0000 	C:\Users\KUNAL\.vscode\extensions\redhat.java-1.56.0-win32-x64\jre\21.0.12.1-win32-x86_64\bin\verify.dll
0x00007ffa89690000 - 0x00007ffa896b7000 	C:\Users\KUNAL\.gradle\native\c067742578af261105cb4f569cf0c3c89f3d7b1fecec35dd04571415982c5e48\windows-amd64\native-platform.dll
0x00007ffa737c0000 - 0x00007ffa73904000 	C:\Users\KUNAL\.gradle\native\100fb08df4bc3b14c8652ba06237920a3bd2aa13389f12d3474272988ae205f9\windows-amd64\native-platform-file-events.dll
0x00007ffaa3f70000 - 0x00007ffaa3f7a000 	C:\Users\KUNAL\.vscode\extensions\redhat.java-1.56.0-win32-x64\jre\21.0.12.1-win32-x86_64\bin\management.dll
0x00007ffaa3160000 - 0x00007ffaa316c000 	C:\Users\KUNAL\.vscode\extensions\redhat.java-1.56.0-win32-x64\jre\21.0.12.1-win32-x86_64\bin\management_ext.dll
0x00007ffac3a10000 - 0x00007ffac3a18000 	C:\windows\System32\PSAPI.DLL
0x00007ffac10e0000 - 0x00007ffac10f8000 	C:\windows\SYSTEM32\CRYPTSP.dll
0x00007ffac0950000 - 0x00007ffac0985000 	C:\windows\system32\rsaenh.dll
0x00007ffac0f90000 - 0x00007ffac0fb9000 	C:\windows\SYSTEM32\USERENV.dll
0x00007ffac12d0000 - 0x00007ffac12f7000 	C:\windows\SYSTEM32\bcrypt.dll
0x00007ffac1100000 - 0x00007ffac110c000 	C:\windows\SYSTEM32\CRYPTBASE.dll
0x00007ffac0500000 - 0x00007ffac052d000 	C:\windows\SYSTEM32\IPHLPAPI.DLL
0x00007ffac40b0000 - 0x00007ffac40b9000 	C:\windows\System32\NSI.dll
0x00007ffaa2c60000 - 0x00007ffaa2c69000 	C:\Users\KUNAL\.vscode\extensions\redhat.java-1.56.0-win32-x64\jre\21.0.12.1-win32-x86_64\bin\extnet.dll
0x00007ffab17f0000 - 0x00007ffab17fe000 	C:\Users\KUNAL\.vscode\extensions\redhat.java-1.56.0-win32-x64\jre\21.0.12.1-win32-x86_64\bin\sunmscapi.dll
0x00007ffac2100000 - 0x00007ffac2262000 	C:\windows\System32\CRYPT32.dll
0x00007ffac12a0000 - 0x00007ffac12ca000 	C:\windows\SYSTEM32\ncrypt.dll
0x00007ffac1260000 - 0x00007ffac1297000 	C:\windows\SYSTEM32\NTASN1.dll
0x00007ffa9c0b0000 - 0x00007ffa9c0b8000 	C:\windows\system32\wshunix.dll

JVMTI agents:
C:\Users\KUNAL\.gradle\wrapper\dists\gradle-8.9-bin\90cnw93cvbtalezasaz0blq0a\gradle-8.9\lib\agents\gradle-instrumentation-agent-8.9.jar path:C:\Users\KUNAL\.vscode\extensions\redhat.java-1.56.0-win32-x64\jre\21.0.12.1-win32-x86_64\bin\instrument.dll, loaded, initialized, instrumentlib options:none

dbghelp: loaded successfully - version: 4.0.5 - missing functions: none
symbol engine: initialized successfully - sym options: 0x614 - pdb path: .;C:\Users\KUNAL\.vscode\extensions\redhat.java-1.56.0-win32-x64\jre\21.0.12.1-win32-x86_64\bin;C:\windows\SYSTEM32;C:\windows\WinSxS\amd64_microsoft.windows.common-controls_6595b64144ccf1df_6.0.22000.120_none_9d947278b86cc467;C:\Users\KUNAL\.vscode\extensions\redhat.java-1.56.0-win32-x64\jre\21.0.12.1-win32-x86_64\bin\server;C:\Users\KUNAL\.gradle\native\c067742578af261105cb4f569cf0c3c89f3d7b1fecec35dd04571415982c5e48\windows-amd64;C:\Users\KUNAL\.gradle\native\100fb08df4bc3b14c8652ba06237920a3bd2aa13389f12d3474272988ae205f9\windows-amd64

VM Arguments:
jvm_args: --add-opens=java.base/java.util=ALL-UNNAMED --add-opens=java.base/java.lang=ALL-UNNAMED --add-opens=java.base/java.lang.invoke=ALL-UNNAMED --add-opens=java.prefs/java.util.prefs=ALL-UNNAMED --add-exports=jdk.compiler/com.sun.tools.javac.api=ALL-UNNAMED --add-exports=jdk.compiler/com.sun.tools.javac.util=ALL-UNNAMED --add-opens=java.base/java.nio.charset=ALL-UNNAMED --add-opens=java.base/java.net=ALL-UNNAMED --add-opens=java.base/java.util.concurrent.atomic=ALL-UNNAMED -Xmx2048m -Dfile.encoding=UTF-8 -Duser.country=IN -Duser.language=en -Duser.variant -javaagent:C:\Users\KUNAL\.gradle\wrapper\dists\gradle-8.9-bin\90cnw93cvbtalezasaz0blq0a\gradle-8.9\lib\agents\gradle-instrumentation-agent-8.9.jar 
java_command: org.gradle.launcher.daemon.bootstrap.GradleDaemon 8.9
java_class_path (initial): C:\Users\KUNAL\.gradle\wrapper\dists\gradle-8.9-bin\90cnw93cvbtalezasaz0blq0a\gradle-8.9\lib\gradle-daemon-main-8.9.jar
Launcher Type: SUN_STANDARD

[Global flags]
     intx CICompilerCount                          = 4                                         {product} {ergonomic}
     uint ConcGCThreads                            = 3                                         {product} {ergonomic}
     uint G1ConcRefinementThreads                  = 10                                        {product} {ergonomic}
   size_t G1HeapRegionSize                         = 1048576                                   {product} {ergonomic}
    uintx GCDrainStackTargetSize                   = 64                                        {product} {ergonomic}
   size_t InitialHeapSize                          = 264241152                                 {product} {ergonomic}
   size_t MarkStackSize                            = 4194304                                   {product} {ergonomic}
   size_t MaxHeapSize                              = 2147483648                                {product} {command line}
   size_t MaxNewSize                               = 1287651328                                {product} {ergonomic}
   size_t MinHeapDeltaBytes                        = 1048576                                   {product} {ergonomic}
   size_t MinHeapSize                              = 8388608                                   {product} {ergonomic}
    uintx NonNMethodCodeHeapSize                   = 5839372                                {pd product} {ergonomic}
    uintx NonProfiledCodeHeapSize                  = 122909434                              {pd product} {ergonomic}
    uintx ProfiledCodeHeapSize                     = 122909434                              {pd product} {ergonomic}
    uintx ReservedCodeCacheSize                    = 251658240                              {pd product} {ergonomic}
     bool SegmentedCodeCache                       = true                                      {product} {ergonomic}
   size_t SoftMaxHeapSize                          = 2147483648                             {manageable} {ergonomic}
     bool UseCompressedOops                        = true                           {product lp64_product} {ergonomic}
     bool UseG1GC                                  = true                                      {product} {ergonomic}
     bool UseLargePagesIndividualAllocation        = false                                  {pd product} {ergonomic}

Logging:
Log output configuration:
 #0: stdout all=warning uptime,level,tags foldmultilines=false
 #1: stderr all=off uptime,level,tags foldmultilines=false

Release file:
JAVA_VERSION="21.0.12.1" 
MODULES="java.base java.compiler java.datatransfer java.xml java.prefs java.desktop java.instrument java.logging java.management java.security.sasl java.naming java.rmi java.management.rmi java.net.http java.scripting java.security.jgss java.transaction.xa java.sql java.sql.rowset java.xml.crypto java.se java.smartcardio jdk.accessibility jdk.internal.jvmstat jdk.attach jdk.charsets jdk.internal.opt jdk.zipfs jdk.compiler jdk.crypto.ec jdk.crypto.cryptoki jdk.crypto.mscapi jdk.dynalink jdk.internal.ed jdk.editpad jdk.hotspot.agent jdk.httpserver jdk.internal.le jdk.internal.vm.ci jdk.internal.vm.compiler jdk.internal.vm.compiler.management jdk.jartool jdk.javadoc jdk.jcmd jdk.management jdk.management.agent jdk.jconsole jdk.jdeps jdk.jdwp.agent jdk.jdi jdk.jfr jdk.jshell jdk.jsobject jdk.jstatd jdk.localedata jdk.management.jfr jdk.naming.dns jdk.naming.rmi jdk.net jdk.nio.mapmode jdk.random jdk.sctp jdk.security.auth jdk.security.jgss jdk.unsupported jdk.unsupported.desktop jdk.xml.dom" 

Environment Variables:
JAVA_HOME=C:\Program Files\AdoptOpenJDK\jdk-21\jdk-21.0.9
PATH=C:\windows\System32\WindowsPowerShell\v1.0\;C:\src\flutter\bin;C:\Windows\System32;C:\Program Files\Microsoft SQL Server\Client SDK\ODBC\170\Tools\Binn\;C:\Program Files\dotnet\;C:\Program Files\nodejs\;C:\Program Files\Git\cmd;C:\Nuget;C:\Program Files\mongosh-2.5.10-win32-x64\bin;;C:\ProgramData\chocolatey\bin;C:\ProgramData\chocolatey\lib\maven\apache-maven-3.9.16\bin;C:\Program Files\PostgreSQL\18\bin;C:\Program Files (x86)\Windows Kits\10\Windows Performance Toolkit\;C:\Users\KUNAL\AppData\Local\Programs\Python\Python311\Scripts\;C:\Users\KUNAL\AppData\Local\Programs\Python\Python311\;C:\Users\KUNAL\.local\bin;C:\Program Files\AdoptOpenJDK\jdk-21\jdk-21.0.9\bin;C:\windows\System32\WindowsPowerShell\v1.0\;C:\src\flutter\bin;C:\Windows\System32;C:\Program Files\Microsoft SQL Server\150\Tools\Binn\;C:\Program Files\Microsoft SQL Server\Client SDK\ODBC\170\Tools\Binn\;C:\Program Files\dotnet\;C:\Program Files\nodejs\;C:\Program Files\Git\cmd;C:\Nuget;C:\Program Files\mongosh-2.5.10-win32-x64\bin;C:\Users\KUNAL\AppData\Local\Programs\Python\Python312\Scripts\;C:\Users\KUNAL\AppData\Local\Programs\Python\Python312\;C:\Users\KUNAL\AppData\Local\Programs\Python\Launcher\;C:\Users\KUNAL\AppData\Roaming\.dotnet;C:\Program Files\AdoptOpenJDK\jdk-21\jdk-21.0.9;C:\src\flutter;C:\Users\KUNAL\AppData\Roaming\npm;C:\Users\KUNAL\AppData\Local\Pub\Cache\bin;C:\platform-tools;C:\Users|KUNAL\.local\bin;;C:\Users\KUNAL\AppData\Local\Programs\Ollama;C:\Users\KUNAL\AppData\Local\Programs\Microsoft VS Code\bin
USERNAME=KUNAL
OS=Windows_NT
PROCESSOR_IDENTIFIER=Intel64 Family 6 Model 154 Stepping 4, GenuineIntel
TMP=C:\Users\KUNAL\AppData\Local\Temp
TEMP=C:\Users\KUNAL\AppData\Local\Temp




Periodic native trim disabled

---------------  S Y S T E M  ---------------

OS:
 Windows 11 , 64 bit Build 22000 (10.0.22000.1761)
OS uptime: 0 days 5:40 hours

CPU: total 12 (initial active 12) (6 cores per cpu, 2 threads per core) family 6 model 154 stepping 4 microcode 0x41e, cx8, cmov, fxsr, ht, mmx, 3dnowpref, sse, sse2, sse3, ssse3, sse4.1, sse4.2, popcnt, lzcnt, tsc, tscinvbit, avx, avx2, aes, erms, clmul, bmi1, bmi2, adx, sha, fma, vzeroupper, clflush, clflushopt, clwb, serialize, rdtscp, rdpid, fsrm, f16c, pku, cet_ibt, cet_ss
Processor Information for processor 0
  Max Mhz: 1300, Current Mhz: 1300, Mhz Limit: 897
Processor Information for processor 1
  Max Mhz: 1300, Current Mhz: 1300, Mhz Limit: 897
Processor Information for processor 2
  Max Mhz: 1300, Current Mhz: 1300, Mhz Limit: 1300
Processor Information for processor 3
  Max Mhz: 1300, Current Mhz: 1300, Mhz Limit: 1300
Processor Information for processor 4
  Max Mhz: 1300, Current Mhz: 900, Mhz Limit: 897
Processor Information for processor 5
  Max Mhz: 1300, Current Mhz: 900, Mhz Limit: 897
Processor Information for processor 6
  Max Mhz: 1300, Current Mhz: 900, Mhz Limit: 897
Processor Information for processor 7
  Max Mhz: 1300, Current Mhz: 900, Mhz Limit: 897
Processor Information for processor 8
  Max Mhz: 1300, Current Mhz: 900, Mhz Limit: 897
Processor Information for processor 9
  Max Mhz: 1300, Current Mhz: 900, Mhz Limit: 897
Processor Information for processor 10
  Max Mhz: 1300, Current Mhz: 900, Mhz Limit: 897
Processor Information for processor 11
  Max Mhz: 1300, Current Mhz: 900, Mhz Limit: 897

Memory: 4k page, system-wide physical 16056M (359M free)
TotalPageFile size 49542M (AvailPageFile size 183M)
current process WorkingSet (physical memory assigned to process): 208M, peak: 261M
current process commit charge ("private bytes"): 302M, peak: 420M

vm_info: OpenJDK 64-Bit Server VM (21.0.12.1+1-LTS) for windows-amd64 JRE (21.0.12.1+1-LTS), built on 2026-08-18T00:00:00Z by "admin" with MS VC++ 17.12 (VS2022)

END.
