#
# There is insufficient memory for the Java Runtime Environment to continue.
# Native memory allocation (mmap) failed to map 65536 bytes. Error detail: Failed to commit metaspace.
# Possible reasons:
#   The system is out of physical RAM or swap space
#   This process is running with CompressedOops enabled, and the Java Heap may be blocking the growth of the native heap
# Possible solutions:
#   Reduce memory load on the system
#   Increase physical memory or swap space
#   Check if swap backing store is full
#   Decrease Java heap size (-Xmx/-Xms)
#   Decrease number of Java threads
#   Decrease Java thread stack sizes (-Xss)
#   Set larger code cache with -XX:ReservedCodeCacheSize=
#   JVM is running with Unscaled Compressed Oops mode in which the Java heap is
#     placed in the first 4GB address space. The Java Heap base address is the
#     maximum limit for the native heap growth. Please use -XX:HeapBaseMinAddress
#     to set the Java Heap base and to place the Java Heap above 4GB virtual address.
# This output file may be truncated or incomplete.
#
#  Out of Memory Error (virtualSpaceNode.cpp:113), pid=39712, tid=21144
#
# JRE version: OpenJDK Runtime Environment Temurin-21.0.12.1+1 (21.0.12.1+1) (build 21.0.12.1+1-LTS)
# Java VM: OpenJDK 64-Bit Server VM Temurin-21.0.12.1+1 (21.0.12.1+1-LTS, mixed mode, sharing, tiered, compressed oops, compressed class ptrs, g1 gc, windows-amd64)
# No core dump will be written. Minidumps are not enabled by default on client versions of Windows
#

---------------  S U M M A R Y ------------

Command Line: --add-opens=java.base/java.util=ALL-UNNAMED --add-opens=java.base/java.lang=ALL-UNNAMED --add-opens=java.base/java.lang.invoke=ALL-UNNAMED --add-opens=java.prefs/java.util.prefs=ALL-UNNAMED --add-exports=jdk.compiler/com.sun.tools.javac.api=ALL-UNNAMED --add-exports=jdk.compiler/com.sun.tools.javac.util=ALL-UNNAMED --add-opens=java.base/java.nio.charset=ALL-UNNAMED --add-opens=java.base/java.net=ALL-UNNAMED --add-opens=java.base/java.util.concurrent.atomic=ALL-UNNAMED -Xmx2048m -Dfile.encoding=UTF-8 -Duser.country=IN -Duser.language=en -Duser.variant -javaagent:C:\Users\KUNAL\.gradle\wrapper\dists\gradle-8.9-bin\90cnw93cvbtalezasaz0blq0a\gradle-8.9\lib\agents\gradle-instrumentation-agent-8.9.jar org.gradle.launcher.daemon.bootstrap.GradleDaemon 8.9

Host: 12th Gen Intel(R) Core(TM) i5-1235U, 12 cores, 15G,  Windows 11 , 64 bit Build 22000 (10.0.22000.1761)
Time: Sun Sep 27 23:06:17 2026 India Standard Time elapsed time: 251.389950 seconds (0d 0h 4m 11s)

---------------  T H R E A D  ---------------

Current thread (0x00000254eb3148c0):  JavaThread "Daemon worker"        [_thread_in_vm, id=21144, stack(0x000000d8a8700000,0x000000d8a8800000) (1024K)]

Stack: [0x000000d8a8700000,0x000000d8a8800000]
Native frames: (J=compiled Java code, j=interpreted, Vv=VM code, C=native code)
V  [jvm.dll+0x6d83e9]
V  [jvm.dll+0x8b5736]
V  [jvm.dll+0x8b7cee]
V  [jvm.dll+0x8b83d3]
V  [jvm.dll+0x284596]
V  [jvm.dll+0x8b147e]
V  [jvm.dll+0x679ad4]
V  [jvm.dll+0x1e849b]
V  [jvm.dll+0x1e825e]
V  [jvm.dll+0x67c3d2]
V  [jvm.dll+0x67c202]
V  [jvm.dll+0x67a4ae]
V  [jvm.dll+0x3c7a23]
V  [jvm.dll+0x2118db]
V  [jvm.dll+0x5b6aa9]
V  [jvm.dll+0x82f606]
V  [jvm.dll+0x4792f8]
V  [jvm.dll+0x47f128]
C  [java.dll+0x17ec]

Java frames: (J=compiled Java code, j=interpreted, Vv=VM code)
J 790  java.lang.ClassLoader.defineClass1(Ljava/lang/ClassLoader;Ljava/lang/String;[BIILjava/security/ProtectionDomain;Ljava/lang/String;)Ljava/lang/Class; java.base@21.0.12.1 (0 bytes) @ 0x00000254d85c3211 [0x00000254d85c3140+0x00000000000000d1]
J 5018 c2 java.security.SecureClassLoader.defineClass(Ljava/lang/String;[BIILjava/security/CodeSource;)Ljava/lang/Class; java.base@21.0.12.1 (16 bytes) @ 0x00000254d8602488 [0x00000254d8601dc0+0x00000000000006c8]
J 5161 c2 java.net.URLClassLoader.findClass(Ljava/lang/String;)Ljava/lang/Class; java.base@21.0.12.1 (47 bytes) @ 0x00000254d882bc2c [0x00000254d882a4a0+0x000000000000178c]
J 3299 c1 org.gradle.internal.classloader.TransformingClassLoader.findClass(Ljava/lang/String;)Ljava/lang/Class; (203 bytes) @ 0x00000254d10d97f4 [0x00000254d10d87a0+0x0000000000001054]
J 4421 c1 java.lang.ClassLoader.loadClass(Ljava/lang/String;Z)Ljava/lang/Class; java.base@21.0.12.1 (121 bytes) @ 0x00000254d1321aa4 [0x00000254d13214e0+0x00000000000005c4]
J 3962 c2 java.lang.ClassLoader.loadClass(Ljava/lang/String;)Ljava/lang/Class; java.base@21.0.12.1 (7 bytes) @ 0x00000254d878dbec [0x00000254d878dba0+0x000000000000004c]
v  ~StubRoutines::call_stub 0x00000254d7fd100d
J 790  java.lang.ClassLoader.defineClass1(Ljava/lang/ClassLoader;Ljava/lang/String;[BIILjava/security/ProtectionDomain;Ljava/lang/String;)Ljava/lang/Class; java.base@21.0.12.1 (0 bytes) @ 0x00000254d85c3211 [0x00000254d85c3140+0x00000000000000d1]
J 5018 c2 java.security.SecureClassLoader.defineClass(Ljava/lang/String;[BIILjava/security/CodeSource;)Ljava/lang/Class; java.base@21.0.12.1 (16 bytes) @ 0x00000254d8602488 [0x00000254d8601dc0+0x00000000000006c8]
J 5161 c2 java.net.URLClassLoader.findClass(Ljava/lang/String;)Ljava/lang/Class; java.base@21.0.12.1 (47 bytes) @ 0x00000254d882bc2c [0x00000254d882a4a0+0x000000000000178c]
J 3299 c1 org.gradle.internal.classloader.TransformingClassLoader.findClass(Ljava/lang/String;)Ljava/lang/Class; (203 bytes) @ 0x00000254d10d97f4 [0x00000254d10d87a0+0x0000000000001054]
J 4421 c1 java.lang.ClassLoader.loadClass(Ljava/lang/String;Z)Ljava/lang/Class; java.base@21.0.12.1 (121 bytes) @ 0x00000254d1321aa4 [0x00000254d13214e0+0x00000000000005c4]
J 3962 c2 java.lang.ClassLoader.loadClass(Ljava/lang/String;)Ljava/lang/Class; java.base@21.0.12.1 (7 bytes) @ 0x00000254d878dbec [0x00000254d878dba0+0x000000000000004c]
v  ~StubRoutines::call_stub 0x00000254d7fd100d
j  org.gradle.api.internal.artifacts.ivyservice.ShortCircuitEmptyConfigurationResolver.emptyGraphResults(Lorg/gradle/api/internal/artifacts/ResolveContext;)Lorg/gradle/api/internal/artifacts/ivyservice/resolveengine/graph/results/VisitedGraphResults;+61
j  org.gradle.api.internal.artifacts.ivyservice.ShortCircuitEmptyConfigurationResolver.resolveBuildDependencies(Lorg/gradle/api/internal/artifacts/ResolveContext;)Lorg/gradle/api/internal/artifacts/ResolverResults;+28
j  org.gradle.api.internal.artifacts.configurations.DefaultConfiguration.lambda$resolveGraphForBuildDependenciesIfRequired$9(Ljava/util/Optional;)Ljava/util/Optional;+12
j  org.gradle.api.internal.artifacts.configurations.DefaultConfiguration$$Lambda+0x000002548166f150.apply(Ljava/lang/Object;)Ljava/lang/Object;+8
j  org.gradle.api.internal.initialization.RootScriptDomainObjectContext$CalculatedModelValueImpl.update(Ljava/util/function/Function;)Ljava/lang/Object;+9
j  org.gradle.api.internal.artifacts.configurations.DefaultConfiguration.resolveGraphForBuildDependenciesIfRequired()Lorg/gradle/api/internal/artifacts/ResolverResults;+14
j  org.gradle.api.internal.artifacts.configurations.DefaultConfiguration.access$900(Lorg/gradle/api/internal/artifacts/configurations/DefaultConfiguration;)Lorg/gradle/api/internal/artifacts/ResolverResults;+1
j  org.gradle.api.internal.artifacts.configurations.DefaultConfiguration$ResolverResultsResolutionResultProvider.getTaskDependencyValue()Lorg/gradle/api/internal/artifacts/ResolverResults;+58
j  org.gradle.api.internal.artifacts.configurations.DefaultConfiguration$ResolverResultsResolutionResultProvider.getTaskDependencyValue()Ljava/lang/Object;+1
j  org.gradle.api.internal.artifacts.configurations.ResolutionResultProvider$1.getTaskDependencyValue()Ljava/lang/Object;+8
j  org.gradle.api.internal.artifacts.configurations.ResolutionBackedFileCollection.visitDependencies(Lorg/gradle/api/internal/tasks/TaskDependencyResolveContext;)V+4
j  org.gradle.api.internal.tasks.CachingTaskDependencyResolveContext$TaskGraphImpl.getNodeValues(Ljava/lang/Object;Ljava/util/Collection;Ljava/util/Collection;)V+31
j  org.gradle.internal.graph.CachingDirectedGraphWalker$GraphWithEmptyEdges.getNodeValues(Ljava/lang/Object;Ljava/util/Collection;Ljava/util/Collection;)V+7
j  org.gradle.internal.graph.CachingDirectedGraphWalker.doSearch()Ljava/util/Set;+174
j  org.gradle.internal.graph.CachingDirectedGraphWalker.findValues()Ljava/util/Set;+1
j  org.gradle.api.internal.tasks.CachingTaskDependencyResolveContext.getDependencies(Lorg/gradle/api/Task;Ljava/lang/Object;)Ljava/util/Set;+40
j  org.gradle.api.internal.tasks.AbstractTaskDependency.getDependenciesForInternalUse(Lorg/gradle/api/Task;)Ljava/util/Set;+30
j  org.gradle.api.internal.tasks.TaskDependencyUtil.getDependenciesForInternalUse(Lorg/gradle/api/tasks/TaskDependency;Lorg/gradle/api/Task;)Ljava/util/Set;+12
j  org.gradle.api.internal.tasks.TaskDependencyUtil.getDependenciesForInternalUse(Lorg/gradle/api/Buildable;)Ljava/util/Set;+7
j  org.gradle.api.internal.initialization.DefaultBuildLogicBuilder.taskIdentifiersForBuildDependenciesOf(Lorg/gradle/api/artifacts/Configuration;)Ljava/util/List;+9
j  org.gradle.api.internal.initialization.DefaultBuildLogicBuilder.resolveClassPath(Lorg/gradle/api/artifacts/Configuration;Lorg/gradle/api/internal/initialization/ScriptClassPathResolutionContext;)Lorg/gradle/internal/classpath/ClassPath;+10
j  org.gradle.api.internal.initialization.DefaultScriptHandler.lambda$getInstrumentedScriptClassPath$0()Lorg/gradle/internal/classpath/ClassPath;+12
j  org.gradle.api.internal.initialization.DefaultScriptHandler$$Lambda+0x00000254816536d8.create()Ljava/lang/Object;+4
j  org.gradle.api.internal.artifacts.configurations.DefaultConfiguration.callAndResetResolutionState(Lorg/gradle/internal/Factory;)Ljava/lang/Object;+28
j  org.gradle.api.internal.initialization.DefaultScriptHandler.getInstrumentedScriptClassPath()Lorg/gradle/internal/classpath/ClassPath;+54
j  org.gradle.plugin.use.internal.DefaultPluginRequestApplicator.applyPlugins(Lorg/gradle/plugin/management/internal/PluginRequests;Lorg/gradle/api/internal/initialization/ScriptHandlerInternal;Lorg/gradle/api/internal/plugins/PluginManagerInternal;Lorg/gradle/api/internal/initialization/ClassLoaderScope;)V+16
j  org.gradle.kotlin.dsl.provider.PluginRequestsHandler.handle(Lorg/gradle/plugin/management/internal/PluginRequests;Lorg/gradle/api/internal/initialization/ScriptHandlerInternal;Lorg/gradle/api/internal/plugins/PluginAwareInternal;Lorg/gradle/api/internal/initialization/ClassLoaderScope;)V+72
j  org.gradle.kotlin.dsl.provider.StandardKotlinScriptEvaluator$InterpreterHost.applyPluginsTo(Lorg/gradle/kotlin/dsl/support/KotlinScriptHost;Lorg/gradle/plugin/management/internal/PluginRequests;)V+52
j  org.gradle.kotlin.dsl.execution.Interpreter$ProgramHost.applyPluginsTo(Lorg/gradle/kotlin/dsl/support/KotlinScriptHost;Lorg/gradle/plugin/management/internal/PluginRequests;)V+21
j  Program.execute(Lorg/gradle/kotlin/dsl/execution/ExecutableProgram$Host;Lorg/gradle/kotlin/dsl/support/KotlinScriptHost;)V+45
j  org.gradle.kotlin.dsl.execution.Interpreter$ProgramHost.eval(Lorg/gradle/kotlin/dsl/execution/CompiledScript;Lorg/gradle/kotlin/dsl/support/KotlinScriptHost;)V+88
j  org.gradle.kotlin.dsl.execution.Interpreter.eval(Ljava/lang/Object;Lorg/gradle/groovy/scripts/ScriptSource;Lorg/gradle/internal/hash/HashCode;Lorg/gradle/api/initialization/dsl/ScriptHandler;Lorg/gradle/api/internal/initialization/ClassLoaderScope;Lorg/gradle/api/internal/initialization/ClassLoaderScope;ZLjava/util/EnumSet;)V+213
j  org.gradle.kotlin.dsl.provider.StandardKotlinScriptEvaluator.evaluate(Ljava/lang/Object;Lorg/gradle/groovy/scripts/ScriptSource;Lorg/gradle/api/initialization/dsl/ScriptHandler;Lorg/gradle/api/internal/initialization/ClassLoaderScope;Lorg/gradle/api/internal/initialization/ClassLoaderScope;ZLjava/util/EnumSet;)V+163
j  org.gradle.kotlin.dsl.provider.KotlinScriptPluginFactory$create$1.invoke(Ljava/lang/Object;)V+41
j  org.gradle.kotlin.dsl.provider.KotlinScriptPluginFactory$create$1.invoke(Ljava/lang/Object;)Ljava/lang/Object;+2
j  org.gradle.kotlin.dsl.provider.KotlinScriptPlugin.apply(Ljava/lang/Object;)V+22
j  org.gradle.configuration.BuildOperationScriptPlugin$1.run(Lorg/gradle/internal/operations/BuildOperationContext;)V+11
j  org.gradle.internal.operations.DefaultBuildOperationRunner$1.execute(Lorg/gradle/internal/operations/RunnableBuildOperation;Lorg/gradle/internal/operations/BuildOperationContext;)V+2
j  org.gradle.internal.operations.DefaultBuildOperationRunner$1.execute(Lorg/gradle/internal/operations/BuildOperation;Lorg/gradle/internal/operations/BuildOperationContext;)V+6
j  org.gradle.internal.operations.DefaultBuildOperationRunner$2.execute(Lorg/gradle/internal/operations/BuildOperationDescriptor;Lorg/gradle/internal/operations/BuildOperationState;Lorg/gradle/internal/operations/BuildOperationState;Lorg/gradle/internal/operations/DefaultBuildOperationRunner$ReadableBuildOperationContext;Lorg/gradle/internal/operations/DefaultBuildOperationRunner$BuildOperationExecutionListener;)Lorg/gradle/internal/operations/BuildOperation;+22
j  org.gradle.internal.operations.DefaultBuildOperationRunner$2.execute(Lorg/gradle/internal/operations/BuildOperationDescriptor;Lorg/gradle/internal/operations/BuildOperationState;Lorg/gradle/internal/operations/BuildOperationState;Lorg/gradle/internal/operations/DefaultBuildOperationRunner$ReadableBuildOperationContext;Lorg/gradle/internal/operations/DefaultBuildOperationRunner$BuildOperationExecutionListener;)Ljava/lang/Object;+8
j  org.gradle.internal.operations.DefaultBuildOperationRunner.execute(Lorg/gradle/internal/operations/BuildOperationDescriptor$Builder;Lorg/gradle/internal/operations/BuildOperationState;Lorg/gradle/internal/operations/DefaultBuildOperationRunner$BuildOperationExecution;)Ljava/lang/Object;+141
j  org.gradle.internal.operations.DefaultBuildOperationRunner.execute(Lorg/gradle/internal/operations/BuildOperation;Lorg/gradle/internal/operations/BuildOperationWorker;Lorg/gradle/internal/operations/BuildOperationState;)V+18
j  org.gradle.internal.operations.DefaultBuildOperationRunner.run(Lorg/gradle/internal/operations/RunnableBuildOperation;)V+9
j  org.gradle.configuration.BuildOperationScriptPlugin.lambda$apply$0(Ljava/lang/Object;Lorg/gradle/internal/code/UserCodeApplicationId;)V+14
j  org.gradle.configuration.BuildOperationScriptPlugin$$Lambda+0x0000025481595840.execute(Ljava/lang/Object;)V+12
j  org.gradle.internal.code.DefaultUserCodeApplicationContext.apply(Lorg/gradle/internal/code/UserCodeSource;Lorg/gradle/api/Action;)V+37
j  org.gradle.configuration.BuildOperationScriptPlugin.apply(Ljava/lang/Object;)V+71
j  org.gradle.initialization.ScriptEvaluatingSettingsProcessor.applySettingsScript(Lorg/gradle/groovy/scripts/TextResourceScriptSource;Lorg/gradle/api/internal/SettingsInternal;)V+32
j  org.gradle.initialization.ScriptEvaluatingSettingsProcessor.process(Lorg/gradle/api/internal/GradleInternal;Lorg/gradle/initialization/SettingsLocation;Lorg/gradle/api/internal/initialization/ClassLoaderScope;Lorg/gradle/StartParameter;)Lorg/gradle/initialization/SettingsState;+90
j  org.gradle.initialization.SettingsEvaluatedCallbackFiringSettingsProcessor.process(Lorg/gradle/api/internal/GradleInternal;Lorg/gradle/initialization/SettingsLocation;Lorg/gradle/api/internal/initialization/ClassLoaderScope;Lorg/gradle/StartParameter;)Lorg/gradle/initialization/SettingsState;+9
j  org.gradle.initialization.RootBuildCacheControllerSettingsProcessor.process(Lorg/gradle/api/internal/GradleInternal;Lorg/gradle/initialization/SettingsLocation;Lorg/gradle/api/internal/initialization/ClassLoaderScope;Lorg/gradle/StartParameter;)Lorg/gradle/initialization/SettingsState;+9
j  org.gradle.initialization.BuildOperationSettingsProcessor$2.call(Lorg/gradle/internal/operations/BuildOperationContext;)Lorg/gradle/initialization/SettingsState;+23
j  org.gradle.initialization.BuildOperationSettingsProcessor$2.call(Lorg/gradle/internal/operations/BuildOperationContext;)Ljava/lang/Object;+2
j  org.gradle.internal.operations.DefaultBuildOperationRunner$CallableBuildOperationWorker.execute(Lorg/gradle/internal/operations/CallableBuildOperation;Lorg/gradle/internal/operations/BuildOperationContext;)V+3
j  org.gradle.internal.operations.DefaultBuildOperationRunner$CallableBuildOperationWorker.execute(Lorg/gradle/internal/operations/BuildOperation;Lorg/gradle/internal/operations/BuildOperationContext;)V+6
j  org.gradle.internal.operations.DefaultBuildOperationRunner$2.execute(Lorg/gradle/internal/operations/BuildOperationDescriptor;Lorg/gradle/internal/operations/BuildOperationState;Lorg/gradle/internal/operations/BuildOperationState;Lorg/gradle/internal/operations/DefaultBuildOperationRunner$ReadableBuildOperationContext;Lorg/gradle/internal/operations/DefaultBuildOperationRunner$BuildOperationExecutionListener;)Lorg/gradle/internal/operations/BuildOperation;+22
j  org.gradle.internal.operations.DefaultBuildOperationRunner$2.execute(Lorg/gradle/internal/operations/BuildOperationDescriptor;Lorg/gradle/internal/operations/BuildOperationState;Lorg/gradle/internal/operations/BuildOperationState;Lorg/gradle/internal/operations/DefaultBuildOperationRunner$ReadableBuildOperationContext;Lorg/gradle/internal/operations/DefaultBuildOperationRunner$BuildOperationExecutionListener;)Ljava/lang/Object;+8
j  org.gradle.internal.operations.DefaultBuildOperationRunner.execute(Lorg/gradle/internal/operations/BuildOperationDescriptor$Builder;Lorg/gradle/internal/operations/BuildOperationState;Lorg/gradle/internal/operations/DefaultBuildOperationRunner$BuildOperationExecution;)Ljava/lang/Object;+141
j  org.gradle.internal.operations.DefaultBuildOperationRunner.execute(Lorg/gradle/internal/operations/BuildOperation;Lorg/gradle/internal/operations/BuildOperationWorker;Lorg/gradle/internal/operations/BuildOperationState;)V+18
j  org.gradle.internal.operations.DefaultBuildOperationRunner.call(Lorg/gradle/internal/operations/CallableBuildOperation;)Ljava/lang/Object;+16
j  org.gradle.initialization.BuildOperationSettingsProcessor.process(Lorg/gradle/api/internal/GradleInternal;Lorg/gradle/initialization/SettingsLocation;Lorg/gradle/api/internal/initialization/ClassLoaderScope;Lorg/gradle/StartParameter;)Lorg/gradle/initialization/SettingsState;+17
j  org.gradle.initialization.DefaultSettingsLoader.findSettingsAndLoadIfAppropriate(Lorg/gradle/api/internal/GradleInternal;Lorg/gradle/StartParameter;Lorg/gradle/initialization/SettingsLocation;Lorg/gradle/api/internal/initialization/ClassLoaderScope;)Lorg/gradle/initialization/SettingsState;+9
j  org.gradle.initialization.DefaultSettingsLoader.findAndLoadSettings(Lorg/gradle/api/internal/GradleInternal;)Lorg/gradle/initialization/SettingsState;+33
j  org.gradle.initialization.SettingsAttachingSettingsLoader.findAndLoadSettings(Lorg/gradle/api/internal/GradleInternal;)Lorg/gradle/initialization/SettingsState;+5
j  org.gradle.internal.composite.CommandLineIncludedBuildSettingsLoader.findAndLoadSettings(Lorg/gradle/api/internal/GradleInternal;)Lorg/gradle/initialization/SettingsState;+5
j  org.gradle.internal.composite.ChildBuildRegisteringSettingsLoader.findAndLoadSettings(Lorg/gradle/api/internal/GradleInternal;)Lorg/gradle/initialization/SettingsState;+5
j  org.gradle.internal.composite.CompositeBuildSettingsLoader.findAndLoadSettings(Lorg/gradle/api/internal/GradleInternal;)Lorg/gradle/initialization/SettingsState;+5
j  org.gradle.initialization.InitScriptHandlingSettingsLoader.findAndLoadSettings(Lorg/gradle/api/internal/GradleInternal;)Lorg/gradle/initialization/SettingsState;+13
j  org.gradle.api.internal.initialization.CacheConfigurationsHandlingSettingsLoader.findAndLoadSettings(Lorg/gradle/api/internal/GradleInternal;)Lorg/gradle/initialization/SettingsState;+15
j  org.gradle.initialization.GradlePropertiesHandlingSettingsLoader.findAndLoadSettings(Lorg/gradle/api/internal/GradleInternal;)Lorg/gradle/initialization/SettingsState;+40
j  org.gradle.initialization.DefaultSettingsPreparer.prepareSettings(Lorg/gradle/api/internal/GradleInternal;)V+33
j  org.gradle.initialization.BuildOperationFiringSettingsPreparer$LoadBuild.doLoadBuild()V+11
j  org.gradle.initialization.BuildOperationFiringSettingsPreparer$LoadBuild.run(Lorg/gradle/internal/operations/BuildOperationContext;)V+1
j  org.gradle.internal.operations.DefaultBuildOperationRunner$1.execute(Lorg/gradle/internal/operations/RunnableBuildOperation;Lorg/gradle/internal/operations/BuildOperationContext;)V+2
j  org.gradle.internal.operations.DefaultBuildOperationRunner$1.execute(Lorg/gradle/internal/operations/BuildOperation;Lorg/gradle/internal/operations/BuildOperationContext;)V+6
j  org.gradle.internal.operations.DefaultBuildOperationRunner$2.execute(Lorg/gradle/internal/operations/BuildOperationDescriptor;Lorg/gradle/internal/operations/BuildOperationState;Lorg/gradle/internal/operations/BuildOperationState;Lorg/gradle/internal/operations/DefaultBuildOperationRunner$ReadableBuildOperationContext;Lorg/gradle/internal/operations/DefaultBuildOperationRunner$BuildOperationExecutionListener;)Lorg/gradle/internal/operations/BuildOperation;+22
j  org.gradle.internal.operations.DefaultBuildOperationRunner$2.execute(Lorg/gradle/internal/operations/BuildOperationDescriptor;Lorg/gradle/internal/operations/BuildOperationState;Lorg/gradle/internal/operations/BuildOperationState;Lorg/gradle/internal/operations/DefaultBuildOperationRunner$ReadableBuildOperationContext;Lorg/gradle/internal/operations/DefaultBuildOperationRunner$BuildOperationExecutionListener;)Ljava/lang/Object;+8
j  org.gradle.internal.operations.DefaultBuildOperationRunner.execute(Lorg/gradle/internal/operations/BuildOperationDescriptor$Builder;Lorg/gradle/internal/operations/BuildOperationState;Lorg/gradle/internal/operations/DefaultBuildOperationRunner$BuildOperationExecution;)Ljava/lang/Object;+141
j  org.gradle.internal.operations.DefaultBuildOperationRunner.execute(Lorg/gradle/internal/operations/BuildOperation;Lorg/gradle/internal/operations/BuildOperationWorker;Lorg/gradle/internal/operations/BuildOperationState;)V+18
j  org.gradle.internal.operations.DefaultBuildOperationRunner.run(Lorg/gradle/internal/operations/RunnableBuildOperation;)V+9
j  org.gradle.initialization.BuildOperationFiringSettingsPreparer.prepareSettings(Lorg/gradle/api/internal/GradleInternal;)V+31
j  org.gradle.initialization.VintageBuildModelController.lambda$prepareSettings$1()V+8
j  org.gradle.initialization.VintageBuildModelController$$Lambda+0x00000254813bb2f0.run()V+4
j  org.gradle.internal.model.StateTransitionController.lambda$doTransition$14(Ljava/lang/Runnable;)Lorg/gradle/internal/build/ExecutionResult;+1
j  org.gradle.internal.model.StateTransitionController$$Lambda+0x00000254813bb0c8.get()Ljava/lang/Object;+4
j  org.gradle.internal.model.StateTransitionController.doTransition(Lorg/gradle/internal/model/StateTransitionController$State;Lorg/gradle/internal/model/StateTransitionController$State;Ljava/util/function/Supplier;)Lorg/gradle/internal/build/ExecutionResult;+24
j  org.gradle.internal.model.StateTransitionController.doTransition(Lorg/gradle/internal/model/StateTransitionController$State;Lorg/gradle/internal/model/StateTransitionController$State;Ljava/lang/Runnable;)V+9
j  org.gradle.internal.model.StateTransitionController.lambda$transitionIfNotPreviously$11(Lorg/gradle/internal/model/StateTransitionController$State;Lorg/gradle/internal/model/StateTransitionController$State;Ljava/lang/Runnable;)V+16
j  org.gradle.internal.model.StateTransitionController$$Lambda+0x00000254813bb518.run()V+16
j  org.gradle.internal.work.DefaultSynchronizer.withLock(Ljava/lang/Runnable;)V+6
j  org.gradle.internal.model.StateTransitionController.transitionIfNotPreviously(Lorg/gradle/internal/model/StateTransitionController$State;Lorg/gradle/internal/model/StateTransitionController$State;Ljava/lang/Runnable;)V+13
j  org.gradle.initialization.VintageBuildModelController.prepareSettings()V+16
j  org.gradle.initialization.VintageBuildModelController.prepareToScheduleTasks()V+1
j  org.gradle.internal.build.DefaultBuildLifecycleController.lambda$prepareToScheduleTasks$6()V+9
j  org.gradle.internal.build.DefaultBuildLifecycleController$$Lambda+0x00000254813bac78.run()V+4
j  org.gradle.internal.model.StateTransitionController.lambda$doTransition$14(Ljava/lang/Runnable;)Lorg/gradle/internal/build/ExecutionResult;+1
j  org.gradle.internal.model.StateTransitionController$$Lambda+0x00000254813bb0c8.get()Ljava/lang/Object;+4
j  org.gradle.internal.model.StateTransitionController.doTransition(Lorg/gradle/internal/model/StateTransitionController$State;Lorg/gradle/internal/model/StateTransitionController$State;Ljava/util/function/Supplier;)Lorg/gradle/internal/build/ExecutionResult;+24
j  org.gradle.internal.model.StateTransitionController.doTransition(Lorg/gradle/internal/model/StateTransitionController$State;Lorg/gradle/internal/model/StateTransitionController$State;Ljava/lang/Runnable;)V+9
j  org.gradle.internal.model.StateTransitionController.lambda$maybeTransition$9(Lorg/gradle/internal/model/StateTransitionController$State;Lorg/gradle/internal/model/StateTransitionController$State;Ljava/lang/Runnable;)V+16
j  org.gradle.internal.model.StateTransitionController$$Lambda+0x00000254813baea0.run()V+16
j  org.gradle.internal.work.DefaultSynchronizer.withLock(Ljava/lang/Runnable;)V+6
j  org.gradle.internal.model.StateTransitionController.maybeTransition(Lorg/gradle/internal/model/StateTransitionController$State;Lorg/gradle/internal/model/StateTransitionController$State;Ljava/lang/Runnable;)V+13
j  org.gradle.internal.build.DefaultBuildLifecycleController.prepareToScheduleTasks()V+16
j  org.gradle.internal.buildtree.DefaultBuildTreeWorkPreparer.scheduleRequestedTasks(Lorg/gradle/internal/buildtree/BuildTreeWorkGraph;Lorg/gradle/execution/EntryTaskSelector;)Lorg/gradle/internal/buildtree/BuildTreeWorkGraph$FinalizedGraph;+4
j  org.gradle.internal.cc.impl.VintageBuildTreeWorkController$scheduleAndRunRequestedTasks$1.apply(Lorg/gradle/internal/buildtree/BuildTreeWorkGraph;)Lorg/gradle/internal/build/ExecutionResult;+18
j  org.gradle.internal.cc.impl.VintageBuildTreeWorkController$scheduleAndRunRequestedTasks$1.apply(Ljava/lang/Object;)Ljava/lang/Object;+5
j  org.gradle.composite.internal.DefaultIncludedBuildTaskGraph.withNewWorkGraph(Ljava/util/function/Function;)Ljava/lang/Object;+30
j  org.gradle.internal.cc.impl.VintageBuildTreeWorkController.scheduleAndRunRequestedTasks(Lorg/gradle/execution/EntryTaskSelector;)Lorg/gradle/internal/build/ExecutionResult;+16
j  org.gradle.internal.buildtree.DefaultBuildTreeLifecycleController.lambda$scheduleAndRunTasks$1(Lorg/gradle/execution/EntryTaskSelector;)Lorg/gradle/internal/build/ExecutionResult;+5
j  org.gradle.internal.buildtree.DefaultBuildTreeLifecycleController$$Lambda+0x00000254813bfc90.get()Ljava/lang/Object;+8
j  org.gradle.internal.buildtree.DefaultBuildTreeLifecycleController.lambda$runBuild$4(Ljava/util/function/Supplier;)Ljava/lang/Object;+1
j  org.gradle.internal.buildtree.DefaultBuildTreeLifecycleController$$Lambda+0x00000254813ba000.get()Ljava/lang/Object;+8
j  org.gradle.internal.model.StateTransitionController.lambda$transition$6(Ljava/util/function/Supplier;)Lorg/gradle/internal/build/ExecutionResult;+1
j  org.gradle.internal.model.StateTransitionController$$Lambda+0x00000254813ba450.get()Ljava/lang/Object;+4
j  org.gradle.internal.model.StateTransitionController.doTransition(Lorg/gradle/internal/model/StateTransitionController$State;Lorg/gradle/internal/model/StateTransitionController$State;Ljava/util/function/Supplier;)Lorg/gradle/internal/build/ExecutionResult;+24
j  org.gradle.internal.model.StateTransitionController.lambda$transition$7(Lorg/gradle/internal/model/StateTransitionController$State;Lorg/gradle/internal/model/StateTransitionController$State;Ljava/util/function/Supplier;)Ljava/lang/Object;+9
j  org.gradle.internal.model.StateTransitionController$$Lambda+0x00000254813ba228.create()Ljava/lang/Object;+16
j  org.gradle.internal.work.DefaultSynchronizer.withLock(Lorg/gradle/internal/Factory;)Ljava/lang/Object;+6
j  org.gradle.internal.model.StateTransitionController.transition(Lorg/gradle/internal/model/StateTransitionController$State;Lorg/gradle/internal/model/StateTransitionController$State;Ljava/util/function/Supplier;)Ljava/lang/Object;+13
j  org.gradle.internal.buildtree.DefaultBuildTreeLifecycleController.runBuild(Ljava/util/function/Supplier;)Ljava/lang/Object;+17
j  org.gradle.internal.buildtree.DefaultBuildTreeLifecycleController.scheduleAndRunTasks(Lorg/gradle/execution/EntryTaskSelector;)V+8
j  org.gradle.internal.buildtree.DefaultBuildTreeLifecycleController.scheduleAndRunTasks()V+2
j  org.gradle.tooling.internal.provider.runner.BuildModelActionRunner.run(Lorg/gradle/internal/invocation/BuildAction;Lorg/gradle/internal/buildtree/BuildTreeLifecycleController;)Lorg/gradle/internal/buildtree/BuildActionRunner$Result;+65
j  org.gradle.launcher.exec.ChainingBuildActionRunner.run(Lorg/gradle/internal/invocation/BuildAction;Lorg/gradle/internal/buildtree/BuildTreeLifecycleController;)Lorg/gradle/internal/buildtree/BuildActionRunner$Result;+34
j  org.gradle.internal.buildtree.ProblemReportingBuildActionRunner.run(Lorg/gradle/internal/invocation/BuildAction;Lorg/gradle/internal/buildtree/BuildTreeLifecycleController;)Lorg/gradle/internal/buildtree/BuildActionRunner$Result;+12
j  org.gradle.launcher.exec.BuildOutcomeReportingBuildActionRunner.run(Lorg/gradle/internal/invocation/BuildAction;Lorg/gradle/internal/buildtree/BuildTreeLifecycleController;)Lorg/gradle/internal/buildtree/BuildActionRunner$Result;+69
j  org.gradle.tooling.internal.provider.FileSystemWatchingBuildActionRunner.run(Lorg/gradle/internal/invocation/BuildAction;Lorg/gradle/internal/buildtree/BuildTreeLifecycleController;)Lorg/gradle/internal/buildtree/BuildActionRunner$Result;+335
j  org.gradle.launcher.exec.BuildCompletionNotifyingBuildActionRunner.run(Lorg/gradle/internal/invocation/BuildAction;Lorg/gradle/internal/buildtree/BuildTreeLifecycleController;)Lorg/gradle/internal/buildtree/BuildActionRunner$Result;+6
j  org.gradle.launcher.exec.RootBuildLifecycleBuildActionExecutor.lambda$execute$0(Lorg/gradle/internal/invocation/BuildAction;Lorg/gradle/internal/buildtree/BuildTreeLifecycleController;)Lorg/gradle/internal/buildtree/BuildActionRunner$Result;+6
j  org.gradle.launcher.exec.RootBuildLifecycleBuildActionExecutor$$Lambda+0x00000254813a3798.apply(Ljava/lang/Object;)Ljava/lang/Object;+12
j  org.gradle.composite.internal.DefaultRootBuildState.run(Ljava/util/function/Function;)Ljava/lang/Object;+87
j  org.gradle.launcher.exec.RootBuildLifecycleBuildActionExecutor.execute(Lorg/gradle/internal/invocation/BuildAction;Lorg/gradle/internal/buildtree/BuildTreeContext;)Lorg/gradle/internal/buildtree/BuildActionRunner$Result;+28
j  org.gradle.internal.buildtree.InitDeprecationLoggingActionExecutor.execute(Lorg/gradle/internal/invocation/BuildAction;Lorg/gradle/internal/buildtree/BuildTreeContext;)Lorg/gradle/internal/buildtree/BuildActionRunner$Result;+83
j  org.gradle.internal.buildtree.InitProblems.execute(Lorg/gradle/internal/invocation/BuildAction;Lorg/gradle/internal/buildtree/BuildTreeContext;)Lorg/gradle/internal/buildtree/BuildActionRunner$Result;+13
j  org.gradle.internal.buildtree.DefaultBuildTreeContext.execute(Lorg/gradle/internal/invocation/BuildAction;)Lorg/gradle/internal/buildtree/BuildActionRunner$Result;+64
j  org.gradle.launcher.exec.BuildTreeLifecycleBuildActionExecutor.lambda$execute$0(Lorg/gradle/internal/invocation/BuildAction;Lorg/gradle/internal/buildtree/BuildTreeContext;)Lorg/gradle/internal/buildtree/BuildActionRunner$Result;+2
j  org.gradle.launcher.exec.BuildTreeLifecycleBuildActionExecutor$$Lambda+0x00000254812a8c80.apply(Ljava/lang/Object;)Ljava/lang/Object;+8
j  org.gradle.internal.buildtree.BuildTreeState.run(Ljava/util/function/Function;)Ljava/lang/Object;+45
j  org.gradle.launcher.exec.BuildTreeLifecycleBuildActionExecutor.execute(Lorg/gradle/internal/invocation/BuildAction;Lorg/gradle/internal/session/BuildSessionContext;)Lorg/gradle/internal/buildtree/BuildActionRunner$Result;+74
j  org.gradle.launcher.exec.RunAsBuildOperationBuildActionExecutor$3.call(Lorg/gradle/internal/operations/BuildOperationContext;)Lorg/gradle/internal/buildtree/BuildActionRunner$Result;+25
j  org.gradle.launcher.exec.RunAsBuildOperationBuildActionExecutor$3.call(Lorg/gradle/internal/operations/BuildOperationContext;)Ljava/lang/Object;+2
j  org.gradle.internal.operations.DefaultBuildOperationRunner$CallableBuildOperationWorker.execute(Lorg/gradle/internal/operations/CallableBuildOperation;Lorg/gradle/internal/operations/BuildOperationContext;)V+3
j  org.gradle.internal.operations.DefaultBuildOperationRunner$CallableBuildOperationWorker.execute(Lorg/gradle/internal/operations/BuildOperation;Lorg/gradle/internal/operations/BuildOperationContext;)V+6
j  org.gradle.internal.operations.DefaultBuildOperationRunner$2.execute(Lorg/gradle/internal/operations/BuildOperationDescriptor;Lorg/gradle/internal/operations/BuildOperationState;Lorg/gradle/internal/operations/BuildOperationState;Lorg/gradle/internal/operations/DefaultBuildOperationRunner$ReadableBuildOperationContext;Lorg/gradle/internal/operations/DefaultBuildOperationRunner$BuildOperationExecutionListener;)Lorg/gradle/internal/operations/BuildOperation;+22
j  org.gradle.internal.operations.DefaultBuildOperationRunner$2.execute(Lorg/gradle/internal/operations/BuildOperationDescriptor;Lorg/gradle/internal/operations/BuildOperationState;Lorg/gradle/internal/operations/BuildOperationState;Lorg/gradle/internal/operations/DefaultBuildOperationRunner$ReadableBuildOperationContext;Lorg/gradle/internal/operations/DefaultBuildOperationRunner$BuildOperationExecutionListener;)Ljava/lang/Object;+8
j  org.gradle.internal.operations.DefaultBuildOperationRunner.execute(Lorg/gradle/internal/operations/BuildOperationDescriptor$Builder;Lorg/gradle/internal/operations/BuildOperationState;Lorg/gradle/internal/operations/DefaultBuildOperationRunner$BuildOperationExecution;)Ljava/lang/Object;+141
j  org.gradle.internal.operations.DefaultBuildOperationRunner.execute(Lorg/gradle/internal/operations/BuildOperation;Lorg/gradle/internal/operations/BuildOperationWorker;Lorg/gradle/internal/operations/BuildOperationState;)V+18
j  org.gradle.internal.operations.DefaultBuildOperationRunner.call(Lorg/gradle/internal/operations/CallableBuildOperation;)Ljava/lang/Object;+16
j  org.gradle.launcher.exec.RunAsBuildOperationBuildActionExecutor.execute(Lorg/gradle/internal/invocation/BuildAction;Lorg/gradle/internal/session/BuildSessionContext;)Lorg/gradle/internal/buildtree/BuildActionRunner$Result;+23
j  org.gradle.launcher.exec.RunAsWorkerThreadBuildActionExecutor.lambda$execute$0(Lorg/gradle/internal/invocation/BuildAction;Lorg/gradle/internal/session/BuildSessionContext;)Lorg/gradle/internal/buildtree/BuildActionRunner$Result;+6
j  org.gradle.launcher.exec.RunAsWorkerThreadBuildActionExecutor$$Lambda+0x0000025481276870.create()Ljava/lang/Object;+12
j  org.gradle.internal.work.DefaultWorkerLeaseService.withLocks(Ljava/util/Collection;Lorg/gradle/internal/Factory;)Ljava/lang/Object;+28
j  org.gradle.internal.work.DefaultWorkerLeaseService.runAsWorkerThread(Lorg/gradle/internal/Factory;)Ljava/lang/Object;+33
j  org.gradle.launcher.exec.RunAsWorkerThreadBuildActionExecutor.execute(Lorg/gradle/internal/invocation/BuildAction;Lorg/gradle/internal/session/BuildSessionContext;)Lorg/gradle/internal/buildtree/BuildActionRunner$Result;+12
j  org.gradle.tooling.internal.provider.continuous.ContinuousBuildActionExecutor.execute(Lorg/gradle/internal/invocation/BuildAction;Lorg/gradle/internal/session/BuildSessionContext;)Lorg/gradle/internal/buildtree/BuildActionRunner$Result;+58
j  org.gradle.tooling.internal.provider.SubscribableBuildActionExecutor.execute(Lorg/gradle/internal/invocation/BuildAction;Lorg/gradle/internal/session/BuildSessionContext;)Lorg/gradle/internal/buildtree/BuildActionRunner$Result;+30
j  org.gradle.internal.session.DefaultBuildSessionContext.execute(Lorg/gradle/internal/invocation/BuildAction;)Lorg/gradle/internal/buildtree/BuildActionRunner$Result;+64
j  org.gradle.internal.buildprocess.execution.BuildSessionLifecycleBuildActionExecutor$ActionImpl.apply(Lorg/gradle/internal/session/BuildSessionContext;)Lorg/gradle/launcher/exec/BuildActionResult;+6
j  org.gradle.internal.buildprocess.execution.BuildSessionLifecycleBuildActionExecutor$ActionImpl.apply(Ljava/lang/Object;)Ljava/lang/Object;+5
j  org.gradle.internal.session.BuildSessionState.run(Ljava/util/function/Function;)Ljava/lang/Object;+5
j  org.gradle.internal.buildprocess.execution.BuildSessionLifecycleBuildActionExecutor.execute(Lorg/gradle/internal/invocation/BuildAction;Lorg/gradle/launcher/exec/BuildActionParameters;Lorg/gradle/initialization/BuildRequestContext;)Lorg/gradle/launcher/exec/BuildActionResult;+95
j  org.gradle.internal.buildprocess.execution.BuildSessionLifecycleBuildActionExecutor.execute(Lorg/gradle/internal/invocation/BuildAction;Ljava/lang/Object;Ljava/lang/Object;)Lorg/gradle/launcher/exec/BuildActionResult;+10
j  org.gradle.internal.buildprocess.execution.StartParamsValidatingActionExecutor.execute(Lorg/gradle/internal/invocation/BuildAction;Lorg/gradle/launcher/exec/BuildActionParameters;Lorg/gradle/initialization/BuildRequestContext;)Lorg/gradle/launcher/exec/BuildActionResult;+203
j  org.gradle.internal.buildprocess.execution.StartParamsValidatingActionExecutor.execute(Lorg/gradle/internal/invocation/BuildAction;Ljava/lang/Object;Ljava/lang/Object;)Lorg/gradle/launcher/exec/BuildActionResult;+10
j  org.gradle.internal.buildprocess.execution.SessionFailureReportingActionExecutor.execute(Lorg/gradle/internal/invocation/BuildAction;Lorg/gradle/launcher/exec/BuildActionParameters;Lorg/gradle/initialization/BuildRequestContext;)Lorg/gradle/launcher/exec/BuildActionResult;+7
j  org.gradle.internal.buildprocess.execution.SessionFailureReportingActionExecutor.execute(Lorg/gradle/internal/invocation/BuildAction;Ljava/lang/Object;Ljava/lang/Object;)Lorg/gradle/launcher/exec/BuildActionResult;+10
j  org.gradle.internal.buildprocess.execution.SetupLoggingActionExecutor.execute(Lorg/gradle/internal/invocation/BuildAction;Lorg/gradle/launcher/exec/BuildActionParameters;Lorg/gradle/initialization/BuildRequestContext;)Lorg/gradle/launcher/exec/BuildActionResult;+50
j  org.gradle.internal.buildprocess.execution.SetupLoggingActionExecutor.execute(Lorg/gradle/internal/invocation/BuildAction;Ljava/lang/Object;Ljava/lang/Object;)Lorg/gradle/launcher/exec/BuildActionResult;+10
j  org.gradle.launcher.daemon.server.exec.ExecuteBuild.doBuild(Lorg/gradle/launcher/daemon/server/api/DaemonCommandExecution;Lorg/gradle/launcher/daemon/protocol/Build;)V+147
j  org.gradle.launcher.daemon.server.exec.BuildCommandOnly.execute(Lorg/gradle/launcher/daemon/server/api/DaemonCommandExecution;)V+49
j  org.gradle.launcher.daemon.server.api.DaemonCommandExecution.proceed()Z+23
j  org.gradle.launcher.daemon.server.exec.WatchForDisconnection.execute(Lorg/gradle/launcher/daemon/server/api/DaemonCommandExecution;)V+19
j  org.gradle.launcher.daemon.server.api.DaemonCommandExecution.proceed()Z+23
j  org.gradle.launcher.daemon.server.exec.ResetDeprecationLogger.execute(Lorg/gradle/launcher/daemon/server/api/DaemonCommandExecution;)V+7
j  org.gradle.launcher.daemon.server.api.DaemonCommandExecution.proceed()Z+23
j  org.gradle.launcher.daemon.server.exec.RequestStopIfSingleUsedDaemon.execute(Lorg/gradle/launcher/daemon/server/api/DaemonCommandExecution;)V+33
j  org.gradle.launcher.daemon.server.api.DaemonCommandExecution.proceed()Z+23
j  org.gradle.launcher.daemon.server.exec.ForwardClientInput.lambda$execute$0(Lorg/gradle/launcher/daemon/server/api/DaemonCommandExecution;Lorg/gradle/internal/daemon/clientinput/StdinHandler;)Ljava/lang/Object;+11
j  org.gradle.launcher.daemon.server.exec.ForwardClientInput$$Lambda+0x000002548118e000.apply(Ljava/lang/Object;)Ljava/lang/Object;+8
j  org.gradle.internal.daemon.clientinput.ClientInputForwarder.forwardInput(Ljava/util/function/Function;)Ljava/lang/Object;+46
j  org.gradle.launcher.daemon.server.exec.ForwardClientInput.execute(Lorg/gradle/launcher/daemon/server/api/DaemonCommandExecution;)V+10
j  org.gradle.launcher.daemon.server.api.DaemonCommandExecution.proceed()Z+23
j  org.gradle.launcher.daemon.server.exec.LogAndCheckHealth.execute(Lorg/gradle/launcher/daemon/server/api/DaemonCommandExecution;)V+51
j  org.gradle.launcher.daemon.server.api.DaemonCommandExecution.proceed()Z+23
j  org.gradle.launcher.daemon.server.exec.LogToClient.doBuild(Lorg/gradle/launcher/daemon/server/api/DaemonCommandExecution;Lorg/gradle/launcher/daemon/protocol/Build;)V+87
j  org.gradle.launcher.daemon.server.exec.BuildCommandOnly.execute(Lorg/gradle/launcher/daemon/server/api/DaemonCommandExecution;)V+49
j  org.gradle.launcher.daemon.server.api.DaemonCommandExecution.proceed()Z+23
j  org.gradle.launcher.daemon.server.exec.EstablishBuildEnvironment.doBuild(Lorg/gradle/launcher/daemon/server/api/DaemonCommandExecution;Lorg/gradle/launcher/daemon/protocol/Build;)V+356
j  org.gradle.launcher.daemon.server.exec.BuildCommandOnly.execute(Lorg/gradle/launcher/daemon/server/api/DaemonCommandExecution;)V+49
j  org.gradle.launcher.daemon.server.api.DaemonCommandExecution.proceed()Z+23
j  org.gradle.launcher.daemon.server.exec.StartBuildOrRespondWithBusy$1.run()V+44
j  org.gradle.launcher.daemon.server.DaemonStateCoordinator.lambda$runCommand$0(Ljava/lang/Runnable;)V+1
j  org.gradle.launcher.daemon.server.DaemonStateCoordinator$$Lambda+0x000002548118a930.run()V+8
j  org.gradle.internal.concurrent.ExecutorPolicy$CatchAndRecordFailures.onExecute(Ljava/lang/Runnable;)V+1
j  org.gradle.internal.concurrent.AbstractManagedExecutor$1.run()V+25
j  java.util.concurrent.ThreadPoolExecutor.runWorker(Ljava/util/concurrent/ThreadPoolExecutor$Worker;)V+92 java.base@21.0.12.1
j  java.util.concurrent.ThreadPoolExecutor$Worker.run()V+5 java.base@21.0.12.1
j  java.lang.Thread.runWith(Ljava/lang/Object;Ljava/lang/Runnable;)V+5 java.base@21.0.12.1
j  java.lang.Thread.run()V+19 java.base@21.0.12.1
v  ~StubRoutines::call_stub 0x00000254d7fd100d

Compiled method (n/a) 251711  790     n 0       java.lang.ClassLoader::defineClass1 (native)
 total in heap  [0x00000254d85c2f90,0x00000254d85c3528] = 1432
 relocation     [0x00000254d85c30f0,0x00000254d85c3128] = 56
 main code      [0x00000254d85c3140,0x00000254d85c3521] = 993
 stub code      [0x00000254d85c3521,0x00000254d85c3528] = 7

[Constant Pool (empty)]

[MachCode]
[Entry Point]
  # {method} {0x0000025480434c38} 'defineClass1' '(Ljava/lang/ClassLoader;Ljava/lang/String;[BIILjava/security/ProtectionDomain;Ljava/lang/String;)Ljava/lang/Class;' in 'java/lang/ClassLoader'
  # parm0:    rdx:rdx   = 'java/lang/ClassLoader'
  # parm1:    r8:r8     = 'java/lang/String'
  # parm2:    r9:r9     = '[B'
  # parm3:    rdi       = int
  # parm4:    rsi       = int
  # parm5:    rcx:rcx   = 'java/security/ProtectionDomain'
  # parm6:    [sp+0xa0]   = 'java/lang/String'  (sp of caller)
  0x00000254d85c3140: 448b 5208 | 49bb 0000 | 0080 5402 | 0000 4d03 | d349 3bc2 | 0f84 0600 

  0x00000254d85c3158: ;   {runtime_call ic_miss_stub}
  0x00000254d85c3158: 0000 e921 | b6a5 ff90 
[Verified Entry Point]
  0x00000254d85c3160: 8984 2400 | 80ff ff55 | 488b ec48 | 81ec 9000 | 0000 6690 | 4181 7f20 | 0500 0000 

  0x00000254d85c317c: ;   {runtime_call StubRoutines (final stubs)}
  0x00000254d85c317c: 7405 e81d | 33a4 ff48 | 837d 1000 | 488d 4510 | 480f 4445 | 1048 8944 | 2440 4889 | 4c24 7048 
  0x00000254d85c319c: 83f9 0048 | 8d44 2470 | 480f 4444 | 2470 4889 | 4424 3848 | 8974 2430 | 4889 7c24 | 284c 894c 
  0x00000254d85c31bc: 2458 4983 | f900 488d | 4424 5848 | 0f44 4424 | 5848 8944 | 2420 4c89 | 4424 5049 | 83f8 004c 
  0x00000254d85c31dc: 8d4c 2450 | 4c0f 444c | 2450 4889 | 5424 4848 | 83fa 004c | 8d44 2448 | 4c0f 4444 

  0x00000254d85c31f8: ;   {oop(a 'java/lang/Class'{0x000000008085e3b8} = 'java/lang/ClassLoader')}
  0x00000254d85c31f8: 2448 49be | b8e3 8580 | 0000 0000 | 4c89 7424 | 784c 8d74 | 2478 498b | d6c5 f877 

  0x00000254d85c3214: ;   {internal_word}
  0x00000254d85c3214: 49ba 1132 | 5cd8 5402 | 0000 4d89 | 97a8 0300 | 0049 89a7 | a003 0000 

  0x00000254d85c322c: ;   {external_word}
  0x00000254d85c322c: 49ba 066d | 0ab9 fc7f | 0000 4180 | 3a00 0f84 | 4e00 0000 | 5241 5041 

  0x00000254d85c3244: ;   {metadata({method} {0x0000025480434c38} 'defineClass1' '(Ljava/lang/ClassLoader;Ljava/lang/String;[BIILjava/security/ProtectionDomain;Ljava/lang/String;)Ljava/lang/Class;' in 'java/lang/ClassLoader')}
  0x00000254d85c3244: 5148 ba30 | 4c43 8054 | 0200 0049 | 8bcf 4883 | ec20 40f6 | c40f 0f84 | 1900 0000 | 4883 ec08 
  0x00000254d85c3264: ;   {runtime_call}
  0x00000254d85c3264: 48b8 e0ea | b3b8 fc7f | 0000 ffd0 | 4883 c408 | e90c 0000 

  0x00000254d85c3278: ;   {runtime_call}
  0x00000254d85c3278: 0048 b8e0 | eab3 b8fc | 7f00 00ff | d048 83c4 | 2041 5941 | 585a 498d | 8fc0 0300 | 0041 c787 
  0x00000254d85c3298: 4c04 0000 | 0400 0000 

  0x00000254d85c32a0: ;   {runtime_call}
  0x00000254d85c32a0: 48b8 ac16 | a3d5 fc7f | 0000 ffd0 | c5f8 7741 | c787 4c04 | 0000 0500 | 0000 f083 | 4424 c000 
  0x00000254d85c32c0: 493b af50 | 0400 000f | 870e 0000 | 0041 83bf | 4804 0000 | 000f 842b | 0000 00c5 | f877 4889 
  0x00000254d85c32e0: 45f8 498b | cf4c 8be4 | 4883 ec20 | 4883 e4f0 

  0x00000254d85c32f0: ;   {runtime_call}
  0x00000254d85c32f0: 48b8 0058 | 7fb8 fc7f | 0000 ffd0 | 498b e44d | 33e4 488b | 45f8 41c7 | 874c 0400 | 0008 0000 
  0x00000254d85c3310: 0041 83bf | c804 0000 | 020f 84d5 

  0x00000254d85c331c: ;   {external_word}
  0x00000254d85c331c: 0100 0049 | ba06 6d0a | b9fc 7f00 | 0041 803a | 000f 844c | 0000 0048 

  0x00000254d85c3334: ;   {metadata({method} {0x0000025480434c38} 'defineClass1' '(Ljava/lang/ClassLoader;Ljava/lang/String;[BIILjava/security/ProtectionDomain;Ljava/lang/String;)Ljava/lang/Class;' in 'java/lang/ClassLoader')}
  0x00000254d85c3334: 8945 f848 | ba30 4c43 | 8054 0200 | 0049 8bcf | 4883 ec20 | 40f6 c40f | 0f84 1900 | 0000 4883 
  0x00000254d85c3354: ;   {runtime_call}
  0x00000254d85c3354: ec08 48b8 | e0ea b3b8 | fc7f 0000 | ffd0 4883 | c408 e90c 

  0x00000254d85c3368: ;   {runtime_call}
  0x00000254d85c3368: 0000 0048 | b8e0 eab3 | b8fc 7f00 | 00ff d048 | 83c4 2048 | 8b45 f849 | c787 a003 | 0000 0000 
  0x00000254d85c3388: 0000 49c7 | 87a8 0300 | 0000 0000 | 00c5 f877 | 4885 c00f | 8430 0100 | 00a8 030f | 8508 0000 
  0x00000254d85c33a8: 0048 8b00 | e920 0100 | 00a8 010f | 8509 0000 | 0048 8b40 | fee9 0f01 | 0000 488b | 40ff 4180 
  0x00000254d85c33c8: 7f40 000f | 8400 0100 | 0048 83f8 | 000f 84f6 | 0000 0049 | 8b4f 2848 | 83f9 000f | 8414 0000 
  0x00000254d85c33e8: 0048 83e9 | 0849 894f | 2849 034f | 3848 8901 | e9d4 0000 | 0048 83ec | 7048 8904 | 2448 894c 
  0x00000254d85c3408: 2408 4889 | 5424 104c | 8944 2418 | 4c89 4c24 | 204c 8954 | 2428 4c89 | 5c24 30c5 | fb11 4424 
  0x00000254d85c3428: 40c5 fb11 | 4c24 48c5 | fb11 5424 | 50c5 fb11 | 5c24 58c5 | fb11 6424 | 60c5 fb11 | 6c24 6849 
  0x00000254d85c3448: 8bd7 488b | c848 83ec | 2040 f6c4 | 0f0f 8419 | 0000 0048 

  0x00000254d85c345c: ;   {runtime_call}
  0x00000254d85c345c: 83ec 0848 | b820 a472 | b8fc 7f00 | 00ff d048 | 83c4 08e9 | 0c00 0000 

  0x00000254d85c3474: ;   {runtime_call}
  0x00000254d85c3474: 48b8 20a4 | 72b8 fc7f | 0000 ffd0 | 4883 c420 | c5fb 106c | 2468 c5fb | 1064 2460 | c5fb 105c 
  0x00000254d85c3494: 2458 c5fb | 1054 2450 | c5fb 104c | 2448 c5fb | 1044 2440 | 4c8b 5c24 | 304c 8b54 | 2428 4c8b 
  0x00000254d85c34b4: 4c24 204c | 8b44 2418 | 488b 5424 | 1048 8b4c | 2408 488b | 0424 4883 | c470 c5f8 | 7749 8b8f 
  0x00000254d85c34d4: 3004 0000 | c781 0001 | 0000 0000 | 0000 c949 | 837f 0800 | 0f85 0100 

  0x00000254d85c34ec: ;   {runtime_call StubRoutines (initial stubs)}
  0x00000254d85c34ec: 0000 c3e9 | 0cda a0ff | c5f8 7748 | 8945 f84c | 8be4 4883 | ec20 4883 

  0x00000254d85c3504: ;   {runtime_call}
  0x00000254d85c3504: e4f0 48b8 | 3022 b4b8 | fc7f 0000 | ffd0 498b | e44d 33e4 | 488b 45f8 | e9fe fdff | fff4 f4f4 
  0x00000254d85c3524: f4f4 f4f4 
[/MachCode]


Compiled method (c2) 251721 5018       4       java.security.SecureClassLoader::defineClass (16 bytes)
 total in heap  [0x00000254d8601990,0x00000254d8605d60] = 17360
 relocation     [0x00000254d8601af0,0x00000254d8601db0] = 704
 main code      [0x00000254d8601dc0,0x00000254d8604330] = 9584
 stub code      [0x00000254d8604330,0x00000254d8604448] = 280
 oops           [0x00000254d8604448,0x00000254d8604460] = 24
 metadata       [0x00000254d8604460,0x00000254d86045f0] = 400
 scopes data    [0x00000254d86045f0,0x00000254d8605440] = 3664
 scopes pcs     [0x00000254d8605440,0x00000254d8605a20] = 1504
 dependencies   [0x00000254d8605a20,0x00000254d8605a38] = 24
 handler table  [0x00000254d8605a38,0x00000254d8605cf0] = 696
 nul chk table  [0x00000254d8605cf0,0x00000254d8605d60] = 112

[Constant Pool (empty)]

[MachCode]
[Entry Point]
  # {method} {0x000002548004e0e8} 'defineClass' '(Ljava/lang/String;[BIILjava/security/CodeSource;)Ljava/lang/Class;' in 'java/security/SecureClassLoader'
  # this:     rdx:rdx   = 'java/security/SecureClassLoader'
  # parm0:    r8:r8     = 'java/lang/String'
  # parm1:    r9:r9     = '[B'
  # parm2:    rdi       = int
  # parm3:    rsi       = int
  # parm4:    rcx:rcx   = 'java/security/CodeSource'
  #           [sp+0xc0]  (sp of caller)
  0x00000254d8601dc0: 448b 5208 | 49bb 0000 | 0080 5402 | 0000 4d03 | d349 3bc2 

  0x00000254d8601dd4: ;   {runtime_call ic_miss_stub}
  0x00000254d8601dd4: 0f85 a6c9 | a1ff 6690 | 0f1f 4000 
[Verified Entry Point]
  0x00000254d8601de0: 8984 2400 | 80ff ff55 | 4881 ecb0 | 0000 0090 | 4181 7f20 | 0500 0000 | 0f85 2825 | 0000 8974 
  0x00000254d8601e00: 2444 897c | 2440 4c89 | 4c24 384c | 8944 2430 | 4889 5424 | 2848 8be9 | 4885 c90f | 8423 1c00 
  0x00000254d8601e20: 004d 8b87 | b801 0000 | 4d8b d049 | 83c2 104d | 3b97 c801 | 0000 0f83 | db14 0000 | 4d89 97b8 
  0x00000254d8601e40: 0100 0041 | 0f0d 8a00 | 0100 0049 | c700 0100 

  0x00000254d8601e50: ;   {metadata('java/security/SecureClassLoader$CodeSourceKey')}
  0x00000254d8601e50: 0000 41c7 | 4008 b8b4 | 1100 4c8b | dd45 8958 | 0c4d 8b8f | b801 0000 | 4c8b 5424 | 2841 8b6a 
  0x00000254d8601e70: 504d 8bd1 | 4983 c210 | 4d3b 97c8 | 0100 000f | 83b7 1400 | 004d 8997 | b801 0000 | 410f 0d8a 
  0x00000254d8601e90: 0001 0000 | 49c7 0101 

  0x00000254d8601e98: ;   {metadata('java/security/SecureClassLoader$1')}
  0x00000254d8601e98: 0000 0041 | c741 0850 | ba11 004c | 8b54 2428 | 4d8b da45 | 8959 0c44 

  0x00000254d8601eb0: ;   {metadata('java/util/concurrent/ConcurrentHashMap')}
  0x00000254d8601eb0: 8b5d 0841 | 81fb 8027 | 0600 0f85 | a419 0000 | 488b d590 

  0x00000254d8601ec4: ;   {optimized virtual_call}
  0x00000254d8601ec4: c5f8 77e8 

  0x00000254d8601ec8: ; ImmutableOopMap {[40]=Oop [48]=Oop [56]=Oop }
                      ;*invokeinterface computeIfAbsent {reexecute=0 rethrow=0 return_oop=1}
                      ; - java.security.SecureClassLoader::getProtectionDomain@28
                      ; - java.security.SecureClassLoader::defineClass@9
  0x00000254d8601ec8: b4af 0600 

  0x00000254d8601ecc: ;   {other}
  0x00000254d8601ecc: 0f1f 8400 | 3c05 0000 

  0x00000254d8601ed4: ; implicit exception: dispatches to 0x00000254d8604088
  0x00000254d8601ed4: 448b 5008 

  0x00000254d8601ed8: ;   {metadata('java/security/ProtectionDomain')}
  0x00000254d8601ed8: 4181 fae8 | 5800 000f | 85d7 2000 | 0048 8984 | 2490 0000 | 004c 8b54 | 2430 458b | 5214 458b 
  0x00000254d8601ef8: 5a0c 4585 | db0f 86ad | 1900 004c | 8b44 2430 | 450f be48 | 1045 85c9 | 0f85 761a | 0000 c442 
  0x00000254d8601f18: 32f7 cb45 | 3bcb 418b | d941 0f4f | db4d 8bc2 | c4c1 f96e | c04d 8d42 | 1085 db0f | 8ecf 0000 
  0x00000254d8601f38: 0044 3bdb | 0f82 b219 | 0000 b82f | 0000 0049 | 8bf8 8bd3 | 488b df83 | fa10 0f8c | 7900 0000 
  0x00000254d8601f58: 83fa 200f | 8c36 0000 | 00c5 f96e | c8c4 e27d | 78c9 c5ed | efd2 8bca | 83e1 e083 | e21f c5fe 
  0x00000254d8601f78: 6f1b c5e5 | 74d9 c4e2 | 7d17 d30f | 8369 0000 | 0048 83c3 | 2083 e920 | 75e4 e90d | 0000 00c5 
  0x00000254d8601f98: f96e c8c5 | e9ef d2c4 | e271 00ca | 83fa 100f | 8c24 0000 | 008b ca83 | e1f0 83e2 | 0fc5 fa6f 
  0x00000254d8601fb8: 1bc5 e174 | d9c4 e279 | 17d3 0f83 | 2a00 0000 | 4883 c310 | 83e9 1075 | e485 d20f 

  0x00000254d8601fd4: ;   {no_reloc}
  0x00000254d8601fd4: 8412 0000 | 000f b60b | 3bc1 741c | 4883 c301 | 83ea 0174 | 02eb eebb | ffff ffff | eb0d c5fd 
  0x00000254d8601ff4: d7cb 0fbc | c148 03d8 | 482b df83 | fbff 0f85 | e019 0000 | 410f b628 | 83fd 5b0f | 8463 1a00 
  0x00000254d8602014: 0041 8d49 | fb85 c97c | 0d41 0fbe | 1883 fb6a | 0f84 9e0d | 0000 4c8b | 6c24 2848 | 8b8c 2490 
  0x00000254d8602034: 0000 0044 | 8b71 1041 | 8d59 ff41 | 8d4b ff3b | d90f 4fd9 | 85db 0f8c | 740f 0000 | 413b db0f 
  0x00000254d8602054: 83e3 1700 | 0085 db0f | 8e6b 1800 | 008d 7bff | 33f6 c4c1 | f96e c845 | 0fbe 441a | 1041 83f8 
  0x00000254d8602074: 2e0f 84f1 | 0d00 00ff | cb3b df7f | ea83 fb02 | 0f8e 8d00 | 0000 8d4b | fe83 fb02 | 0f4c ce81 
  0x00000254d8602094: f9a0 0f00 | 00bf a00f | 0000 0f47 | cf8b d32b | d166 6666 | 0f1f 8400 | 0000 0000 | 4863 cb45 
  0x00000254d86020b4: 0fbe 440a | 1041 83f8 | 2e0f 8483 | 0000 0041 | 0fbe 4c0a | 0f83 f92e | 747c 8d4b | fe41 0fbe 
  0x00000254d86020d4: ;   {no_reloc}
  0x00000254d86020d4: 7c0a 1083 | ff2e 7471 | 8d4b fd45 | 0fbe 440a | 1041 83f8 | 2e74 6283 | c3fc 3bda | 7fbe 498b 
  0x00000254d86020f4: af58 0400 | 004c 8b44 | 2428 488b | 4c24 3048 | 8bbc 2490 

  0x00000254d8602108: ; ImmutableOopMap {r10=NarrowOop r8=Oop rcx=Oop rdi=Oop r13=Oop r14=NarrowOop xmm0=Oop xmm1=Derived_oop_xmm0 [40]=Oop [48]=Oop [56]=Oop [144]=Oop }
                      ;*goto {reexecute=1 rethrow=0 return_oop=0}
                      ; - (reexecute) java.lang.StringLatin1::lastIndexOf@35
                      ; - java.lang.String::lastIndexOf@13
                      ; - java.lang.String::lastIndexOf@8
                      ; - java.lang.ClassLoader::checkCerts@3
                      ; - java.lang.ClassLoader::preDefineClass@113
                      ; - java.lang.ClassLoader::defineClass@4
                      ; - java.security.SecureClassLoader::defineClass@12
                      ;   {poll}
  0x00000254d8602108: 0000 0085 | 4500 83fb | 020f 8f73 | ffff ff83 | fbff 7e20 | 410f be4c | 1a10 83f9 | 2e0f 84dd 
  0x00000254d8602128: 1800 00ff | cb83 fbff | 7fea c4c1 | f97e c8e9 | 8a0e 0000 | c4c1 f97e | c8e9 800e | 0000 8bcb 
  0x00000254d8602148: eb03 8d4b | ffc4 c1f9 | 7ec8 83f9 | ff0f 849e | 1100 0085 | c90f 8c59 | 1800 0041 | 3bc9 0f8f 
  0x00000254d8602168: 8419 0000 | 413b c90f | 84b0 0c00 | 0085 c90f | 848b 1100 | 0049 8b9f | b801 0000 | 4c8b cb49 
  0x00000254d8602188: 83c1 184d | 3b8f c801 | 0000 0f83 | e011 0000 | 4d89 8fb8 | 0100 0041 | 0f0d 8900 | 0100 0048 
  0x00000254d86021a8: c703 0100 

  0x00000254d86021ac: ;   {metadata('java/lang/String')}
  0x00000254d86021ac: 0000 c743 | 0878 e800 | 0044 8963 | 0c4c 8963 | 1041 3bcb | 0f85 cc00 | 0000 4963 | eb41 81fb 
  0x00000254d86021cc: 0000 1000 | 0f87 9e14 | 0000 4c89 | 4424 5049 | 8bbf b801 | 0000 4c8d | 4517 4983 | e0f8 4c8b 
  0x00000254d86021ec: cf4d 03c8 | 4d3b 8fc8 | 0100 000f | 8372 1400 | 004d 898f | b801 0000 | 410f 0d89 | 0001 0000 
  0x00000254d860220c: 48c7 0701 | 0000 0041 | 0f0d 8940 

  0x00000254d8602218: ;   {metadata({type array byte})}
  0x00000254d8602218: 0100 00c7 | 4708 1823 | 0000 4489 | 5f0c 410f | 0d89 8001 | 0000 8974 | 2420 4c89 | 6c24 5844 
  0x00000254d8602238: 8974 2424 | 4889 5c24 | 6048 896c | 2468 488b | d748 83c2 | 104c 8b44 | 2468 4983 | c007 49c1 
  0x00000254d8602258: e803 488b | 4c24 50c5 | f877 49ba | 604b 00d8 | 5402 0000 

  0x00000254d860226c: ;   {other}
  0x00000254d860226c: 41ff d20f | 1f84 0000 | 0000 008b | 7424 204c | 8b6c 2458 | 448b 7424 | 2448 8b5c | 2460 4c8b 
  0x00000254d860228c: d7e9 d300 | 0000 81f9 | 0000 1000 | 0f87 a618 | 0000 4c63 | c949 8bf8 | 443b d941 | 8beb 0f4f 
  0x00000254d86022ac: e944 3bdd | 0f82 0219 | 0000 3bcd | 0f82 fa18 | 0000 4983 | c117 4d8b | c149 83e0 | f881 f900 
  0x00000254d86022cc: 0010 000f | 87e9 1200 | 004d 8b97 | b801 0000 | 4d8b da4d | 03d8 4d3b | 9fc8 0100 | 000f 83cf 
  0x00000254d86022ec: 1200 004d | 899f b801 | 0000 410f | 0d8b 0001 | 0000 49c7 | 0201 0000 | 0041 0f0d | 8b40 0100 
  0x00000254d860230c: ;   {metadata({type array byte})}
  0x00000254d860230c: 0041 c742 | 0818 2300 | 0041 894a | 0c41 0f0d | 8b80 0100 | 0049 8bd2 | 4883 c210 | 49c1 e903 
  0x00000254d860232c: 85ed 0f84 | 1818 0000 | 3be9 0f8c | 490e 0000 | 498b ea49 | 83c0 f049 | c1e8 0348 | 8bcf c5f8 
  0x00000254d860234c: 7749 ba60 | 4b00 d854 | 0200 0041 

  0x00000254d8602358: ;   {other}
  0x00000254d8602358: ffd2 0f1f | 8400 0000 | 0000 4c8b | d541 807f | 4000 0f85 | 840c 0000 | 4c8b db4d | 8bc2 4489 
  0x00000254d8602378: 4314 4d33 | d349 c1ea | 144d 85d2 | 741a 49c1 | eb09 48b9 | 0000 ffdf | 5402 0000 | 4903 cb80 
  0x00000254d8602398: 3902 0f85 | 870c 0000 | 4488 6310 

  0x00000254d86023a4: ; implicit exception: dispatches to 0x00000254d860415c
  0x00000254d86023a4: 418b 6e14 | 85ed 0f85 | e016 0000 | 418b 6e10 | 85ed 0f85 | 0417 0000 | 458b 552c | 4585 d20f 
  0x00000254d86023c4: 842b 1400 | 004c 896c | 2448 8974 | 2420 498b | d2bf 0100 

  0x00000254d86023d8: ;   {oop(a 'java/security/cert/Certificate'[0] {0x00000000807eceb0})}
  0x00000254d86023d8: 0000 49b9 | b0ce 7e80 | 0000 0000 | 4c8b c390 

  0x00000254d86023e8: ;   {optimized virtual_call}
  0x00000254d86023e8: c5f8 77e8 

  0x00000254d86023ec: ; ImmutableOopMap {[40]=Oop [48]=Oop [56]=Oop [72]=Oop [144]=Oop }
                      ;*invokevirtual putVal {reexecute=0 rethrow=0 return_oop=1}
                      ; - java.util.concurrent.ConcurrentHashMap::putIfAbsent@4
                      ; - java.lang.ClassLoader::checkCerts@62
                      ; - java.lang.ClassLoader::preDefineClass@113
                      ; - java.lang.ClassLoader::defineClass@4
                      ; - java.security.SecureClassLoader::defineClass@12
  0x00000254d86023ec: 30c7 0a00 

  0x00000254d86023f0: ;   {other}
  0x00000254d86023f0: 0f1f 8400 | 600a 0002 | 4885 c074 | 1c44 8b50 

  0x00000254d8602400: ;   {metadata('java/security/cert/Certificate'[])}
  0x00000254d8602400: 0841 81fa | 2029 1000 | 0f85 1a1c | 0000 8b68 | 0c85 ed0f | 870b 1700 | 004c 8b8c | 2490 0000 
  0x00000254d8602420: 0045 8b59 | 1041 8b6b | 0c44 8b5d | 3845 85db | 0f84 d613 | 0000 48ff | b424 9000 | 0000 488f 
  0x00000254d8602440: 4424 4849 | 8bd3 4c8b | c566 6690 

  0x00000254d860244c: ;   {optimized virtual_call}
  0x00000254d860244c: c5f8 77e8 

  0x00000254d8602450: ; ImmutableOopMap {[40]=Oop [48]=Oop [56]=Oop [72]=Oop [144]=Oop }
                      ;*invokevirtual toExternalForm {reexecute=0 rethrow=0 return_oop=1}
                      ; - java.net.URL::toExternalForm@5
                      ; - java.net.URL::toString@1
                      ; - java.lang.ClassLoader::defineClassSourceLocation@22
                      ; - java.lang.ClassLoader::defineClass@12
                      ; - java.security.SecureClassLoader::defineClass@12
  0x00000254d8602450: 4c00 1a00 

  0x00000254d8602454: ;   {other}
  0x00000254d8602454: 0f1f 8400 | c40a 0003 | 488b 5424 | 284c 8b44 | 2430 4c8b | 4c24 388b | 7c24 408b | 7424 4448 
  0x00000254d8602474: 8b8c 2490 | 0000 0048 | 8904 2490 

  0x00000254d8602480: ;   {static_call}
  0x00000254d8602480: c5f8 77e8 

  0x00000254d8602484: ; ImmutableOopMap {[40]=Oop [72]=Oop [144]=Oop }
                      ;*invokestatic defineClass1 {reexecute=0 rethrow=0 return_oop=1}
                      ; - java.lang.ClassLoader::defineClass@27
                      ; - java.security.SecureClassLoader::defineClass@12
  0x00000254d8602484: d80c fcff 

  0x00000254d8602488: ;   {other}
  0x00000254d8602488: 0f1f 8400 | f80a 0004 | 4889 4424 | 3044 8b58 | 3c45 85db | 7417 498b | db49 ba00 | 00ff df54 
  0x00000254d86024a8: 0200 004c | 8954 2468 | e9e7 0300 | 004c 8b50 | 1045 8b42 | 0845 85c0 | 0f8c 6e14 | 0000 448b 
  0x00000254d86024c8: 582c 4585 | db0f 845c | 0900 0049 | 8bc3 448b | 4814 418b | 790c 440f | be40 10c4 | e23a f7cf 
  0x00000254d86024e8: 448d 51ff | 4585 c00f | 8547 1700 | 004d 8bd9 | 4c89 9c24 | 8800 0000 | 448d 47ff | 453b c245 
  0x00000254d8602508: 0f4f c245 | 85c0 0f8c | bc0a 0000 | 85ff 0f86 | f413 0000 | 443b c70f | 83eb 1300 | 0045 85c0 
  0x00000254d8602528: 0f8e 2214 | 0000 458d 

  0x00000254d8602530: ;   {oop(""{0x000000008076c270})}
  0x00000254d8602530: 50ff 48bb | 70c2 7680 | 0000 0000 | 49bb 0000 | ffdf 5402 | 0000 4c89 | 5c24 6847 | 0fbe 5c01 
  0x00000254d8602550: 1041 83fb | 2e0f 8461 | 0a00 0041 | ffc8 453b | c27f e841 | 83f8 020f | 8e7a 0000 | 0041 8d70 
  0x00000254d8602570: fe41 83f8 | 020f 4c74 | 2420 81fe | a00f 0000 | 41bb a00f | 0000 410f | 47f3 458b | d044 2bd6 
  0x00000254d8602590: 4d63 d843 | 0fbe 5419 | 1083 fa2e | 7474 470f | be5c 190f | 4183 fb2e | 746d 458d | 58fe 430f 
  0x00000254d86025b0: be54 1910 | 83fa 2e74 | 6245 8d58 | fd43 0fbe | 7419 1083 | fe2e 7453 | 4183 c0fc | 453b c27f 
  0x00000254d86025d0: bf4d 8baf | 5804 0000 | 4c8b 5424 

  0x00000254d86025dc: ; ImmutableOopMap {r10=Oop r9=NarrowOop rbx=Oop rax=Oop [40]=Oop [48]=Oop [72]=Oop [136]=Oop }
                      ;*goto {reexecute=1 rethrow=0 return_oop=0}
                      ; - (reexecute) java.lang.StringLatin1::lastIndexOf@35
                      ; - java.lang.String::lastIndexOf@13
                      ; - java.lang.String::lastIndexOf@8
                      ; - java.lang.Class::getPackageName@47
                      ; - java.lang.ClassLoader::postDefineClass@2
                      ; - java.lang.ClassLoader::defineClass@37
                      ; - java.security.SecureClassLoader::defineClass@12
                      ;   {poll}
  0x00000254d86025dc: 3041 8545 | 0041 83f8 | 027f 8641 | 83f8 ff0f | 8ef8 0900 | 0066 6690 | 470f be54 | 0110 4183 
  0x00000254d86025fc: fa2e 0f84 | f416 0000 | 41ff c841 | 83f8 ff7f | e7e9 d709 | 0000 458b | d8eb 0445 | 8d58 ff41 
  0x00000254d860261c: 83fb ff0f | 8432 0200 | 0045 85db | 0f8c 6616 | 0000 443b | d90f 8fc9 | 1600 0044 | 3bd9 0f84 
  0x00000254d860263c: 2408 0000 | 4585 db0f | 8420 0d00 | 0049 8b9f | b801 0000 | 4c8b d349 | 83c2 184d | 3b97 c801 
  0x00000254d860265c: 0000 0f83 | 0f0f 0000 | 4d89 97b8 | 0100 0041 | 0f0d 8a00 | 0100 0048 | c703 0100 

  0x00000254d8602678: ;   {metadata('java/lang/String')}
  0x00000254d8602678: 0000 c743 | 0878 e800 | 0044 8963 | 0c4c 8963 | 104d 8d51 | 1044 3bdf | 0f85 8d00 | 0000 4c63 
  0x00000254d8602698: c781 ff00 | 0010 000f | 87f2 1000 | 0049 8bb7 | b801 0000 | 4d8d 5817 | 4983 e3f8 | 488b ce49 
  0x00000254d86026b8: 03cb 493b | 8fc8 0100 | 000f 83d0 | 1000 0049 | 898f b801 | 0000 0f0d | 8900 0100 | 0048 c706 
  0x00000254d86026d8: 0100 0000 | 0f0d 8940 

  0x00000254d86026e0: ;   {metadata({type array byte})}
  0x00000254d86026e0: 0100 00c7 | 4608 1823 | 0000 897e | 0c0f 0d89 | 8001 0000 | 488b d648 | 83c2 1049 | 83c0 0749 
  0x00000254d8602700: c1e8 0349 | 8bca c5f8 | 7749 ba60 | 4b00 d854 | 0200 0041 

  0x00000254d8602714: ;   {other}
  0x00000254d8602714: ffd2 0f1f | 8400 0000 | 0000 e9d2 | 0000 0041 | 81fb 0000 | 1000 0f87 | 4016 0000 | 4963 cb41 
  0x00000254d8602734: 3bfb 8bef | 410f 4feb | 3bfd 0f82 | 9d16 0000 | 443b dd0f | 8294 1600 | 0048 83c1 | 1748 8bf9 
  0x00000254d8602754: 4883 e7f8 | 4181 fb00 | 0010 000f | 87c4 0f00 | 0049 8bb7 | b801 0000 | 4c8b c64c | 03c7 4d3b 
  0x00000254d8602774: 87c8 0100 | 000f 83aa | 0f00 004d | 8987 b801 | 0000 410f | 0d88 0001 | 0000 48c7 | 0601 0000 
  0x00000254d8602794: 0041 0f0d | 8840 0100 

  0x00000254d860279c: ;   {metadata({type array byte})}
  0x00000254d860279c: 00c7 4608 | 1823 0000 | 4489 5e0c | 410f 0d88 | 8001 0000 | 4c8b ce49 | 83c1 1048 | c1e9 0385 
  0x00000254d86027bc: ed0f 84b5 | 1500 0041 | 3beb 0f8c | 920a 0000 | 4883 c7f0 | 48c1 ef03 | 498b ca49 | 8bd1 4c8b 
  0x00000254d86027dc: c7c5 f877 | 49ba 604b | 00d8 5402 | 0000 41ff 

  0x00000254d86027ec: ;   {other}
  0x00000254d86027ec: d20f 1f84 | 0000 0000 | 0041 807f | 4000 0f85 | 0109 0000 | 4c8b d34c | 8bc6 4489 | 4314 4c8b 
  0x00000254d860280c: de4d 33da | 49c1 eb14 | 4d85 db74 | 1a49 c1ea | 0948 b900 | 00ff df54 | 0200 0049 | 03ca 8039 
  0x00000254d860282c: 020f 8501 | 0900 0044 | 8863 1048 | 8bd3 4c8b | 5424 304c | 8954 2420 

  0x00000254d8602844: ;   {optimized virtual_call}
  0x00000254d8602844: c5f8 77e8 

  0x00000254d8602848: ; ImmutableOopMap {[32]=Oop [40]=Oop [48]=Oop [72]=Oop }
                      ;*invokevirtual intern {reexecute=0 rethrow=0 return_oop=1}
                      ; - java.lang.Class::getPackageName@65
                      ; - java.lang.ClassLoader::postDefineClass@2
                      ; - java.lang.ClassLoader::defineClass@37
                      ; - java.security.SecureClassLoader::defineClass@12
  0x00000254d8602848: 9435 f8ff 

  0x00000254d860284c: ;   {other}
  0x00000254d860284c: 0f1f 8400 | bc0e 0006 | 488b d841 | 807f 4000 | 0f85 1608 | 0000 4c8b | db4c 8b54 | 2430 4589 
  0x00000254d860286c: 5a3c 4c8b | db4d 33da | 49c1 eb14 | 4d85 db74 | 1f48 85db | 741a 49c1 | ea09 48b9 | 0000 ffdf 
  0x00000254d860288c: 5402 0000 | 4903 ca80 | 3902 0f85 | 1408 0000 | 4c8b 5424 | 2845 8b5a | 3845 85db | 0f84 760f 
  0x00000254d86028ac: 0000 4c8b | eb8b 430c | 4c8b 5424 | 3045 8b4a | 3085 c00f | 849f 0400 | 0041 8b4b | 2885 c90f 
  0x00000254d86028cc: 841e 0100 | 0044 8b41 | 0c45 85c0 | 0f86 3111 | 0000 448b | d041 c1ea | 1044 33d0 | 41ff c841 
  0x00000254d86028ec: 81e2 ffff | ff7f 4523 | c24d 63d8 | 468b 4499 | 1045 85c0 | 0f84 e900 | 0000 418b | 680c 413b 
  0x00000254d860290c: ea0f 84be | 0200 0085 | ed0f 8c71 | 1500 0045 | 8b40 1845 | 85c0 0f84 | c700 0000 | 498b d844 
  0x00000254d860292c: 8b43 0c49 | 8bbf 5804 

  0x00000254d8602934: ; ImmutableOopMap {r9=NarrowOop rbx=Oop r13=Oop [40]=Oop [48]=Oop [72]=Oop }
                      ;*if_icmpne {reexecute=1 rethrow=0 return_oop=0}
                      ; - (reexecute) java.util.concurrent.ConcurrentHashMap::get@127
                      ; - java.lang.ClassLoader::getNamedPackage@5
                      ; - java.lang.ClassLoader::postDefineClass@9
                      ; - java.lang.ClassLoader::defineClass@37
                      ; - java.security.SecureClassLoader::defineClass@12
                      ;   {poll}
  0x00000254d8602934: 0000 8507 | 453b c274 | 1244 8b5b | 1845 85db | 0f84 a500 | 0000 498b | dbeb dc8b | 6b10 4c8b 
  0x00000254d8602954: dd4d 3bdd | 0f84 8600 | 0000 85ed | 0f84 8e15 | 0000 4889 | 5c24 5844 | 8954 2454 | 4489 4c24 
  0x00000254d8602974: 504c 896c | 2440 4c8b | 5424 304c | 8954 2438 | 4c8b 5424 | 684c 8954 | 2430 4c8b | 5424 284c 
  0x00000254d8602994: 8954 2420 | 4c8b c549 | 8bd5 488b | 6c24 3890 

  0x00000254d86029a4: ;   {optimized virtual_call}
  0x00000254d86029a4: c5f8 77e8 

  0x00000254d86029a8: ; ImmutableOopMap {rbp=Oop [32]=Oop [64]=Oop [72]=Oop [80]=NarrowOop [88]=Oop }
                      ;*invokevirtual equals {reexecute=0 rethrow=0 return_oop=0}
                      ; - java.util.concurrent.ConcurrentHashMap::get@149
                      ; - java.lang.ClassLoader::getNamedPackage@5
                      ; - java.lang.ClassLoader::postDefineClass@9
                      ; - java.lang.ClassLoader::defineClass@37
                      ; - java.security.SecureClassLoader::defineClass@12
  0x00000254d86029a8: 94bd f7ff 

  0x00000254d86029ac: ;   {other}
  0x00000254d86029ac: 0f1f 8400 | 1c10 0008 | 85c0 0f84 | 6c15 0000 | 4c8b 5424 | 204c 8954 | 2428 4c8b | 5424 304c 
  0x00000254d86029cc: 8954 2468 | 4889 6c24 | 304c 8b6c | 2440 448b | 4c24 5048 | 8b5c 2458 | 8b6b 1485 | ed0f 850e 
  0x00000254d86029ec: 0300 0049 | 8b87 b801 | 0000 4c8b | d049 83c2 | 184d 3b97 | c801 0000 | 0f83 b60c | 0000 4d89 
  0x00000254d8602a0c: 97b8 0100 | 0041 0f0d | 8a00 0100 | 0048 c700 | 0100 0000 

  0x00000254d8602a20: ;   {metadata('java/lang/NamedPackage')}
  0x00000254d8602a20: c740 08e8 | c001 0044 | 8960 0c4c | 8960 104c | 896c 2420 | 4489 4c24 | 3848 8944 | 2440 488b 
  0x00000254d8602a40: 5424 2090 

  0x00000254d8602a44: ;   {optimized virtual_call}
  0x00000254d8602a44: c5f8 77e8 

  0x00000254d8602a48: ; ImmutableOopMap {[32]=Oop [40]=Oop [48]=Oop [56]=NarrowOop [64]=Oop [72]=Oop }
                      ;*invokevirtual isEmpty {reexecute=0 rethrow=0 return_oop=0}
                      ; - java.lang.NamedPackage::<init>@5
                      ; - java.lang.ClassLoader::getNamedPackage@22
                      ; - java.lang.ClassLoader::postDefineClass@9
                      ; - java.lang.ClassLoader::defineClass@37
                      ; - java.security.SecureClassLoader::defineClass@12
  0x00000254d8602a48: 34c0 a1ff 

  0x00000254d8602a4c: ;   {other}
  0x00000254d8602a4c: 0f1f 8400 | bc10 0009 | 85c0 0f84 | 1704 0000 | 448b 5c24 | 3845 85db | 0f84 ba11 | 0000 4d8b 
  0x00000254d8602a6c: d34c 8954 | 2450 498b | d266 6690 

  0x00000254d8602a78: ;   {optimized virtual_call}
  0x00000254d8602a78: c5f8 77e8 

  0x00000254d8602a7c: ; ImmutableOopMap {[32]=Oop [40]=Oop [48]=Oop [56]=NarrowOop [64]=Oop [72]=Oop [80]=Oop }
                      ;*invokevirtual isNamed {reexecute=0 rethrow=0 return_oop=0}
                      ; - java.lang.NamedPackage::<init>@12
                      ; - java.lang.ClassLoader::getNamedPackage@22
                      ; - java.lang.ClassLoader::postDefineClass@9
                      ; - java.lang.ClassLoader::defineClass@37
                      ; - java.security.SecureClassLoader::defineClass@12
  0x00000254d8602a7c: 00c0 a1ff 

  0x00000254d8602a80: ;   {other}
  0x00000254d8602a80: 0f1f 8400 | f010 000a | 85c0 0f84 | e303 0000 | 498b 87b8 | 0100 004c | 8bd0 4983 | c228 4d3b 
  0x00000254d8602aa0: 97c8 0100 | 000f 833e | 0c00 004d | 8997 b801 | 0000 410f | 0d8a 0001 | 0000 48c7 | 0001 0000 
  0x00000254d8602ac0: ;   {metadata('java/lang/InternalError')}
  0x00000254d8602ac0: 00c7 4008 | 3807 0100 | 4489 600c | 4c89 6010 | 4c89 6018 | 4c89 6020 | 4889 4424 | 6849 8b87 
  0x00000254d8602ae0: b801 0000 | 4c8b d049 | 83c2 184d | 3b97 c801 | 0000 0f83 | 110c 0000 | 4d89 97b8 | 0100 0041 
  0x00000254d8602b00: 0f0d 8a00 | 0100 0048 | c700 0100 

  0x00000254d8602b0c: ;   {metadata('java/lang/StringBuilder')}
  0x00000254d8602b0c: 0000 c740 | 0840 8000 | 0044 8960 | 0c4c 8960 | 1048 8be8 | 488b d590 

  0x00000254d8602b24: ;   {optimized virtual_call}
  0x00000254d8602b24: c5f8 77e8 

  0x00000254d8602b28: ; ImmutableOopMap {rbp=Oop [32]=Oop [40]=Oop [48]=Oop [56]=NarrowOop [64]=Oop [72]=Oop [80]=Oop [104]=Oop }
                      ;*invokespecial <init> {reexecute=0 rethrow=0 return_oop=0}
                      ; - java.lang.NamedPackage::<init>@26
                      ; - java.lang.ClassLoader::getNamedPackage@22
                      ; - java.lang.ClassLoader::postDefineClass@9
                      ; - java.lang.ClassLoader::defineClass@37
                      ; - java.security.SecureClassLoader::defineClass@12
  0x00000254d8602b28: 54bf a1ff 

  0x00000254d8602b2c: ;   {other}
  0x00000254d8602b2c: 0f1f 8400 | 9c11 000b 

  0x00000254d8602b34: ;   {oop("unnamed package in  "{0x0000000080a82798})}
  0x00000254d8602b34: 49b8 9827 | a880 0000 | 0000 488b | d54c 8b54 | 2468 4c89 | 5424 6090 

  0x00000254d8602b4c: ;   {optimized virtual_call}
  0x00000254d8602b4c: c5f8 77e8 

  0x00000254d8602b50: ; ImmutableOopMap {[32]=Oop [40]=Oop [48]=Oop [56]=NarrowOop [64]=Oop [72]=Oop [80]=Oop [96]=Oop [104]=Oop }
                      ;*invokevirtual append {reexecute=0 rethrow=0 return_oop=1}
                      ; - java.lang.NamedPackage::<init>@31
                      ; - java.lang.ClassLoader::getNamedPackage@22
                      ; - java.lang.ClassLoader::postDefineClass@9
                      ; - java.lang.ClassLoader::defineClass@37
                      ; - java.security.SecureClassLoader::defineClass@12
  0x00000254d8602b50: 2cbf a1ff 

  0x00000254d8602b54: ;   {other}
  0x00000254d8602b54: 0f1f 8400 | c411 000c | 4885 c00f | 8463 1100 | 0048 8bd0 | 4c8b 4424 | 504c 8b54 | 2460 4c89 
  0x00000254d8602b74: 5424 5090 

  0x00000254d8602b78: ;   {optimized virtual_call}
  0x00000254d8602b78: c5f8 77e8 

  0x00000254d8602b7c: ; ImmutableOopMap {[32]=Oop [40]=Oop [48]=Oop [56]=NarrowOop [64]=Oop [72]=Oop [80]=Oop [96]=Oop }
                      ;*invokevirtual append {reexecute=0 rethrow=0 return_oop=1}
                      ; - java.lang.NamedPackage::<init>@35
                      ; - java.lang.ClassLoader::getNamedPackage@22
                      ; - java.lang.ClassLoader::postDefineClass@9
                      ; - java.lang.ClassLoader::defineClass@37
                      ; - java.security.SecureClassLoader::defineClass@12
  0x00000254d8602b7c: 00bf a1ff 

  0x00000254d8602b80: ;   {other}
  0x00000254d8602b80: 0f1f 8400 | f011 000d | 4885 c00f | 844f 1100 | 0048 8bd0 

  0x00000254d8602b94: ;   {optimized virtual_call}
  0x00000254d8602b94: c5f8 77e8 

  0x00000254d8602b98: ; ImmutableOopMap {[32]=Oop [40]=Oop [48]=Oop [56]=NarrowOop [64]=Oop [72]=Oop [80]=Oop }
                      ;*invokevirtual toString {reexecute=0 rethrow=0 return_oop=1}
                      ; - java.lang.NamedPackage::<init>@38
                      ; - java.lang.ClassLoader::getNamedPackage@22
                      ; - java.lang.ClassLoader::postDefineClass@9
                      ; - java.lang.ClassLoader::defineClass@37
                      ; - java.security.SecureClassLoader::defineClass@12
  0x00000254d8602b98: e4be a1ff 

  0x00000254d8602b9c: ;   {other}
  0x00000254d8602b9c: 0f1f 8400 | 0c12 000e | 488b 5424 | 504c 8bc0 

  0x00000254d8602bac: ;   {optimized virtual_call}
  0x00000254d8602bac: c5f8 77e8 

  0x00000254d8602bb0: ; ImmutableOopMap {[32]=Oop [40]=Oop [48]=Oop [56]=NarrowOop [64]=Oop [72]=Oop [80]=Oop }
                      ;*invokespecial <init> {reexecute=0 rethrow=0 return_oop=0}
                      ; - java.lang.NamedPackage::<init>@41
                      ; - java.lang.ClassLoader::getNamedPackage@22
                      ; - java.lang.ClassLoader::postDefineClass@9
                      ; - java.lang.ClassLoader::defineClass@37
                      ; - java.security.SecureClassLoader::defineClass@12
  0x00000254d8602bb0: ccbe a1ff 

  0x00000254d8602bb4: ;   {other}
  0x00000254d8602bb4: 0f1f 8400 | 2412 000f | 488b 5424 | 50c5 f877 | 4881 c4b0 | 0000 005d 

  0x00000254d8602bcc: ;   {runtime_call _rethrow_Java}
  0x00000254d8602bcc: e92f f0a4 | ff41 8b68 | 104c 8bdd | 4d3b dd0f | 8410 0100 | 008b 4d08 | 4c8b dd4d | 3beb 0f84 
  0x00000254d8602bec: 0101 0000 

  0x00000254d8602bf0: ;   {metadata('java/lang/String')}
  0x00000254d8602bf0: 81f9 78e8 | 0000 0f85 | f413 0000 | 410f be4d | 1041 0fbe | 6b10 3bcd | 0f85 2212 | 0000 418b 
  0x00000254d8602c10: 5b14 458b | 5d14 8b53 | 0c41 8b4b | 0c3b ca0f | 85f6 fcff | ff48 8bfb | 488d 7310 | 498b db49 
  0x00000254d8602c30: 8d7b 1085 | c90f 849d | 0000 008b | c183 e01f | 83e1 e00f | 844b 0000 | 0048 8d3c | 0f48 8d34 
  0x00000254d8602c50: 0e48 f7d9 | c5fe 6f0c | 0fc5 fe6f | 040e c5f5 | efc8 c4e2 | 7d17 c90f | 8572 0000 | 0048 83c1 
  0x00000254d8602c70: 2075 e185 | c00f 845d | 0000 00c5 | fe6f 4c07 | e0c5 fe6f | 4406 e0c5 | f5ef c8c4 | e27d 17c9 
  0x00000254d8602c90: 754d eb44 | 8bc8 83e1 | fc74 1948 | 8d3c 0f48 | 8d34 0e48 | f7d9 8b1c | 0f3b 1c0e | 7531 4883 
  0x00000254d8602cb0: c104 75f2 | a802 7412 | 0fb7 1f0f | b70e 3bd9 | 751d 488d | 7f02 488d | 7602 a801 | 740a 0fb6 
  0x00000254d8602cd0: 1f0f b60e | 3bd9 7507 | b801 0000 | 00eb 0233 | c0c5 f5ef | c9c5 fdef | c085 c00f 

  0x00000254d8602cec: ;   {no_reloc}
  0x00000254d8602cec: 842a fcff | ff41 8b68 | 1485 ed0f | 84f2 fcff | ff44 8b55 | 0849 bb00 | 0000 8054 | 0200 004d 
  0x00000254d8602d0c: 03da 4d8b 

  0x00000254d8602d10: ;   {metadata('java/lang/NamedPackage')}
  0x00000254d8602d10: 5338 49bb | e8c0 0180 | 5402 0000 | 4d3b d30f | 854f 0c00 | 004c 8b54 | 2448 458b | 5a10 418b 
  0x00000254d8602d30: 6b14 85ed | 0f85 fe0f | 0000 418b | 6b10 85ed | 0f85 0e10 | 0000 488b | 4424 30c5 | f877 4881 
  0x00000254d8602d50: c4b0 0000 

  0x00000254d8602d54: ;   {poll_return}
  0x00000254d8602d54: 005d 493b | a750 0400 | 000f 87ad | 1500 00c3 | 440f b653 | 1145 85d2 | 0f85 e504 | 0000 448b 
  0x00000254d8602d74: 5314 498b | eb49 8bd2 | 807b 1000 | 0f85 9306 | 0000 4489 | 4c24 3c44 | 895c 2438 | 4889 5c24 
  0x00000254d8602d94: 2066 6690 

  0x00000254d8602d98: ;   {static_call}
  0x00000254d8602d98: c5f8 77e8 

  0x00000254d8602d9c: ; ImmutableOopMap {rbp=Oop [32]=Oop [40]=Oop [48]=Oop [56]=NarrowOop [60]=NarrowOop [72]=Oop }
                      ;*invokestatic hashCode {reexecute=0 rethrow=0 return_oop=0}
                      ; - java.lang.String::hashCode@27
                      ; - java.util.concurrent.ConcurrentHashMap::get@1
                      ; - java.lang.ClassLoader::getNamedPackage@5
                      ; - java.lang.ClassLoader::postDefineClass@9
                      ; - java.lang.ClassLoader::defineClass@37
                      ; - java.security.SecureClassLoader::defineClass@12
  0x00000254d8602d9c: e0c2 a1ff 

  0x00000254d8602da0: ;   {other}
  0x00000254d8602da0: 0f1f 8400 | 1014 0010 | 85c0 0f84 | 8d06 0000 | 4c8b 6c24 | 2041 8945 | 0c44 8b5c | 2438 448b 
  0x00000254d8602dc0: 4c24 3ce9 | fdfa ffff | 4183 fb04 | 0f86 9610 | 0000 4180 | 7a11 610f | 854d f2ff | ff41 807a 
  0x00000254d8602de0: 1276 0f85 | 42f2 ffff | 4180 7a13 | 610f 8537 | f2ff ff41 | 807a 142e | 0f85 2cf2 

  0x00000254d8602dfc: ;   {oop(a 'jdk/internal/loader/ClassLoaders$PlatformClassLoader'{0x0000000080738f90})}
  0x00000254d8602dfc: ffff 48b9 | 908f 7380 | 0000 0000 | 488b 5c24 | 2848 3bd9 | 0f85 8211 

  0x00000254d8602e14: ;   {oop(a 'jdk/internal/loader/ClassLoaders$PlatformClassLoader'{0x0000000080738f90})}
  0x00000254d8602e14: 0000 49bd | 908f 7380 | 0000 0000 | e90a f2ff | ff48 8b5c | 2430 e975 | f5ff ff48 | 8bd0 6690 
  0x00000254d8602e34: ;   {optimized virtual_call}
  0x00000254d8602e34: c5f8 77e8 

  0x00000254d8602e38: ; ImmutableOopMap {[40]=Oop [48]=Oop [72]=Oop [144]=Oop }
                      ;*invokevirtual initClassName {reexecute=0 rethrow=0 return_oop=1}
                      ; - java.lang.Class::getName@14
                      ; - java.lang.Class::getPackageName@40
                      ; - java.lang.ClassLoader::postDefineClass@2
                      ; - java.lang.ClassLoader::defineClass@37
                      ; - java.security.SecureClassLoader::defineClass@12
  0x00000254d8602e38: a4a8 faff 

  0x00000254d8602e3c: ;   {other}
  0x00000254d8602e3c: 0f1f 8400 | ac14 0011 | 4885 c00f | 8589 f6ff | ffba f6ff | ffff 6690 

  0x00000254d8602e54: ;   {runtime_call UncommonTrapBlob}
  0x00000254d8602e54: c5f8 77e8 

  0x00000254d8602e58: ; ImmutableOopMap {}
                      ;*invokevirtual lastIndexOf {reexecute=0 rethrow=0 return_oop=0}
                      ; - java.lang.Class::getPackageName@47
                      ; - java.lang.ClassLoader::postDefineClass@2
                      ; - java.lang.ClassLoader::defineClass@37
                      ; - java.security.SecureClassLoader::defineClass@12
  0x00000254d8602e58: 2415 a2ff 

  0x00000254d8602e5c: ;   {other}
  0x00000254d8602e5c: 0f1f 8400 | cc14 0012 | 488b d8e9 | cbf9 ffff | 8bcb e9da | f2ff ff44 | 8b5c 2438 | 498b eb48 
  0x00000254d8602e7c: 8b54 2420 

  0x00000254d8602e80: ;   {optimized virtual_call}
  0x00000254d8602e80: c5f8 77e8 

  0x00000254d8602e84: ; ImmutableOopMap {rbp=Oop [32]=Oop [40]=Oop [48]=Oop [56]=NarrowOop [64]=Oop [72]=Oop }
                      ;*invokevirtual intern {reexecute=0 rethrow=0 return_oop=1}
                      ; - java.lang.NamedPackage::<init>@47
                      ; - java.lang.ClassLoader::getNamedPackage@22
                      ; - java.lang.ClassLoader::postDefineClass@9
                      ; - java.lang.ClassLoader::defineClass@37
                      ; - java.security.SecureClassLoader::defineClass@12
  0x00000254d8602e84: f8bb a1ff 

  0x00000254d8602e88: ;   {other}
  0x00000254d8602e88: 0f1f 8400 | f814 0013 | 488b d841 | 807f 4000 | 0f85 ba05 | 0000 4c8b | 5424 404c | 8954 2458 
  0x00000254d8602ea8: 4c8b c34d | 8bd8 4c8b | 5424 5845 | 895a 0c4d | 8bd8 4d33 | da49 c1eb | 144d 85db | 741f 4d85 
  0x00000254d8602ec8: c074 1a49 | c1ea 0948 | b900 00ff | df54 0200 | 0049 03ca | 8039 020f | 853d 0600 | 0041 807f 
  0x00000254d8602ee8: 4000 0f85 | a505 0000 | 448b 5424 | 3844 8954 | 2450 4c8b | 5424 5844 | 8b44 2438 | 4589 4210 
  0x00000254d8602f08: 4c8b d54c | 8b5c 2458 | 4d33 d349 | c1ea 144d | 85d2 741b | 4585 c074 | 1649 c1eb | 094c 8b44 
  0x00000254d8602f28: 2468 4d03 | c341 8038 | 020f 8596 | 0500 004c | 8b54 2428 | 458b 5a38 | 4585 db0f | 8477 0f00 
  0x00000254d8602f48: 0049 8bd3 | 4c8b 4424 | 204c 8b4c | 2458 6690 

  0x00000254d8602f58: ;   {optimized virtual_call}
  0x00000254d8602f58: c5f8 77e8 

  0x00000254d8602f5c: ; ImmutableOopMap {[40]=Oop [48]=Oop [72]=Oop [80]=NarrowOop [88]=Oop }
                      ;*invokevirtual putIfAbsent {reexecute=0 rethrow=0 return_oop=1}
                      ; - java.lang.ClassLoader::getNamedPackage@32
                      ; - java.lang.ClassLoader::postDefineClass@9
                      ; - java.lang.ClassLoader::defineClass@37
                      ; - java.security.SecureClassLoader::defineClass@12
  0x00000254d8602f5c: 20bb a1ff 

  0x00000254d8602f60: ;   {other}
  0x00000254d8602f60: 0f1f 8400 | d015 0014 | 4885 c00f | 84b4 fdff | ff44 8b58 | 0849 ba00 | 0000 8054 | 0200 004d 
  0x00000254d8602f80: 03d3 4d8b 

  0x00000254d8602f84: ;   {metadata('java/lang/NamedPackage')}
  0x00000254d8602f84: 5238 49bb | e8c0 0180 | 5402 0000 | 4d3b d30f | 8543 0f00 | 0048 8be8 | ba54 ffff | ff4c 8b54 
  0x00000254d8602fa4: 2448 4c89 | 5424 3890 

  0x00000254d8602fac: ;   {runtime_call UncommonTrapBlob}
  0x00000254d8602fac: c5f8 77e8 

  0x00000254d8602fb0: ; ImmutableOopMap {rbp=Oop [40]=Oop [48]=Oop [56]=Oop [80]=NarrowOop [88]=Oop }
                      ;*ifnull {reexecute=1 rethrow=0 return_oop=0}
                      ; - (reexecute) java.lang.ClassLoader::getNamedPackage@42
                      ; - java.lang.ClassLoader::postDefineClass@9
                      ; - java.lang.ClassLoader::defineClass@37
                      ; - java.security.SecureClassLoader::defineClass@12
  0x00000254d8602fb0: cc13 a2ff 

  0x00000254d8602fb4: ;   {other}
  0x00000254d8602fb4: 0f1f 8400 | 2416 0015 | 458b d8e9 | 57f6 ffff | 33f6 b9ff | ffff ffe9 | 82f1 ffff 

  0x00000254d8602fd0: ;   {oop(""{0x000000008076c270})}
  0x00000254d8602fd0: 48bb 70c2 | 7680 0000 | 0000 49ba | 0000 ffdf | 5402 0000 | 4c89 5424 | 6841 bbff | ffff ffe9 
  0x00000254d8602ff0: 27f6 ffff | 448b 4314 | 4585 c00f | 846f f3ff | ff4d 8b5f | 2849 8bc8 | 4d85 db0f | 84d3 0b00 
  0x00000254d8603010: 004d 8b47 | 384b 894c | 18f8 4983 | c3f8 4d89 | 5f28 e949 | f3ff ff4d | 8b57 484d | 8b5f 58f0 
  0x00000254d8603030: 8344 24c0 | 0080 3900 | 0f84 62f3 | ffff 4488 | 214d 85d2 | 7520 498b | d7c5 f877 | 49ba 00a4 
  0x00000254d8603050: 72b8 fc7f | 0000 41ff 

  0x00000254d8603058: ;   {other}
  0x00000254d8603058: d20f 1f84 | 0000 0000 | 00e9 3af3 | ffff 4b89 | 4c13 f849 | 83c2 f84d | 8957 48e9 | 28f3 ffff 
  0x00000254d8603078: 4c8b 5424 | 3045 8b52 | 3c45 85d2 | 0f84 d8f7 | ffff 4d8b | 5f28 498b | ca4d 85db | 0f84 da0b 
  0x00000254d8603098: 0000 4d8b | 5738 4b89 | 4c1a f849 | 83c3 f84d | 895f 28e9 | b2f7 ffff | 4d8b 5758 | 4d8b 5f48 
  0x00000254d86030b8: f083 4424 | c000 8039 | 000f 84d5 | f7ff ff44 | 8821 4d85 | db75 2049 | 8bd7 c5f8 | 7749 ba00 
  0x00000254d86030d8: a472 b8fc | 7f00 0041 

  0x00000254d86030e0: ;   {other}
  0x00000254d86030e0: ffd2 0f1f | 8400 0000 | 0000 e9ad | f7ff ff4b | 894c 1af8 | 4983 c3f8 | 4d89 5f48 | e99b f7ff 
  0x00000254d8603100: ff44 8b53 | 1445 85d2 | 0f84 f2f6 | ffff 4d8b | 5f28 498b | ca4d 85db | 0f84 f20c | 0000 4d8b 
  0x00000254d8603120: 5738 4b89 | 4c1a f849 | 83c3 f84d | 895f 28e9 | ccf6 ffff | 4d8b 5748 | 4d8b 5f58 | f083 4424 
  0x00000254d8603140: c000 8039 | 000f 84e8 | f6ff ff44 | 8821 4d85 | d275 2049 | 8bd7 c5f8 | 7749 ba00 | a472 b8fc 
  0x00000254d8603160: 7f00 0041 

  0x00000254d8603164: ;   {other}
  0x00000254d8603164: ffd2 0f1f | 8400 0000 | 0000 e9c0 | f6ff ff4b | 894c 13f8 | 4983 c2f8 | 4d89 5748 | e9ae f6ff 
  0x00000254d8603184: ffc4 e1f9 | 6ec2 4889 | 5c24 5044 | 8974 2448 | 4c89 6c24 | 204c 8bdf | 448b f64c | 63c5 498d 
  0x00000254d86031a4: 4810 488b | d148 83e2 | f849 8bfa | 4803 fa49 | 8bea 48c1 | e903 4c2b | c949 8bc9 | 4833 c048 
  0x00000254d86031c4: 83f9 087f | 1048 ffc9 | 784f 4889 | 04cf 48ff | c97d f7eb | 44c5 f5ef | c9e9 0d00 | 0000 c5fe 
  0x00000254d86031e4: 7f0f c5fe | 7f4f 2048 | 83c7 4048 | 83e9 087d | ed48 83c1 | 047c 0cc5 | fe7f 0f48 | 83c7 2048 
  0x00000254d8603204: 83e9 0448 | 83c1 047e | 1048 ffc9 | c5f9 d60f | 4883 c708 | 48ff c97d | f349 8bcb | c4e1 f97e 
  0x00000254d8603224: c2c5 f877 | 49ba c044 | 00d8 5402 | 0000 41ff 

  0x00000254d8603234: ;   {other}
  0x00000254d8603234: d20f 1f84 | 0000 0000 | 0041 8bf6 | 4c8b 6c24 | 2044 8b74 | 2448 488b | 5c24 504c | 8bd5 e90e 
  0x00000254d8603254: f1ff ff33 | c0e9 67f6 | ffff 4c63 | c54d 8d58 | 1049 8bd3 | 4883 e2f8 | 488b fe48 | 03fa 49c1 
  0x00000254d8603274: eb03 492b | cb48 33c0 | 4883 f908 | 7f10 48ff | c978 4f48 | 8904 cf48 | ffc9 7df7 | eb44 c5fd 
  0x00000254d8603294: efc0 e90d | 0000 00c5 | fe7f 07c5 | fe7f 4720 | 4883 c740 | 4883 e908 | 7ded 4883 | c104 7c0c 
  0x00000254d86032b4: c5fe 7f07 | 4883 c720 | 4883 e904 | 4883 c104 | 7e10 48ff | c9c5 f9d6 | 0748 83c7 | 0848 ffc9 
  0x00000254d86032d4: 7df3 498b | ca49 8bd1 | c5f8 7749 | bac0 4400 | d854 0200 | 0041 ffd2 

  0x00000254d86032ec: ;   {other}
  0x00000254d86032ec: 0f1f 8400 | 0000 0000 | e9fc f4ff 

  0x00000254d86032f8: ;   {oop(""{0x000000008076c270})}
  0x00000254d86032f8: ff48 bb70 | c276 8000 | 0000 00e9 | 9cf0 ffff 

  0x00000254d8603308: ;   {oop(""{0x000000008076c270})}
  0x00000254d8603308: 48bb 70c2 | 7680 0000 | 0000 e98d 

  0x00000254d8603314: ;   {metadata('java/security/SecureClassLoader$CodeSourceKey')}
  0x00000254d8603314: f0ff ff48 | bab8 b411 | 8054 0200 | 0066 6690 

  0x00000254d8603324: ;   {runtime_call _new_instance_Java}
  0x00000254d8603324: c5f8 77e8 

  0x00000254d8603328: ; ImmutableOopMap {rbp=Oop [40]=Oop [48]=Oop [56]=Oop }
                      ;*new {reexecute=0 rethrow=0 return_oop=1}
                      ; - java.security.SecureClassLoader::getProtectionDomain@6
                      ; - java.security.SecureClassLoader::defineClass@9
  0x00000254d8603328: d488 a4ff 

  0x00000254d860332c: ;   {other}
  0x00000254d860332c: 0f1f 8400 | 9c19 0016 | 4c8b c0e9 | 1eeb ffff 

  0x00000254d860333c: ;   {metadata('java/security/SecureClassLoader$1')}
  0x00000254d860333c: 48ba 50ba | 1180 5402 | 0000 4c89 | 4424 5090 

  0x00000254d860334c: ;   {runtime_call _new_instance_Java}
  0x00000254d860334c: c5f8 77e8 

  0x00000254d8603350: ; ImmutableOopMap {rbp=NarrowOop [40]=Oop [48]=Oop [56]=Oop [80]=Oop }
                      ;*new {reexecute=0 rethrow=0 return_oop=1}
                      ; - java.security.SecureClassLoader::getProtectionDomain@20
                      ; - java.security.SecureClassLoader::defineClass@9
  0x00000254d8603350: ac88 a4ff 

  0x00000254d8603354: ;   {other}
  0x00000254d8603354: 0f1f 8400 | c419 0017 | 4c8b c84c | 8b44 2450 | e93a ebff 

  0x00000254d8603368: ;   {oop(""{0x000000008076c270})}
  0x00000254d8603368: ff48 bb70 | c276 8000 | 0000 00e9 | bff4 ffff | 894c 2478 | 4489 7424 | 5c4c 896c | 2470 4c89 
  0x00000254d8603388: 4424 68c5 | fb11 4424 | 6089 7424 | 5844 895c | 2454 4489 | 5424 504c | 8b94 2490 | 0000 004c 
  0x00000254d86033a8: 8954 2448 | 4c8b 5424 | 304c 8954 | 2420 488b 

  0x00000254d86033b8: ;   {metadata('java/lang/String')}
  0x00000254d86033b8: 6c24 2848 | ba78 e800 | 8054 0200 | 0066 6690 

  0x00000254d86033c8: ;   {runtime_call _new_instance_Java}
  0x00000254d86033c8: c5f8 77e8 

  0x00000254d86033cc: ; ImmutableOopMap {rbp=Oop [32]=Oop [56]=Oop [72]=Oop [80]=NarrowOop [92]=NarrowOop [96]=Oop [104]=Derived_oop_[96] [112]=Oop [144]=Oop }
                      ;*new {reexecute=0 rethrow=0 return_oop=1}
                      ; - java.lang.StringLatin1::newString@7
                      ; - java.lang.String::substring@41
                      ; - java.lang.ClassLoader::checkCerts@21
                      ; - java.lang.ClassLoader::preDefineClass@113
                      ; - java.lang.ClassLoader::defineClass@4
                      ; - java.security.SecureClassLoader::defineClass@12
  0x00000254d86033cc: 3088 a4ff 

  0x00000254d86033d0: ;   {other}
  0x00000254d86033d0: 0f1f 8400 | 401a 0018 | 4889 6c24 | 284c 8b54 | 2420 4c89 | 5424 3044 | 8b54 2450 | 448b 5c24 
  0x00000254d86033f0: 548b 7424 | 58c5 fb10 | 4424 604c | 8b4c 2468 | 4c8b 6c24 | 7044 8b74 | 245c 8b4c | 2478 488b 
  0x00000254d8603410: d84d 8bc1 | e9a4 edff | ff44 894c | 243c 4489 | 5c24 3848 | 895c 2420 

  0x00000254d8603428: ;   {static_call}
  0x00000254d8603428: c5f8 77e8 

  0x00000254d860342c: ; ImmutableOopMap {rbp=Oop [32]=Oop [40]=Oop [48]=Oop [56]=NarrowOop [60]=NarrowOop [72]=Oop }
                      ;*invokestatic hashCode {reexecute=0 rethrow=0 return_oop=0}
                      ; - java.lang.String::hashCode@37
                      ; - java.util.concurrent.ConcurrentHashMap::get@1
                      ; - java.lang.ClassLoader::getNamedPackage@5
                      ; - java.lang.ClassLoader::postDefineClass@9
                      ; - java.lang.ClassLoader::defineClass@37
                      ; - java.security.SecureClassLoader::defineClass@12
  0x00000254d860342c: 50bc a1ff 

  0x00000254d8603430: ;   {other}
  0x00000254d8603430: 0f1f 8400 | a01a 0019 | e96b f9ff | ff4c 8b6c | 2420 41c6 | 4511 0133 | c044 8b5c | 2438 448b 
  0x00000254d8603450: 4c24 3ce9 | 6df4 ffff | 4c8b 5424 | 404c 8954 | 2458 458b | 520c 4585 | d20f 8439 | faff ff4d 
  0x00000254d8603470: 8b5f 2849 | 8bca 4d85 | db0f 84d9 | 0a00 004d | 8b57 384b | 894c 1af8 | 4983 c3f8 | 4d89 5f28 
  0x00000254d8603490: e913 faff | ff4c 8b54 | 2458 458b | 5a10 4585 | db0f 8449 | faff ff4d | 8b57 2849 | 8bcb 4d85 
  0x00000254d86034b0: d20f 84c1 | 0a00 004d | 8b5f 384b | 894c 13f8 | 4983 c2f8 | 4d89 5728 | e923 faff | ff4d 8b57 
  0x00000254d86034d0: 484d 8b5f | 58f0 8344 | 24c0 0041 | 8038 000f | 8452 faff | ff45 8820 | 4d85 d275 | 2349 8bc8 
  0x00000254d86034f0: 498b d7c5 | f877 49ba | 00a4 72b8 | fc7f 0000 

  0x00000254d8603500: ;   {other}
  0x00000254d8603500: 41ff d20f | 1f84 0000 | 0000 00e9 | 27fa ffff | 4f89 4413 | f849 83c2 | f84d 8957 | 48e9 15fa 
  0x00000254d8603520: ffff 4d8b | 5758 4d8b | 5f48 f083 | 4424 c000 | 8039 000f | 84ac f9ff | ff44 8821 | 4d85 db75 
  0x00000254d8603540: 2049 8bd7 | c5f8 7749 | ba00 a472 | b8fc 7f00 | 0041 ffd2 

  0x00000254d8603554: ;   {other}
  0x00000254d8603554: 0f1f 8400 | 0000 0000 | e984 f9ff | ff4b 894c | 1af8 4983 | c3f8 4d89 | 5f48 e972 | f9ff ff44 
  0x00000254d8603574: 895c 2440 | 897c 243c | 4489 4c24 | 384c 8b54 | 2430 4c89 

  0x00000254d8603588: ;   {metadata('java/lang/String')}
  0x00000254d8603588: 5424 2048 | ba78 e800 | 8054 0200 | 0066 6690 

  0x00000254d8603598: ;   {runtime_call _new_instance_Java}
  0x00000254d8603598: c5f8 77e8 

  0x00000254d860359c: ; ImmutableOopMap {[32]=Oop [40]=Oop [48]=Oop [56]=NarrowOop [72]=Oop [136]=Oop }
                      ;*new {reexecute=0 rethrow=0 return_oop=1}
                      ; - java.lang.StringLatin1::newString@7
                      ; - java.lang.String::substring@41
                      ; - java.lang.Class::getPackageName@62
                      ; - java.lang.ClassLoader::postDefineClass@2
                      ; - java.lang.ClassLoader::defineClass@37
                      ; - java.security.SecureClassLoader::defineClass@12
  0x00000254d860359c: 6086 a4ff 

  0x00000254d86035a0: ;   {other}
  0x00000254d86035a0: 0f1f 8400 | 101c 001a | 448b 4c24 | 388b 7c24 | 3c44 8b5c | 2440 488b | d8e9 cbf0 | ffff 4c89 
  0x00000254d86035c0: 8424 8800 | 0000 4c89 | 8c24 8000 | 0000 4889 | 5c24 7889 | 4c24 7044 | 8974 2454 | 4c89 6c24 
  0x00000254d86035e0: 6848 897c | 2460 c5fb | 1144 2458 | 8974 2450 | 4c8b 9424 | 9000 0000 | 4c89 5424 | 484c 8b54 
  0x00000254d8603600: 2428 4c89 

  0x00000254d8603604: ;   {metadata({type array byte})}
  0x00000254d8603604: 5424 2048 | ba18 2300 | 8054 0200 | 0044 8bc1 

  0x00000254d8603614: ;   {runtime_call _new_array_nozero_Java}
  0x00000254d8603614: c5f8 77e8 

  0x00000254d8603618: ; ImmutableOopMap {[32]=Oop [48]=Oop [56]=Oop [72]=Oop [84]=NarrowOop [88]=Oop [96]=Derived_oop_[88] [104]=Oop [120]=Oop }
                      ;*newarray {reexecute=0 rethrow=0 return_oop=1}
                      ; - java.util.Arrays::copyOfRangeByte@10
                      ; - java.util.Arrays::copyOfRange@13
                      ; - java.lang.StringLatin1::newString@16
                      ; - java.lang.String::substring@41
                      ; - java.lang.ClassLoader::checkCerts@21
                      ; - java.lang.ClassLoader::preDefineClass@113
                      ; - java.lang.ClassLoader::defineClass@4
                      ; - java.security.SecureClassLoader::defineClass@12
  0x00000254d8603618: 647f a4ff 

  0x00000254d860361c: ;   {other}
  0x00000254d860361c: 0f1f 8400 | 8c1c 001b | 4c8b 5c24 | 204c 895c | 2428 4c8b | 5c24 484c | 899c 2490 | 0000 008b 
  0x00000254d860363c: 7424 5048 | 8b7c 2460 | 4c8b 6c24 | 6844 8b74 | 2454 8b4c | 2470 488b | 5c24 784c | 8b8c 2480 
  0x00000254d860365c: 0000 004c | 8b84 2488 | 0000 004c | 8bd0 e9b2 | ecff ff4c | 8b44 2450 | 4889 6c24 | 6848 895c 
  0x00000254d860367c: 2460 4489 | 7424 244c | 896c 2458 | 4c89 4424 | 50c5 fb11 | 4424 4889 | 7424 2041 

  0x00000254d8603698: ;   {metadata({type array byte})}
  0x00000254d8603698: 8bea 48ba | 1823 0080 | 5402 0000 | 458b c390 

  0x00000254d86036a8: ;   {runtime_call _new_array_nozero_Java}
  0x00000254d86036a8: c5f8 77e8 

  0x00000254d86036ac: ; ImmutableOopMap {rbp=NarrowOop [36]=NarrowOop [40]=Oop [48]=Oop [56]=Oop [72]=Oop [80]=Derived_oop_[72] [88]=Oop [96]=Oop [144]=Oop }
                      ;*invokevirtual clone {reexecute=1 rethrow=0 return_oop=1}
                      ; - (reexecute) java.util.Arrays::copyOfRange@18
                      ; - java.lang.StringLatin1::newString@16
                      ; - java.lang.String::substring@41
                      ; - java.lang.ClassLoader::checkCerts@21
                      ; - java.lang.ClassLoader::preDefineClass@113
                      ; - java.lang.ClassLoader::defineClass@4
                      ; - java.security.SecureClassLoader::defineClass@12
  0x00000254d86036ac: d07e a4ff 

  0x00000254d86036b0: ;   {other}
  0x00000254d86036b0: 0f1f 8400 | 201d 001c | 488b f8e9 | 86eb ffff | 4489 4c24 | 384c 896c 

  0x00000254d86036c8: ;   {metadata('java/lang/NamedPackage')}
  0x00000254d86036c8: 2420 48ba | e8c0 0180 | 5402 0000 

  0x00000254d86036d4: ;   {runtime_call _new_instance_Java}
  0x00000254d86036d4: c5f8 77e8 

  0x00000254d86036d8: ; ImmutableOopMap {[32]=Oop [40]=Oop [48]=Oop [56]=NarrowOop [72]=Oop }
                      ;*new {reexecute=0 rethrow=0 return_oop=1}
                      ; - java.lang.ClassLoader::getNamedPackage@16
                      ; - java.lang.ClassLoader::postDefineClass@9
                      ; - java.lang.ClassLoader::defineClass@37
                      ; - java.security.SecureClassLoader::defineClass@12
  0x00000254d86036d8: 2485 a4ff 

  0x00000254d86036dc: ;   {other}
  0x00000254d86036dc: 0f1f 8400 | 4c1d 001d | e950 f3ff 

  0x00000254d86036e8: ;   {metadata('java/lang/InternalError')}
  0x00000254d86036e8: ff48 ba38 | 0701 8054 | 0200 0090 

  0x00000254d86036f4: ;   {runtime_call _new_instance_Java}
  0x00000254d86036f4: c5f8 77e8 

  0x00000254d86036f8: ; ImmutableOopMap {[32]=Oop [40]=Oop [48]=Oop [56]=NarrowOop [64]=Oop [72]=Oop [80]=Oop }
                      ;*new {reexecute=0 rethrow=0 return_oop=1}
                      ; - java.lang.NamedPackage::<init>@18
                      ; - java.lang.ClassLoader::getNamedPackage@22
                      ; - java.lang.ClassLoader::postDefineClass@9
                      ; - java.lang.ClassLoader::defineClass@37
                      ; - java.security.SecureClassLoader::defineClass@12
  0x00000254d86036f8: 0485 a4ff 

  0x00000254d86036fc: ;   {other}
  0x00000254d86036fc: 0f1f 8400 | 6c1d 001e | e9cf f3ff 

  0x00000254d8603708: ;   {metadata('java/lang/StringBuilder')}
  0x00000254d8603708: ff48 ba40 | 8000 8054 | 0200 0090 

  0x00000254d8603714: ;   {runtime_call _new_instance_Java}
  0x00000254d8603714: c5f8 77e8 

  0x00000254d8603718: ; ImmutableOopMap {[32]=Oop [40]=Oop [48]=Oop [56]=NarrowOop [64]=Oop [72]=Oop [80]=Oop [104]=Oop }
                      ;*new {reexecute=0 rethrow=0 return_oop=1}
                      ; - java.lang.NamedPackage::<init>@22
                      ; - java.lang.ClassLoader::getNamedPackage@22
                      ; - java.lang.ClassLoader::postDefineClass@9
                      ; - java.lang.ClassLoader::defineClass@37
                      ; - java.security.SecureClassLoader::defineClass@12
  0x00000254d8603718: e484 a4ff 

  0x00000254d860371c: ;   {other}
  0x00000254d860371c: 0f1f 8400 | 8c1d 001f | e9f4 f3ff | ff48 897c | 2460 4889 | 4c24 584c | 8954 2450 | 4889 5c24 
  0x00000254d860373c: 4044 895c | 2438 4c8b | 5424 684c | 8954 2420 

  0x00000254d860374c: ;   {metadata({type array byte})}
  0x00000254d860374c: 48ba 1823 | 0080 5402 | 0000 458b | c366 6690 

  0x00000254d860375c: ;   {runtime_call _new_array_nozero_Java}
  0x00000254d860375c: c5f8 77e8 

  0x00000254d8603760: ; ImmutableOopMap {[40]=Oop [48]=Oop [64]=Oop [72]=Oop [136]=Oop [80]=Derived_oop_[136] }
                      ;*newarray {reexecute=0 rethrow=0 return_oop=1}
                      ; - java.util.Arrays::copyOfRangeByte@10
                      ; - java.util.Arrays::copyOfRange@13
                      ; - java.lang.StringLatin1::newString@16
                      ; - java.lang.String::substring@41
                      ; - java.lang.Class::getPackageName@62
                      ; - java.lang.ClassLoader::postDefineClass@2
                      ; - java.lang.ClassLoader::defineClass@37
                      ; - java.security.SecureClassLoader::defineClass@12
  0x00000254d8603760: 1c7e a4ff 

  0x00000254d8603764: ;   {other}
  0x00000254d8603764: 0f1f 8400 | d41d 0020 | 4c8b 5424 | 204c 8954 | 2468 448b | 5c24 3848 | 8b5c 2440 | 4c8b 5424 
  0x00000254d8603784: 5048 8b4c | 2458 488b | 7c24 6048 | 8bf0 e919 | f0ff ff4c | 8944 2458 | 4c89 5424 | 5048 895c 
  0x00000254d86037a4: 2440 4489 | 4c24 384c | 8b5c 2430 | 4c89 5c24 | 2048 8b6c 

  0x00000254d86037b8: ;   {metadata({type array byte})}
  0x00000254d86037b8: 2468 48ba | 1823 0080 | 5402 0000 | 448b c790 

  0x00000254d86037c8: ;   {runtime_call _new_array_nozero_Java}
  0x00000254d86037c8: c5f8 77e8 

  0x00000254d86037cc: ; ImmutableOopMap {[32]=Oop [40]=Oop [48]=Oop [56]=NarrowOop [64]=Oop [72]=Oop [136]=Oop [80]=Derived_oop_[136] }
                      ;*invokevirtual clone {reexecute=1 rethrow=0 return_oop=1}
                      ; - (reexecute) java.util.Arrays::copyOfRange@18
                      ; - java.lang.StringLatin1::newString@16
                      ; - java.lang.String::substring@41
                      ; - java.lang.Class::getPackageName@62
                      ; - java.lang.ClassLoader::postDefineClass@2
                      ; - java.lang.ClassLoader::defineClass@37
                      ; - java.security.SecureClassLoader::defineClass@12
  0x00000254d86037cc: b07d a4ff 

  0x00000254d86037d0: ;   {other}
  0x00000254d86037d0: 0f1f 8400 | 401e 0021 | 4889 6c24 | 6848 8b5c | 2440 4c8b | 5424 504c | 8b44 2458 | 488b f0e9 
  0x00000254d86037f0: 00ef ffff | baf6 ffff | ff48 8beb 

  0x00000254d86037fc: ;   {runtime_call UncommonTrapBlob}
  0x00000254d86037fc: c5f8 77e8 

  0x00000254d8603800: ; ImmutableOopMap {rbp=Oop }
                      ;*invokevirtual putIfAbsent {reexecute=0 rethrow=0 return_oop=0}
                      ; - java.lang.ClassLoader::checkCerts@62
                      ; - java.lang.ClassLoader::preDefineClass@113
                      ; - java.lang.ClassLoader::defineClass@4
                      ; - java.security.SecureClassLoader::defineClass@12
  0x00000254d8603800: 7c0b a2ff 

  0x00000254d8603804: ;   {other}
  0x00000254d8603804: 0f1f 8400 | 741e 0022 | baf6 ffff | ff66 6690 

  0x00000254d8603814: ;   {runtime_call UncommonTrapBlob}
  0x00000254d8603814: c5f8 77e8 

  0x00000254d8603818: ; ImmutableOopMap {rbp=NarrowOop }
                      ;*invokevirtual toExternalForm {reexecute=0 rethrow=0 return_oop=0}
                      ; - java.net.URL::toExternalForm@5
                      ; - java.net.URL::toString@1
                      ; - java.lang.ClassLoader::defineClassSourceLocation@22
                      ; - java.lang.ClassLoader::defineClass@12
                      ; - java.security.SecureClassLoader::defineClass@12
  0x00000254d8603818: 640b a2ff 

  0x00000254d860381c: ;   {other}
  0x00000254d860381c: 0f1f 8400 | 8c1e 0023 | baf6 ffff | ff48 8beb 

  0x00000254d860382c: ;   {runtime_call UncommonTrapBlob}
  0x00000254d860382c: c5f8 77e8 

  0x00000254d8603830: ; ImmutableOopMap {rbp=Oop }
                      ;*invokevirtual get {reexecute=0 rethrow=0 return_oop=0}
                      ; - java.lang.ClassLoader::getNamedPackage@5
                      ; - java.lang.ClassLoader::postDefineClass@9
                      ; - java.lang.ClassLoader::defineClass@37
                      ; - java.security.SecureClassLoader::defineClass@12
  0x00000254d8603830: 4c0b a2ff 

  0x00000254d8603834: ;   {other}
  0x00000254d8603834: 0f1f 8400 | a41e 0024 | ba76 ffff | ff41 8bea | 895c 2424 | 4c89 6c24 | 5044 8974 | 2460 6690 
  0x00000254d8603854: ;   {runtime_call UncommonTrapBlob}
  0x00000254d8603854: c5f8 77e8 

  0x00000254d8603858: ; ImmutableOopMap {rbp=NarrowOop [40]=Oop [48]=Oop [56]=Oop [80]=Oop [96]=NarrowOop [144]=Oop }
                      ;*iflt {reexecute=1 rethrow=0 return_oop=0}
                      ; - (reexecute) java.lang.StringLatin1::lastIndexOf@19
                      ; - java.lang.String::lastIndexOf@13
                      ; - java.lang.String::lastIndexOf@8
                      ; - java.lang.ClassLoader::checkCerts@3
                      ; - java.lang.ClassLoader::preDefineClass@113
                      ; - java.lang.ClassLoader::defineClass@4
                      ; - java.security.SecureClassLoader::defineClass@12
  0x00000254d8603858: 240b a2ff 

  0x00000254d860385c: ;   {other}
  0x00000254d860385c: 0f1f 8400 | cc1e 0025 | bade ffff | ff4c 8954 | 2420 4c8b | 5424 304c | 8954 2428 | 4c8b 5424 
  0x00000254d860387c: 384c 8954 | 2430 448b | 5424 4044 | 8954 2438 | 448b 5c24 | 4444 895c | 243c 4c89 | 4424 404c 
  0x00000254d860389c: 894c 2448 

  0x00000254d86038a0: ;   {runtime_call UncommonTrapBlob}
  0x00000254d86038a0: c5f8 77e8 

  0x00000254d86038a4: ; ImmutableOopMap {rbp=NarrowOop [32]=Oop [40]=Oop [48]=Oop [64]=Oop [72]=Oop }
                      ;*invokeinterface computeIfAbsent {reexecute=0 rethrow=0 return_oop=0}
                      ; - java.security.SecureClassLoader::getProtectionDomain@28
                      ; - java.security.SecureClassLoader::defineClass@9
  0x00000254d86038a4: d80a a2ff 

  0x00000254d86038a8: ;   {other}
  0x00000254d86038a8: 0f1f 8400 | 181f 0026 | ba45 ffff | ff48 8b6c | 2428 6690 

  0x00000254d86038bc: ;   {runtime_call UncommonTrapBlob}
  0x00000254d86038bc: c5f8 77e8 

  0x00000254d86038c0: ; ImmutableOopMap {rbp=Oop [48]=Oop [56]=Oop [144]=Oop }
                      ;*ifeq {reexecute=1 rethrow=0 return_oop=0}
                      ; - (reexecute) java.lang.ClassLoader::checkName@8
                      ; - java.lang.ClassLoader::preDefineClass@1
                      ; - java.lang.ClassLoader::defineClass@4
                      ; - java.security.SecureClassLoader::defineClass@12
  0x00000254d86038c0: bc0a a2ff 

  0x00000254d86038c4: ;   {other}
  0x00000254d86038c4: 0f1f 8400 | 341f 0027 | ba6e ffff | ff41 8bea | 895c 2424 | 4c89 6c24 | 5044 8974 | 2460 6690 
  0x00000254d86038e4: ;   {runtime_call UncommonTrapBlob}
  0x00000254d86038e4: c5f8 77e8 

  0x00000254d86038e8: ; ImmutableOopMap {rbp=NarrowOop [40]=Oop [48]=Oop [56]=Oop [80]=Oop [96]=NarrowOop [144]=Oop }
                      ;*iflt {reexecute=1 rethrow=0 return_oop=0}
                      ; - (reexecute) java.lang.StringLatin1::lastIndexOf@19
                      ; - java.lang.String::lastIndexOf@13
                      ; - java.lang.String::lastIndexOf@8
                      ; - java.lang.ClassLoader::checkCerts@3
                      ; - java.lang.ClassLoader::preDefineClass@113
                      ; - java.lang.ClassLoader::defineClass@4
                      ; - java.security.SecureClassLoader::defineClass@12
  0x00000254d86038e8: 940a a2ff 

  0x00000254d86038ec: ;   {other}
  0x00000254d86038ec: 0f1f 8400 | 5c1f 0028 | bace ffff | ff41 8bea | 895c 2460 

  0x00000254d8603900: ;   {runtime_call UncommonTrapBlob}
  0x00000254d8603900: c5f8 77e8 

  0x00000254d8603904: ; ImmutableOopMap {rbp=NarrowOop [40]=Oop [48]=Oop [56]=Oop [144]=Oop }
                      ;*invokestatic indexOfChar {reexecute=0 rethrow=0 return_oop=0}
                      ; - java.lang.StringLatin1::indexOf@33
                      ; - java.lang.String::indexOf@17
                      ; - java.lang.String::indexOf@3
                      ; - java.lang.ClassLoader::checkName@16
                      ; - java.lang.ClassLoader::preDefineClass@1
                      ; - java.lang.ClassLoader::defineClass@4
                      ; - java.security.SecureClassLoader::defineClass@12
  0x00000254d8603904: 780a a2ff 

  0x00000254d8603908: ;   {other}
  0x00000254d8603908: 0f1f 8400 | 781f 0029 | ba76 ffff | ff41 8be9 | 4489 4424 | 2448 8944 | 2458 6690 

  0x00000254d8603924: ;   {runtime_call UncommonTrapBlob}
  0x00000254d8603924: c5f8 77e8 

  0x00000254d8603928: ; ImmutableOopMap {rbp=NarrowOop [40]=Oop [48]=Oop [88]=Oop [144]=Oop }
                      ;*iflt {reexecute=1 rethrow=0 return_oop=0}
                      ; - (reexecute) java.lang.StringLatin1::lastIndexOf@19
                      ; - java.lang.String::lastIndexOf@13
                      ; - java.lang.String::lastIndexOf@8
                      ; - java.lang.Class::getPackageName@47
                      ; - java.lang.ClassLoader::postDefineClass@2
                      ; - java.lang.ClassLoader::defineClass@37
                      ; - java.security.SecureClassLoader::defineClass@12
  0x00000254d8603928: 540a a2ff 

  0x00000254d860392c: ;   {other}
  0x00000254d860392c: 0f1f 8400 | 9c1f 002a | ba45 ffff | ff48 8944 | 2440 6690 

  0x00000254d8603940: ;   {runtime_call UncommonTrapBlob}
  0x00000254d8603940: c5f8 77e8 

  0x00000254d8603944: ; ImmutableOopMap {[40]=Oop [48]=Oop [64]=Oop [144]=Oop }
                      ;*ifeq {reexecute=1 rethrow=0 return_oop=0}
                      ; - (reexecute) java.lang.Class::getPackageName@13
                      ; - java.lang.ClassLoader::postDefineClass@2
                      ; - java.lang.ClassLoader::defineClass@37
                      ; - java.security.SecureClassLoader::defineClass@12
  0x00000254d8603944: 380a a2ff 

  0x00000254d8603948: ;   {other}
  0x00000254d8603948: 0f1f 8400 | b81f 002b | ba6e ffff | ff41 8be9 | 4489 4424 | 2448 8944 | 2458 6690 

  0x00000254d8603964: ;   {runtime_call UncommonTrapBlob}
  0x00000254d8603964: c5f8 77e8 

  0x00000254d8603968: ; ImmutableOopMap {rbp=NarrowOop [40]=Oop [48]=Oop [88]=Oop [144]=Oop }
                      ;*iflt {reexecute=1 rethrow=0 return_oop=0}
                      ; - (reexecute) java.lang.StringLatin1::lastIndexOf@19
                      ; - java.lang.String::lastIndexOf@13
                      ; - java.lang.String::lastIndexOf@8
                      ; - java.lang.Class::getPackageName@47
                      ; - java.lang.ClassLoader::postDefineClass@2
                      ; - java.lang.ClassLoader::defineClass@37
                      ; - java.security.SecureClassLoader::defineClass@12
  0x00000254d8603968: 140a a2ff 

  0x00000254d860396c: ;   {other}
  0x00000254d860396c: 0f1f 8400 | dc1f 002c | bade ffff | ff66 6690 

  0x00000254d860397c: ;   {runtime_call UncommonTrapBlob}
  0x00000254d860397c: c5f8 77e8 

  0x00000254d8603980: ; ImmutableOopMap {rbp=NarrowOop }
                      ;*checkcast {reexecute=0 rethrow=0 return_oop=0}
                      ; - java.lang.ClassLoader::getNamedPackage@8
                      ; - java.lang.ClassLoader::postDefineClass@9
                      ; - java.lang.ClassLoader::defineClass@37
                      ; - java.security.SecureClassLoader::defineClass@12
  0x00000254d8603980: fc09 a2ff 

  0x00000254d8603984: ;   {other}
  0x00000254d8603984: 0f1f 8400 | f41f 002d | 4533 db45 | 85c9 410f | 94c3 ba45 | ffff ff48 | 8b6c 2428 | 4c89 4424 
  0x00000254d86039a4: 2044 895c | 2460 6690 

  0x00000254d86039ac: ;   {runtime_call UncommonTrapBlob}
  0x00000254d86039ac: c5f8 77e8 

  0x00000254d86039b0: ; ImmutableOopMap {rbp=Oop [32]=Oop [56]=Oop [144]=Oop }
                      ;*ifeq {reexecute=1 rethrow=0 return_oop=0}
                      ; - (reexecute) java.lang.String::indexOf@4
                      ; - java.lang.String::indexOf@3
                      ; - java.lang.ClassLoader::checkName@16
                      ; - java.lang.ClassLoader::preDefineClass@1
                      ; - java.lang.ClassLoader::defineClass@4
                      ; - java.security.SecureClassLoader::defineClass@12
  0x00000254d86039b0: cc09 a2ff 

  0x00000254d86039b4: ;   {other}
  0x00000254d86039b4: 0f1f 8400 | 2420 002e | ba45 ffff | ff89 4c24 | 2089 4c24 | 244c 896c | 2450 4489 | 7424 6044 
  0x00000254d86039d4: 894c 2470 

  0x00000254d86039d8: ;   {runtime_call UncommonTrapBlob}
  0x00000254d86039d8: c5f8 77e8 

  0x00000254d86039dc: ; ImmutableOopMap {[40]=Oop [48]=Oop [56]=Oop [80]=Oop [96]=NarrowOop [144]=Oop }
                      ;*if_icmpgt {reexecute=1 rethrow=0 return_oop=0}
                      ; - (reexecute) jdk.internal.util.Preconditions::checkFromToIndex@6
                      ; - java.lang.String::checkBoundsBeginEnd@6
                      ; - java.lang.String::substring@8
                      ; - java.lang.ClassLoader::checkCerts@21
                      ; - java.lang.ClassLoader::preDefineClass@113
                      ; - java.lang.ClassLoader::defineClass@4
                      ; - java.security.SecureClassLoader::defineClass@12
  0x00000254d86039dc: a009 a2ff 

  0x00000254d86039e0: ;   {other}
  0x00000254d86039e0: 0f1f 8400 | 5020 002f | ba45 ffff | ff48 8b6c | 2428 895c | 2450 6690 

  0x00000254d86039f8: ;   {runtime_call UncommonTrapBlob}
  0x00000254d86039f8: c5f8 77e8 

  0x00000254d86039fc: ; ImmutableOopMap {rbp=Oop [48]=Oop [56]=Oop [144]=Oop }
                      ;*if_icmpne {reexecute=1 rethrow=0 return_oop=0}
                      ; - (reexecute) java.lang.ClassLoader::checkName@20
                      ; - java.lang.ClassLoader::preDefineClass@1
                      ; - java.lang.ClassLoader::defineClass@4
                      ; - java.security.SecureClassLoader::defineClass@12
  0x00000254d86039fc: 8009 a2ff 

  0x00000254d8603a00: ;   {other}
  0x00000254d8603a00: 0f1f 8400 | 7020 0030 | 8bcb e93e | e7ff ffba | 45ff ffff | 488b 6c24 | 304c 8b54 | 2448 4c89 
  0x00000254d8603a20: 5424 384c | 896c 2440 | 4489 4c24 | 4844 8944 | 244c 6690 

  0x00000254d8603a34: ;   {runtime_call UncommonTrapBlob}
  0x00000254d8603a34: c5f8 77e8 

  0x00000254d8603a38: ; ImmutableOopMap {rbp=Oop [40]=Oop [56]=Oop [64]=Oop [72]=NarrowOop }
                      ;*ifle {reexecute=1 rethrow=0 return_oop=0}
                      ; - (reexecute) java.util.concurrent.ConcurrentHashMap::get@23
                      ; - java.lang.ClassLoader::getNamedPackage@5
                      ; - java.lang.ClassLoader::postDefineClass@9
                      ; - java.lang.ClassLoader::defineClass@37
                      ; - java.security.SecureClassLoader::defineClass@12
  0x00000254d8603a38: 4409 a2ff 

  0x00000254d8603a3c: ;   {other}
  0x00000254d8603a3c: 0f1f 8400 | ac20 0031 | ba45 ffff | ff4c 8b54 | 2428 4c89 | 5424 204c | 8944 2428 | 4c89 4c24 
  0x00000254d8603a5c: 3089 7c24 | 3889 7424 | 3c66 6690 

  0x00000254d8603a68: ;   {runtime_call UncommonTrapBlob}
  0x00000254d8603a68: c5f8 77e8 

  0x00000254d8603a6c: ; ImmutableOopMap {rbp=Oop [32]=Oop [40]=Oop [48]=Oop }
                      ;*ifnonnull {reexecute=1 rethrow=0 return_oop=0}
                      ; - (reexecute) java.security.SecureClassLoader::getProtectionDomain@1
                      ; - java.security.SecureClassLoader::defineClass@9
  0x00000254d8603a6c: 1009 a2ff 

  0x00000254d8603a70: ;   {other}
  0x00000254d8603a70: 0f1f 8400 | e020 0032 | ba45 ffff | ff66 6690 

  0x00000254d8603a80: ;   {runtime_call UncommonTrapBlob}
  0x00000254d8603a80: c5f8 77e8 

  0x00000254d8603a84: ; ImmutableOopMap {[40]=Oop [48]=Oop [56]=Oop [144]=Oop }
                      ;*if_icmpne {reexecute=1 rethrow=0 return_oop=0}
                      ; - (reexecute) java.lang.ClassLoader::checkName@30
                      ; - java.lang.ClassLoader::preDefineClass@1
                      ; - java.lang.ClassLoader::defineClass@4
                      ; - java.security.SecureClassLoader::defineClass@12
  0x00000254d8603a84: f808 a2ff 

  0x00000254d8603a88: ;   {other}
  0x00000254d8603a88: 0f1f 8400 | f820 0033 | ba45 ffff | ff4c 8b54 | 2428 4c89 | 5424 204c | 896c 2450 | 4889 5c24 
  0x00000254d8603aa8: 5844 8974 | 2460 6690 

  0x00000254d8603ab0: ;   {runtime_call UncommonTrapBlob}
  0x00000254d8603ab0: c5f8 77e8 

  0x00000254d8603ab4: ; ImmutableOopMap {rbp=NarrowOop [32]=Oop [48]=Oop [56]=Oop [80]=Oop [88]=Oop [96]=NarrowOop [144]=Oop }
                      ;*ifnull {reexecute=1 rethrow=0 return_oop=0}
                      ; - (reexecute) java.security.CodeSource::getCertificates@4
                      ; - java.lang.ClassLoader::checkCerts@34
                      ; - java.lang.ClassLoader::preDefineClass@113
                      ; - java.lang.ClassLoader::defineClass@4
                      ; - java.security.SecureClassLoader::defineClass@12
  0x00000254d8603ab4: c808 a2ff 

  0x00000254d8603ab8: ;   {other}
  0x00000254d8603ab8: 0f1f 8400 | 2821 0034 | ba45 ffff | ff4c 8b54 | 2428 4c89 | 5424 204c | 896c 2450 | 4889 5c24 
  0x00000254d8603ad8: 5844 8974 | 2460 6690 

  0x00000254d8603ae0: ;   {runtime_call UncommonTrapBlob}
  0x00000254d8603ae0: c5f8 77e8 

  0x00000254d8603ae4: ; ImmutableOopMap {rbp=NarrowOop [32]=Oop [48]=Oop [56]=Oop [80]=Oop [88]=Oop [96]=NarrowOop [144]=Oop }
                      ;*ifnull {reexecute=1 rethrow=0 return_oop=0}
                      ; - (reexecute) java.security.CodeSource::getCertificates@22
                      ; - java.lang.ClassLoader::checkCerts@34
                      ; - java.lang.ClassLoader::preDefineClass@113
                      ; - java.lang.ClassLoader::defineClass@4
                      ; - java.security.SecureClassLoader::defineClass@12
  0x00000254d8603ae4: 9808 a2ff 

  0x00000254d8603ae8: ;   {other}
  0x00000254d8603ae8: 0f1f 8400 | 5821 0035 | ba45 ffff | ff89 4c24 | 2089 4c24 | 244c 896c | 2450 4489 | 7424 6044 
  0x00000254d8603b08: 894c 2470 | 4489 4c24 | 7466 6690 

  0x00000254d8603b14: ;   {runtime_call UncommonTrapBlob}
  0x00000254d8603b14: c5f8 77e8 

  0x00000254d8603b18: ; ImmutableOopMap {[40]=Oop [48]=Oop [56]=Oop [80]=Oop [96]=NarrowOop [144]=Oop }
                      ;*if_icmple {reexecute=1 rethrow=0 return_oop=0}
                      ; - (reexecute) jdk.internal.util.Preconditions::checkFromToIndex@11
                      ; - java.lang.String::checkBoundsBeginEnd@6
                      ; - java.lang.String::substring@8
                      ; - java.lang.ClassLoader::checkCerts@21
                      ; - java.lang.ClassLoader::preDefineClass@113
                      ; - java.lang.ClassLoader::defineClass@4
                      ; - java.security.SecureClassLoader::defineClass@12
  0x00000254d8603b18: 6408 a2ff 

  0x00000254d8603b1c: ;   {other}
  0x00000254d8603b1c: 0f1f 8400 | 8c21 0036 | ba45 ffff | ff4c 8b54 | 2428 4c89 | 5424 2090 

  0x00000254d8603b34: ;   {runtime_call UncommonTrapBlob}
  0x00000254d8603b34: c5f8 77e8 

  0x00000254d8603b38: ; ImmutableOopMap {[32]=Oop [48]=Oop [56]=Oop [144]=Oop }
                      ;*ifne {reexecute=1 rethrow=0 return_oop=0}
                      ; - (reexecute) java.lang.ClassLoader::compareCerts@7
                      ; - java.lang.ClassLoader::checkCerts@80
                      ; - java.lang.ClassLoader::preDefineClass@113
                      ; - java.lang.ClassLoader::defineClass@4
                      ; - java.security.SecureClassLoader::defineClass@12
  0x00000254d8603b38: 4408 a2ff 

  0x00000254d8603b3c: ;   {other}
  0x00000254d8603b3c: 0f1f 8400 | ac21 0037 | 4c63 c9e9 | 55e7 ffff | 4983 c1fe | 498b c948 | 8bfa 4833 | c048 83f9 
  0x00000254d8603b5c: 087f 1048 | ffc9 784f | 4889 04cf | 48ff c97d | f7eb 44c5 | fdef c0e9 | 0d00 0000 | c5fe 7f07 
  0x00000254d8603b7c: c5fe 7f47 | 2048 83c7 | 4048 83e9 | 087d ed48 | 83c1 047c | 0cc5 fe7f | 0748 83c7 | 2048 83e9 
  0x00000254d8603b9c: 0448 83c1 | 047e 1048 | ffc9 c5f9 | d607 4883 | c708 48ff | c97d f3e9 | ade7 ffff | bacc ffff 
  0x00000254d8603bbc: ff41 8bea | 894c 2424 | 4c89 6c24 | 5044 8974 | 2460 4889 | 5c24 7090 

  0x00000254d8603bd4: ;   {runtime_call UncommonTrapBlob}
  0x00000254d8603bd4: c5f8 77e8 

  0x00000254d8603bd8: ; ImmutableOopMap {rbp=NarrowOop [40]=Oop [48]=Oop [56]=Oop [80]=Oop [96]=NarrowOop [112]=Oop [144]=Oop }
                      ;*newarray {reexecute=1 rethrow=0 return_oop=0}
                      ; - (reexecute) java.util.Arrays::copyOfRangeByte@10
                      ; - java.util.Arrays::copyOfRange@13
                      ; - java.lang.StringLatin1::newString@16
                      ; - java.lang.String::substring@41
                      ; - java.lang.ClassLoader::checkCerts@21
                      ; - java.lang.ClassLoader::preDefineClass@113
                      ; - java.lang.ClassLoader::defineClass@4
                      ; - java.security.SecureClassLoader::defineClass@12
  0x00000254d8603bd8: a407 a2ff 

  0x00000254d8603bdc: ;   {other}
  0x00000254d8603bdc: 0f1f 8400 | 4c22 0038 | 4c89 5424 | 4848 895c | 2420 498b | ed44 8bee | 498b d7c5 | f877 49ba 
  0x00000254d8603bfc: 20a4 72b8 | fc7f 0000 

  0x00000254d8603c04: ;   {other}
  0x00000254d8603c04: 41ff d20f | 1f84 0000 | 0000 0041 | 8bf5 4c8b | ed48 8b5c | 2420 4c8b | 5424 48e9 | 4ce7 ffff 
  0x00000254d8603c24: baf6 ffff | ff66 6690 

  0x00000254d8603c2c: ;   {runtime_call UncommonTrapBlob}
  0x00000254d8603c2c: c5f8 77e8 

  0x00000254d8603c30: ; ImmutableOopMap {}
                      ;*invokevirtual isNamed {reexecute=0 rethrow=0 return_oop=0}
                      ; - java.lang.NamedPackage::<init>@12
                      ; - java.lang.ClassLoader::getNamedPackage@22
                      ; - java.lang.ClassLoader::postDefineClass@9
                      ; - java.lang.ClassLoader::defineClass@37
                      ; - java.security.SecureClassLoader::defineClass@12
  0x00000254d8603c30: 4c07 a2ff 

  0x00000254d8603c34: ;   {other}
  0x00000254d8603c34: 0f1f 8400 | a422 0039 | 4585 c044 | 8b44 2420 | 410f 94c0 | ba45 ffff | ff48 8b6c | 2430 4889 
  0x00000254d8603c54: 4424 5044 | 8954 2458 | 4489 4424 | 5c66 6690 

  0x00000254d8603c64: ;   {runtime_call UncommonTrapBlob}
  0x00000254d8603c64: c5f8 77e8 

  0x00000254d8603c68: ; ImmutableOopMap {rbp=Oop [40]=Oop [80]=Oop [144]=Oop }
                      ;*ifeq {reexecute=1 rethrow=0 return_oop=0}
                      ; - (reexecute) java.lang.String::lastIndexOf@4
                      ; - java.lang.String::lastIndexOf@8
                      ; - java.lang.Class::getPackageName@47
                      ; - java.lang.ClassLoader::postDefineClass@2
                      ; - java.lang.ClassLoader::defineClass@37
                      ; - java.security.SecureClassLoader::defineClass@12
  0x00000254d8603c68: 1407 a2ff 

  0x00000254d8603c6c: ;   {other}
  0x00000254d8603c6c: 0f1f 8400 | dc22 003a | 498b d7c5 | f877 49ba | 20a4 72b8 | fc7f 0000 

  0x00000254d8603c84: ;   {other}
  0x00000254d8603c84: 41ff d20f | 1f84 0000 | 0000 00e9 | ceeb ffff | ba45 ffff | ff44 895c | 2420 4489 | 5c24 244c 
  0x00000254d8603ca4: 8b54 2448 | 4c89 5424 | 4048 8944 | 2458 894c | 2464 6690 

  0x00000254d8603cb8: ;   {runtime_call UncommonTrapBlob}
  0x00000254d8603cb8: c5f8 77e8 

  0x00000254d8603cbc: ; ImmutableOopMap {[40]=Oop [48]=Oop [64]=Oop [88]=Oop }
                      ;*if_icmpgt {reexecute=1 rethrow=0 return_oop=0}
                      ; - (reexecute) jdk.internal.util.Preconditions::checkFromToIndex@6
                      ; - java.lang.String::checkBoundsBeginEnd@6
                      ; - java.lang.String::substring@8
                      ; - java.lang.Class::getPackageName@62
                      ; - java.lang.ClassLoader::postDefineClass@2
                      ; - java.lang.ClassLoader::defineClass@37
                      ; - java.security.SecureClassLoader::defineClass@12
  0x00000254d8603cbc: c006 a2ff 

  0x00000254d8603cc0: ;   {other}
  0x00000254d8603cc0: 0f1f 8400 | 3023 003b | baf6 ffff | ff66 6690 

  0x00000254d8603cd0: ;   {runtime_call UncommonTrapBlob}
  0x00000254d8603cd0: c5f8 77e8 

  0x00000254d8603cd4: ; ImmutableOopMap {[56]=NarrowOop }
                      ;*invokevirtual append {reexecute=0 rethrow=0 return_oop=0}
                      ; - java.lang.NamedPackage::<init>@35
                      ; - java.lang.ClassLoader::getNamedPackage@22
                      ; - java.lang.ClassLoader::postDefineClass@9
                      ; - java.lang.ClassLoader::defineClass@37
                      ; - java.security.SecureClassLoader::defineClass@12
  0x00000254d8603cd4: a806 a2ff 

  0x00000254d8603cd8: ;   {other}
  0x00000254d8603cd8: 0f1f 8400 | 4823 003c | baf6 ffff | ff66 6690 

  0x00000254d8603ce8: ;   {runtime_call UncommonTrapBlob}
  0x00000254d8603ce8: c5f8 77e8 

  0x00000254d8603cec: ; ImmutableOopMap {}
                      ;*invokevirtual toString {reexecute=0 rethrow=0 return_oop=0}
                      ; - java.lang.NamedPackage::<init>@38
                      ; - java.lang.ClassLoader::getNamedPackage@22
                      ; - java.lang.ClassLoader::postDefineClass@9
                      ; - java.lang.ClassLoader::defineClass@37
                      ; - java.security.SecureClassLoader::defineClass@12
  0x00000254d8603cec: 9006 a2ff 

  0x00000254d8603cf0: ;   {other}
  0x00000254d8603cf0: 0f1f 8400 | 6023 003d | 458b d8e9 | 1be9 ffff | ba45 ffff | ff44 895c | 2420 4489 | 5c24 244c 
  0x00000254d8603d10: 8b54 2448 | 4c89 5424 | 4048 8944 | 2458 894c | 2464 894c | 2468 6690 

  0x00000254d8603d28: ;   {runtime_call UncommonTrapBlob}
  0x00000254d8603d28: c5f8 77e8 

  0x00000254d8603d2c: ; ImmutableOopMap {[40]=Oop [48]=Oop [64]=Oop [88]=Oop }
                      ;*if_icmple {reexecute=1 rethrow=0 return_oop=0}
                      ; - (reexecute) jdk.internal.util.Preconditions::checkFromToIndex@11
                      ; - java.lang.String::checkBoundsBeginEnd@6
                      ; - java.lang.String::substring@8
                      ; - java.lang.Class::getPackageName@62
                      ; - java.lang.ClassLoader::postDefineClass@2
                      ; - java.lang.ClassLoader::defineClass@37
                      ; - java.security.SecureClassLoader::defineClass@12
  0x00000254d8603d2c: 5006 a2ff 

  0x00000254d8603d30: ;   {other}
  0x00000254d8603d30: 0f1f 8400 | a023 003e | ba45 ffff | ff44 895c | 2438 6690 

  0x00000254d8603d44: ;   {runtime_call UncommonTrapBlob}
  0x00000254d8603d44: c5f8 77e8 

  0x00000254d8603d48: ; ImmutableOopMap {rbp=NarrowOop [40]=Oop [48]=Oop [56]=NarrowOop }
                      ;*ifnull {reexecute=1 rethrow=0 return_oop=0}
                      ; - (reexecute) java.security.CodeSource::getCertificates@4
                      ; - java.lang.ClassLoader::postDefineClass@24
                      ; - java.lang.ClassLoader::defineClass@37
                      ; - java.security.SecureClassLoader::defineClass@12
  0x00000254d8603d48: 3406 a2ff 

  0x00000254d8603d4c: ;   {other}
  0x00000254d8603d4c: 0f1f 8400 | bc23 003f | ba45 ffff | ff44 895c | 2438 6690 

  0x00000254d8603d60: ;   {runtime_call UncommonTrapBlob}
  0x00000254d8603d60: c5f8 77e8 

  0x00000254d8603d64: ; ImmutableOopMap {rbp=NarrowOop [40]=Oop [48]=Oop [56]=NarrowOop }
                      ;*ifnull {reexecute=1 rethrow=0 return_oop=0}
                      ; - (reexecute) java.security.CodeSource::getCertificates@22
                      ; - java.lang.ClassLoader::postDefineClass@24
                      ; - java.lang.ClassLoader::defineClass@37
                      ; - java.security.SecureClassLoader::defineClass@12
  0x00000254d8603d64: 1806 a2ff 

  0x00000254d8603d68: ;   {other}
  0x00000254d8603d68: 0f1f 8400 | d823 0040 | 4963 cbe9 | bbe9 ffff | 4883 c1fe | 498b f948 | 33c0 4883 | f908 7f10 
  0x00000254d8603d88: 48ff c978 | 4f48 8904 | cf48 ffc9 | 7df7 eb44 | c5fd efc0 | e90d 0000 | 00c5 fe7f | 07c5 fe7f 
  0x00000254d8603da8: 4720 4883 | c740 4883 | e908 7ded | 4883 c104 | 7c0c c5fe | 7f07 4883 | c720 4883 | e904 4883 
  0x00000254d8603dc8: c104 7e10 | 48ff c9c5 | f9d6 0748 | 83c7 0848 | ffc9 7df3 | e914 eaff | ffba ccff | ffff 418b 
  0x00000254d8603de8: e944 895c | 2424 4c8b | 5424 484c | 8954 2440 | 4889 5c24 | 6066 6690 

  0x00000254d8603e00: ;   {runtime_call UncommonTrapBlob}
  0x00000254d8603e00: c5f8 77e8 

  0x00000254d8603e04: ; ImmutableOopMap {rbp=NarrowOop [40]=Oop [48]=Oop [64]=Oop [96]=Oop }
                      ;*newarray {reexecute=1 rethrow=0 return_oop=0}
                      ; - (reexecute) java.util.Arrays::copyOfRangeByte@10
                      ; - java.util.Arrays::copyOfRange@13
                      ; - java.lang.StringLatin1::newString@16
                      ; - java.lang.String::substring@41
                      ; - java.lang.Class::getPackageName@62
                      ; - java.lang.ClassLoader::postDefineClass@2
                      ; - java.lang.ClassLoader::defineClass@37
                      ; - java.security.SecureClassLoader::defineClass@12
  0x00000254d8603e04: 7805 a2ff 

  0x00000254d8603e08: ;   {other}
  0x00000254d8603e08: 0f1f 8400 | 7824 0041 | 498b d7c5 | f877 49ba | 20a4 72b8 | fc7f 0000 

  0x00000254d8603e20: ;   {other}
  0x00000254d8603e20: 41ff d20f | 1f84 0000 | 0000 00e9 | d0e9 ffff | ba45 ffff | ff4c 8b5c | 2448 4c89 | 5c24 3844 
  0x00000254d8603e40: 894c 2450 | 4c89 6c24 | 5844 8944 | 2454 4489 | 5424 6089 | 4c24 6490 

  0x00000254d8603e58: ;   {runtime_call UncommonTrapBlob}
  0x00000254d8603e58: c5f8 77e8 

  0x00000254d8603e5c: ; ImmutableOopMap {[40]=Oop [48]=Oop [56]=Oop [80]=NarrowOop [84]=NarrowOop [88]=Oop }
                      ;*if_icmpne {reexecute=1 rethrow=0 return_oop=0}
                      ; - (reexecute) java.lang.String::equals@33
                      ; - java.util.concurrent.ConcurrentHashMap::get@73
                      ; - java.lang.ClassLoader::getNamedPackage@5
                      ; - java.lang.ClassLoader::postDefineClass@9
                      ; - java.lang.ClassLoader::defineClass@37
                      ; - java.security.SecureClassLoader::defineClass@12
  0x00000254d8603e5c: 2005 a2ff 

  0x00000254d8603e60: ;   {other}
  0x00000254d8603e60: 0f1f 8400 | d024 0042 | bae4 ffff | ff44 8954 | 2420 448b | 5424 4044 | 8954 2424 

  0x00000254d8603e7c: ;   {runtime_call UncommonTrapBlob}
  0x00000254d8603e7c: c5f8 77e8 

  0x00000254d8603e80: ; ImmutableOopMap {[32]=NarrowOop [40]=Oop [48]=Oop [56]=Oop [144]=Oop }
                      ;*baload {reexecute=0 rethrow=0 return_oop=0}
                      ; - jdk.internal.util.ArraysSupport::mismatch@82
                      ; - java.lang.String::startsWith@70
                      ; - java.lang.String::startsWith@3
                      ; - java.lang.ClassLoader::preDefineClass@43
                      ; - java.lang.ClassLoader::defineClass@4
                      ; - java.security.SecureClassLoader::defineClass@12
  0x00000254d8603e80: fc04 a2ff 

  0x00000254d8603e84: ;   {other}
  0x00000254d8603e84: 0f1f 8400 | f424 0043 | ba45 ffff | ff4c 8b5c | 2448 4c89 | 5c24 3844 | 894c 2450 | 4c89 6c24 
  0x00000254d8603ea4: 5844 8944 | 2454 4489 | 5424 6090 

  0x00000254d8603eb0: ;   {runtime_call UncommonTrapBlob}
  0x00000254d8603eb0: c5f8 77e8 

  0x00000254d8603eb4: ; ImmutableOopMap {[40]=Oop [48]=Oop [56]=Oop [80]=NarrowOop [84]=NarrowOop [88]=Oop }
                      ;*ifge {reexecute=1 rethrow=0 return_oop=0}
                      ; - (reexecute) java.util.concurrent.ConcurrentHashMap::get@86
                      ; - java.lang.ClassLoader::getNamedPackage@5
                      ; - java.lang.ClassLoader::postDefineClass@9
                      ; - java.lang.ClassLoader::defineClass@37
                      ; - java.security.SecureClassLoader::defineClass@12
  0x00000254d8603eb4: c804 a2ff 

  0x00000254d8603eb8: ;   {other}
  0x00000254d8603eb8: 0f1f 8400 | 2825 0044 | baf6 ffff | ff48 8b6c | 2420 6690 

  0x00000254d8603ecc: ;   {runtime_call UncommonTrapBlob}
  0x00000254d8603ecc: c5f8 77e8 

  0x00000254d8603ed0: ; ImmutableOopMap {rbp=Oop [88]=Oop }
                      ;*invokevirtual putIfAbsent {reexecute=0 rethrow=0 return_oop=0}
                      ; - java.lang.ClassLoader::getNamedPackage@32
                      ; - java.lang.ClassLoader::postDefineClass@9
                      ; - java.lang.ClassLoader::defineClass@37
                      ; - java.security.SecureClassLoader::defineClass@12
  0x00000254d8603ed0: ac04 a2ff 

  0x00000254d8603ed4: ;   {other}
  0x00000254d8603ed4: 0f1f 8400 | 4425 0045 | bade ffff | ff48 8be8 

  0x00000254d8603ee4: ;   {runtime_call UncommonTrapBlob}
  0x00000254d8603ee4: c5f8 77e8 

  0x00000254d8603ee8: ; ImmutableOopMap {rbp=Oop }
                      ;*checkcast {reexecute=0 rethrow=0 return_oop=0}
                      ; - java.lang.ClassLoader::getNamedPackage@35
                      ; - java.lang.ClassLoader::postDefineClass@9
                      ; - java.lang.ClassLoader::defineClass@37
                      ; - java.security.SecureClassLoader::defineClass@12
  0x00000254d8603ee8: 9404 a2ff 

  0x00000254d8603eec: ;   {other}
  0x00000254d8603eec: 0f1f 8400 | 5c25 0046 | ba45 ffff | ff4c 8b5c | 2448 4c89 | 5c24 3844 | 894c 2450 | 4c89 6c24 
  0x00000254d8603f0c: 5848 895c | 2460 4489 | 5424 5490 

  0x00000254d8603f18: ;   {runtime_call UncommonTrapBlob}
  0x00000254d8603f18: c5f8 77e8 

  0x00000254d8603f1c: ; ImmutableOopMap {rbp=NarrowOop [40]=Oop [48]=Oop [56]=Oop [80]=NarrowOop [88]=Oop [96]=Oop }
                      ;*ifnull {reexecute=1 rethrow=0 return_oop=0}
                      ; - (reexecute) java.util.concurrent.ConcurrentHashMap::get@143
                      ; - java.lang.ClassLoader::getNamedPackage@5
                      ; - java.lang.ClassLoader::postDefineClass@9
                      ; - java.lang.ClassLoader::defineClass@37
                      ; - java.security.SecureClassLoader::defineClass@12
  0x00000254d8603f1c: 6004 a2ff 

  0x00000254d8603f20: ;   {other}
  0x00000254d8603f20: 0f1f 8400 | 9025 0047 | ba45 ffff | ff4c 8b54 | 2448 4c89 | 5424 3044 | 8b54 2450 | 4489 5424 
  0x00000254d8603f40: 4889 4424 | 5066 6690 

  0x00000254d8603f48: ;   {runtime_call UncommonTrapBlob}
  0x00000254d8603f48: c5f8 77e8 

  0x00000254d8603f4c: ; ImmutableOopMap {rbp=Oop [32]=Oop [48]=Oop [64]=Oop [72]=NarrowOop [88]=Oop }
                      ;*ifeq {reexecute=1 rethrow=0 return_oop=0}
                      ; - (reexecute) java.util.concurrent.ConcurrentHashMap::get@152
                      ; - java.lang.ClassLoader::getNamedPackage@5
                      ; - java.lang.ClassLoader::postDefineClass@9
                      ; - java.lang.ClassLoader::defineClass@37
                      ; - java.security.SecureClassLoader::defineClass@12
  0x00000254d8603f4c: 3004 a2ff 

  0x00000254d8603f50: ;   {other}
  0x00000254d8603f50: 0f1f 8400 | c025 0048 | 498b d7c5 | f877 49ba | 20a4 72b8 | fc7f 0000 

  0x00000254d8603f68: ;   {other}
  0x00000254d8603f68: 41ff d20f | 1f84 0000 | 0000 00e9 | 30ef ffff | 498b d7c5 | f877 49ba | 20a4 72b8 | fc7f 0000 
  0x00000254d8603f88: ;   {other}
  0x00000254d8603f88: 41ff d20f | 1f84 0000 | 0000 00e9 | 58ef ffff | ba37 0100 | 0048 8beb | 4c8b 5424 | 384c 8954 
  0x00000254d8603fa8: 2428 6690 

  0x00000254d8603fac: ;   {runtime_call UncommonTrapBlob}
  0x00000254d8603fac: c5f8 77e8 

  0x00000254d8603fb0: ; ImmutableOopMap {rbp=Oop [40]=Oop [48]=Oop }
                      ;*new {reexecute=0 rethrow=0 return_oop=0}
                      ; - java.lang.ClassLoader::preDefineClass@56
                      ; - java.lang.ClassLoader::defineClass@4
                      ; - java.security.SecureClassLoader::defineClass@12
  0x00000254d8603fb0: cc03 a2ff 

  0x00000254d8603fb4: ;   {other}
  0x00000254d8603fb4: 0f1f 8400 | 2426 0049 | bade ffff | ff48 8b6c | 2428 4c8b | 5424 304c | 8954 2420 | 4c8b 5424 
  0x00000254d8603fd4: 384c 8954 | 2428 4889 | 4424 3890 

  0x00000254d8603fe0: ;   {runtime_call UncommonTrapBlob}
  0x00000254d8603fe0: c5f8 77e8 

  0x00000254d8603fe4: ; ImmutableOopMap {rbp=Oop [32]=Oop [40]=Oop [56]=Oop }
                      ;*checkcast {reexecute=0 rethrow=0 return_oop=0}
                      ; - java.security.SecureClassLoader::getProtectionDomain@33
                      ; - java.security.SecureClassLoader::defineClass@9
  0x00000254d8603fe4: 9803 a2ff 

  0x00000254d8603fe8: ;   {other}
  0x00000254d8603fe8: 0f1f 8400 | 5826 004a | bade ffff | ff4c 8b5c | 2448 4c89 | 5c24 3844 | 894c 2450 | 4c89 6c24 
  0x00000254d8604008: 5844 8944 | 2454 4489 | 5424 604c | 896c 2468 

  0x00000254d8604018: ;   {runtime_call UncommonTrapBlob}
  0x00000254d8604018: c5f8 77e8 

  0x00000254d860401c: ; ImmutableOopMap {rbp=NarrowOop [40]=Oop [48]=Oop [56]=Oop [80]=NarrowOop [84]=NarrowOop [88]=Oop [104]=Oop }
                      ;*instanceof {reexecute=0 rethrow=0 return_oop=0}
                      ; - java.lang.String::equals@8
                      ; - java.util.concurrent.ConcurrentHashMap::get@73
                      ; - java.lang.ClassLoader::getNamedPackage@5
                      ; - java.lang.ClassLoader::postDefineClass@9
                      ; - java.lang.ClassLoader::defineClass@37
                      ; - java.security.SecureClassLoader::defineClass@12
  0x00000254d860401c: 6003 a2ff 

  0x00000254d8604020: ;   {other}
  0x00000254d8604020: 0f1f 8400 | 9026 004b | bade ffff | ff48 8b6c | 2428 4c8b | 5424 384c | 8954 2428 | 448b 5424 
  0x00000254d8604040: 4044 8954 | 2438 448b | 5c24 4444 | 895c 243c | 4889 4424 | 5066 6690 

  0x00000254d8604058: ;   {runtime_call UncommonTrapBlob}
  0x00000254d8604058: c5f8 77e8 

  0x00000254d860405c: ; ImmutableOopMap {rbp=Oop [40]=Oop [48]=Oop [72]=Oop [80]=Oop [144]=Oop }
                      ;*checkcast {reexecute=0 rethrow=0 return_oop=0}
                      ; - java.lang.ClassLoader::checkCerts@65
                      ; - java.lang.ClassLoader::preDefineClass@113
                      ; - java.lang.ClassLoader::defineClass@4
                      ; - java.security.SecureClassLoader::defineClass@12
  0x00000254d860405c: 2003 a2ff 

  0x00000254d8604060: ;   {other}
  0x00000254d8604060: 0f1f 8400 | d026 004c | baf6 ffff | ff49 8be8 | 4c89 4c24 | 2066 6690 

  0x00000254d8604078: ;   {runtime_call UncommonTrapBlob}
  0x00000254d8604078: c5f8 77e8 

  0x00000254d860407c: ; ImmutableOopMap {rbp=Oop [32]=Oop }
                      ;*invokeinterface computeIfAbsent {reexecute=0 rethrow=0 return_oop=0}
                      ; - java.security.SecureClassLoader::getProtectionDomain@28
                      ; - java.security.SecureClassLoader::defineClass@9
  0x00000254d860407c: 0003 a2ff 

  0x00000254d8604080: ;   {other}
  0x00000254d8604080: 0f1f 8400 | f026 004d | baf4 ffff | ff48 8b6c | 2428 4c8b | 5424 304c | 8954 2420 

  0x00000254d860409c: ;   {runtime_call UncommonTrapBlob}
  0x00000254d860409c: c5f8 77e8 

  0x00000254d86040a0: ; ImmutableOopMap {rbp=Oop [32]=Oop [56]=Oop }
                      ;*checkcast {reexecute=0 rethrow=0 return_oop=0}
                      ; - java.security.SecureClassLoader::getProtectionDomain@33
                      ; - java.security.SecureClassLoader::defineClass@9
  0x00000254d86040a0: dc02 a2ff 

  0x00000254d86040a4: ;   {other}
  0x00000254d86040a4: 0f1f 8400 | 1427 004e | baf6 ffff | ff66 6690 

  0x00000254d86040b4: ;   {runtime_call UncommonTrapBlob}
  0x00000254d86040b4: c5f8 77e8 

  0x00000254d86040b8: ; ImmutableOopMap {}
                      ;*arraylength {reexecute=0 rethrow=0 return_oop=0}
                      ; - java.lang.String::isEmpty@4
                      ; - java.lang.ClassLoader::checkName@5
                      ; - java.lang.ClassLoader::preDefineClass@1
                      ; - java.lang.ClassLoader::defineClass@4
                      ; - java.security.SecureClassLoader::defineClass@12
  0x00000254d86040b8: c402 a2ff 

  0x00000254d86040bc: ;   {other}
  0x00000254d86040bc: 0f1f 8400 | 2c27 004f | baf6 ffff | ff66 6690 

  0x00000254d86040cc: ;   {runtime_call UncommonTrapBlob}
  0x00000254d86040cc: c5f8 77e8 

  0x00000254d86040d0: ; ImmutableOopMap {}
                      ;*invokevirtual getPackageName {reexecute=0 rethrow=0 return_oop=0}
                      ; - java.lang.ClassLoader::postDefineClass@2
                      ; - java.lang.ClassLoader::defineClass@37
                      ; - java.security.SecureClassLoader::defineClass@12
  0x00000254d86040d0: ac02 a2ff 

  0x00000254d86040d4: ;   {other}
  0x00000254d86040d4: 0f1f 8400 | 4427 0050 | baf6 ffff | ff66 6690 

  0x00000254d86040e4: ;   {runtime_call UncommonTrapBlob}
  0x00000254d86040e4: c5f8 77e8 

  0x00000254d86040e8: ; ImmutableOopMap {}
                      ;*invokevirtual hashCode {reexecute=0 rethrow=0 return_oop=0}
                      ; - java.util.concurrent.ConcurrentHashMap::get@1
                      ; - java.lang.ClassLoader::getNamedPackage@5
                      ; - java.lang.ClassLoader::postDefineClass@9
                      ; - java.lang.ClassLoader::defineClass@37
                      ; - java.security.SecureClassLoader::defineClass@12
  0x00000254d86040e8: 9402 a2ff 

  0x00000254d86040ec: ;   {other}
  0x00000254d86040ec: 0f1f 8400 | 5c27 0051 | 4d85 d244 | 8b5c 2420 | 410f 94c3 | ba45 ffff | ff48 8944 | 2440 4489 
  0x00000254d860410c: 5c24 4890 

  0x00000254d8604110: ;   {runtime_call UncommonTrapBlob}
  0x00000254d8604110: c5f8 77e8 

  0x00000254d8604114: ; ImmutableOopMap {[40]=Oop [48]=Oop [64]=Oop [144]=Oop }
                      ;*ifeq {reexecute=1 rethrow=0 return_oop=0}
                      ; - (reexecute) java.lang.Class::getPackageName@29
                      ; - java.lang.ClassLoader::postDefineClass@2
                      ; - java.lang.ClassLoader::defineClass@37
                      ; - java.security.SecureClassLoader::defineClass@12
  0x00000254d8604114: 6802 a2ff 

  0x00000254d8604118: ;   {other}
  0x00000254d8604118: 0f1f 8400 | 8827 0052 | baf6 ffff | ff66 6690 

  0x00000254d8604128: ;   {runtime_call UncommonTrapBlob}
  0x00000254d8604128: c5f8 77e8 

  0x00000254d860412c: ; ImmutableOopMap {}
                      ;*arraylength {reexecute=0 rethrow=0 return_oop=0}
                      ; - java.lang.String::length@4
                      ; - java.lang.String::lastIndexOf@3
                      ; - java.lang.Class::getPackageName@47
                      ; - java.lang.ClassLoader::postDefineClass@2
                      ; - java.lang.ClassLoader::defineClass@37
                      ; - java.security.SecureClassLoader::defineClass@12
  0x00000254d860412c: 5002 a2ff 

  0x00000254d8604130: ;   {other}
  0x00000254d8604130: 0f1f 8400 | a027 0053 | ba45 ffff | ff48 8b6c | 2428 4c8b | 5424 304c | 8954 2420 

  0x00000254d860414c: ;   {runtime_call UncommonTrapBlob}
  0x00000254d860414c: c5f8 77e8 

  0x00000254d8604150: ; ImmutableOopMap {rbp=Oop [32]=Oop [56]=Oop [144]=Oop }
                      ;*ifnull {reexecute=1 rethrow=0 return_oop=0}
                      ; - (reexecute) java.lang.ClassLoader::checkName@1
                      ; - java.lang.ClassLoader::preDefineClass@1
                      ; - java.lang.ClassLoader::defineClass@4
                      ; - java.security.SecureClassLoader::defineClass@12
  0x00000254d8604150: 2c02 a2ff 

  0x00000254d8604154: ;   {other}
  0x00000254d8604154: 0f1f 8400 | c427 0054 | ba45 ffff | ff48 8b6c | 2428 4c8b | 5424 384c | 8954 2428 | 448b 5c24 
  0x00000254d8604174: 4044 895c | 2438 448b | 5424 4444 | 8954 243c | 4c89 6c24 | 4848 895c | 2458 4489 | 7424 5490 
  0x00000254d8604194: ;   {runtime_call UncommonTrapBlob}
  0x00000254d8604194: c5f8 77e8 

  0x00000254d8604198: ; ImmutableOopMap {rbp=Oop [40]=Oop [48]=Oop [72]=Oop [84]=NarrowOop [88]=Oop [144]=Oop }
                      ;*ifnull {reexecute=1 rethrow=0 return_oop=0}
                      ; - (reexecute) java.lang.ClassLoader::checkCerts@30
                      ; - java.lang.ClassLoader::preDefineClass@113
                      ; - java.lang.ClassLoader::defineClass@4
                      ; - java.security.SecureClassLoader::defineClass@12
  0x00000254d8604198: e401 a2ff 

  0x00000254d860419c: ;   {other}
  0x00000254d860419c: 0f1f 8400 | 0c28 0055 | ba45 ffff | ff48 8b6c | 2428 4c8b | 5424 304c | 8954 2420 | 4c8b 5424 
  0x00000254d86041bc: 384c 8954 | 2428 448b | 4424 4044 | 8944 2430 | 448b 5424 | 4444 8954 | 2434 4489 | 5c24 4490 
  0x00000254d86041dc: ;   {runtime_call UncommonTrapBlob}
  0x00000254d86041dc: c5f8 77e8 

  0x00000254d86041e0: ; ImmutableOopMap {rbp=Oop [32]=Oop [40]=Oop [68]=NarrowOop [144]=Oop }
                      ;*ifnull {reexecute=1 rethrow=0 return_oop=0}
                      ; - (reexecute) java.lang.ClassLoader::defineClassSourceLocation@8
                      ; - java.lang.ClassLoader::defineClass@12
                      ; - java.security.SecureClassLoader::defineClass@12
  0x00000254d86041e0: 9c01 a2ff 

  0x00000254d86041e4: ;   {other}
  0x00000254d86041e4: 0f1f 8400 | 5428 0056 | ba45 ffff | ff4c 8b54 | 2428 4c89 | 5424 204c | 8b54 2430 | 4c89 5424 
  0x00000254d8604204: 284c 8b54 | 2438 4c89 | 5424 3044 | 8b5c 2440 | 4489 5c24 | 3844 8b54 | 2444 4489 | 5424 3c90 
  0x00000254d8604224: ;   {runtime_call UncommonTrapBlob}
  0x00000254d8604224: c5f8 77e8 

  0x00000254d8604228: ; ImmutableOopMap {rbp=NarrowOop [32]=Oop [40]=Oop [48]=Oop [144]=Oop }
                      ;*ifnull {reexecute=1 rethrow=0 return_oop=0}
                      ; - (reexecute) java.lang.ClassLoader::defineClassSourceLocation@15
                      ; - java.lang.ClassLoader::defineClass@12
                      ; - java.security.SecureClassLoader::defineClass@12
  0x00000254d8604228: 5401 a2ff 

  0x00000254d860422c: ;   {other}
  0x00000254d860422c: 0f1f 8400 | 9c28 0057 | ba45 ffff | ff44 895c | 2420 6690 

  0x00000254d8604240: ;   {runtime_call UncommonTrapBlob}
  0x00000254d8604240: c5f8 77e8 

  0x00000254d8604244: ; ImmutableOopMap {[32]=NarrowOop [48]=Oop }
                      ;*ifnull {reexecute=1 rethrow=0 return_oop=0}
                      ; - (reexecute) java.lang.ClassLoader::postDefineClass@17
                      ; - java.lang.ClassLoader::defineClass@37
                      ; - java.security.SecureClassLoader::defineClass@12
  0x00000254d8604244: 3801 a2ff 

  0x00000254d8604248: ;   {other}
  0x00000254d8604248: 0f1f 8400 | b828 0058 | ba45 ffff | ff4c 8b5c | 2448 4c89 | 5c24 3844 | 894c 2450 | 4c89 6c24 
  0x00000254d8604268: 5844 8944 | 2454 4489 | 5424 6090 

  0x00000254d8604274: ;   {runtime_call UncommonTrapBlob}
  0x00000254d8604274: c5f8 77e8 

  0x00000254d8604278: ; ImmutableOopMap {rbp=NarrowOop [40]=Oop [48]=Oop [56]=Oop [80]=NarrowOop [84]=NarrowOop [88]=Oop }
                      ;*ifnull {reexecute=1 rethrow=0 return_oop=0}
                      ; - (reexecute) java.util.concurrent.ConcurrentHashMap::get@67
                      ; - java.lang.ClassLoader::getNamedPackage@5
                      ; - java.lang.ClassLoader::postDefineClass@9
                      ; - java.lang.ClassLoader::defineClass@37
                      ; - java.security.SecureClassLoader::defineClass@12
  0x00000254d8604278: 0401 a2ff 

  0x00000254d860427c: ;   {other}
  0x00000254d860427c: 0f1f 8400 | ec28 0059 | ba97 ffff | ff44 8b5c | 2440 4489 | 5c24 204c | 8b54 2458 | 4c89 5424 
  0x00000254d860429c: 5066 6690 

  0x00000254d86042a0: ;   {runtime_call UncommonTrapBlob}
  0x00000254d86042a0: c5f8 77e8 

  0x00000254d86042a4: ; ImmutableOopMap {rbp=NarrowOop [36]=NarrowOop [40]=Oop [48]=Oop [56]=Oop [80]=Oop [96]=Oop [144]=Oop }
                      ;*invokevirtual clone {reexecute=1 rethrow=0 return_oop=0}
                      ; - (reexecute) java.util.Arrays::copyOfRange@18
                      ; - java.lang.StringLatin1::newString@16
                      ; - java.lang.String::substring@41
                      ; - java.lang.ClassLoader::checkCerts@21
                      ; - java.lang.ClassLoader::preDefineClass@113
                      ; - java.lang.ClassLoader::defineClass@4
                      ; - java.security.SecureClassLoader::defineClass@12
  0x00000254d86042a4: d800 a2ff 

  0x00000254d86042a8: ;   {other}
  0x00000254d86042a8: 0f1f 8400 | 1829 005a | eb32 eb30 | eb2e eb2c | eb2a eb28 | eb26 eb24 | eb22 eb20 | eb1e eb1c 
  0x00000254d86042c8: eb1a eb18 | eb16 eb14 | eb12 eb10 | eb0e eb0c | eb0a eb08 | eb06 eb04 | eb02 eb00 | 488b d0e9 
  0x00000254d86042e8: d5e8 ffff | ba97 ffff | ff8b 6c24 | 384c 8b54 | 2448 4c89 | 5424 3890 

  0x00000254d8604300: ;   {runtime_call UncommonTrapBlob}
  0x00000254d8604300: c5f8 77e8 

  0x00000254d8604304: ; ImmutableOopMap {rbp=NarrowOop [32]=Oop [40]=Oop [56]=Oop [64]=Oop }
                      ;*invokevirtual clone {reexecute=1 rethrow=0 return_oop=0}
                      ; - (reexecute) java.util.Arrays::copyOfRange@18
                      ; - java.lang.StringLatin1::newString@16
                      ; - java.lang.String::substring@41
                      ; - java.lang.Class::getPackageName@62
                      ; - java.lang.ClassLoader::postDefineClass@2
                      ; - java.lang.ClassLoader::defineClass@37
                      ; - java.security.SecureClassLoader::defineClass@12
  0x00000254d8604304: 7800 a2ff 

  0x00000254d8604308: ;   {other}
  0x00000254d8604308: 0f1f 8400 | 7829 005b 

  0x00000254d8604310: ;   {internal_word}
  0x00000254d8604310: 49ba 562d | 60d8 5402 | 0000 4d89 | 9768 0400 

  0x00000254d8604320: ;   {runtime_call SafepointBlob}
  0x00000254d8604320: 00e9 5a11 

  0x00000254d8604324: ;   {runtime_call StubRoutines (final stubs)}
  0x00000254d8604324: a2ff e875 | 21a0 ffe9 | ceda ffff 
[Stub Code]
  0x00000254d8604330: ;   {no_reloc}
  0x00000254d8604330: 48bb 0000 | 0000 0000 

  0x00000254d8604338: ;   {runtime_call nmethod}
  0x00000254d8604338: 0000 e9fb 

  0x00000254d860433c: ;   {static_stub}
  0x00000254d860433c: ffff ff48 | bb00 0000 | 0000 0000 

  0x00000254d8604348: ;   {runtime_call nmethod}
  0x00000254d8604348: 00e9 fbff 

  0x00000254d860434c: ;   {static_stub}
  0x00000254d860434c: ffff 48bb | 0000 0000 | 0000 0000 

  0x00000254d8604358: ;   {runtime_call nmethod}
  0x00000254d8604358: e9fb ffff 

  0x00000254d860435c: ;   {static_stub}
  0x00000254d860435c: ff48 bb00 | 0000 0000 

  0x00000254d8604364: ;   {runtime_call nmethod}
  0x00000254d8604364: 0000 00e9 | fbff ffff 

  0x00000254d860436c: ;   {static_stub}
  0x00000254d860436c: 48bb 0000 | 0000 0000 

  0x00000254d8604374: ;   {runtime_call nmethod}
  0x00000254d8604374: 0000 e9fb 

  0x00000254d8604378: ;   {static_stub}
  0x00000254d8604378: ffff ff48 | bb00 0000 | 0000 0000 

  0x00000254d8604384: ;   {runtime_call nmethod}
  0x00000254d8604384: 00e9 fbff 

  0x00000254d8604388: ;   {static_stub}
  0x00000254d8604388: ffff 48bb | 0000 0000 | 0000 0000 

  0x00000254d8604394: ;   {runtime_call nmethod}
  0x00000254d8604394: e9fb ffff 

  0x00000254d8604398: ;   {static_stub}
  0x00000254d8604398: ff48 bb00 | 0000 0000 

  0x00000254d86043a0: ;   {runtime_call nmethod}
  0x00000254d86043a0: 0000 00e9 | fbff ffff 

  0x00000254d86043a8: ;   {static_stub}
  0x00000254d86043a8: 48bb 0000 | 0000 0000 

  0x00000254d86043b0: ;   {runtime_call nmethod}
  0x00000254d86043b0: 0000 e9fb 

  0x00000254d86043b4: ;   {static_stub}
  0x00000254d86043b4: ffff ff48 | bb00 0000 | 0000 0000 

  0x00000254d86043c0: ;   {runtime_call nmethod}
  0x00000254d86043c0: 00e9 fbff 

  0x00000254d86043c4: ;   {static_stub}
  0x00000254d86043c4: ffff 48bb | 0000 0000 | 0000 0000 

  0x00000254d86043d0: ;   {runtime_call nmethod}
  0x00000254d86043d0: e9fb ffff 

  0x00000254d86043d4: ;   {static_stub}
  0x00000254d86043d4: ff48 bb00 | 0000 0000 

  0x00000254d86043dc: ;   {runtime_call nmethod}
  0x00000254d86043dc: 0000 00e9 | fbff ffff 

  0x00000254d86043e4: ;   {static_stub}
  0x00000254d86043e4: 48bb 0000 | 0000 0000 

  0x00000254d86043ec: ;   {runtime_call nmethod}
  0x00000254d86043ec: 0000 e9fb 

  0x00000254d86043f0: ;   {static_stub}
  0x00000254d86043f0: ffff ff48 | bb00 0000 | 0000 0000 

  0x00000254d86043fc: ;   {runtime_call nmethod}
  0x00000254d86043fc: 00e9 fbff 

  0x00000254d8604400: ;   {static_stub}
  0x00000254d8604400: ffff 48bb | 0000 0000 | 0000 0000 

  0x00000254d860440c: ;   {runtime_call nmethod}
  0x00000254d860440c: e9fb ffff 

  0x00000254d8604410: ;   {static_stub}
  0x00000254d8604410: ff48 bb00 | 0000 0000 

  0x00000254d8604418: ;   {runtime_call nmethod}
  0x00000254d8604418: 0000 00e9 | fbff ffff 

  0x00000254d8604420: ;   {static_stub}
  0x00000254d8604420: 48bb 0000 | 0000 0000 

  0x00000254d8604428: ;   {runtime_call nmethod}
  0x00000254d8604428: 0000 e9fb 

  0x00000254d860442c: ;   {runtime_call ExceptionBlob}
  0x00000254d860442c: ffff ffe9 | cc7a a4ff 
[Deopt Handler Code]
  0x00000254d8604434: e800 0000 | 0048 832c 

  0x00000254d860443c: ;   {runtime_call DeoptimizationBlob}
  0x00000254d860443c: 2405 e9dd | 02a2 fff4 | f4f4 f4f4 
[/MachCode]


Compiled method (c2) 253280 5161   !   4       java.net.URLClassLoader::findClass (47 bytes)
 total in heap  [0x00000254d8829a90,0x00000254d883a9a0] = 69392
 relocation     [0x00000254d8829bf0,0x00000254d882a480] = 2192
 constants      [0x00000254d882a480,0x00000254d882a4a0] = 32
 main code      [0x00000254d882a4a0,0x00000254d8833320] = 36480
 stub code      [0x00000254d8833320,0x00000254d88335c0] = 672
 oops           [0x00000254d88335c0,0x00000254d8833610] = 80
 metadata       [0x00000254d8833610,0x00000254d8833a30] = 1056
 scopes data    [0x00000254d8833a30,0x00000254d8838de8] = 21432
 scopes pcs     [0x00000254d8838de8,0x00000254d8839da8] = 4032
 dependencies   [0x00000254d8839da8,0x00000254d8839e18] = 112
 handler table  [0x00000254d8839e18,0x00000254d883a868] = 2640
 nul chk table  [0x00000254d883a868,0x00000254d883a9a0] = 312


[Constant Pool]
             Address          hex4                    hex8      
  0x00000254d882a480:   0x3f400000      0xf4f4f4f43f400000      
  0x00000254d882a484:   0xf4f4f4f4                              
  0x00000254d882a488:   0xf4f4f4f4      0xf4f4f4f4f4f4f4f4      
  0x00000254d882a48c:   0xf4f4f4f4                              
  0x00000254d882a490:   0xf4f4f4f4      0xf4f4f4f4f4f4f4f4      
  0x00000254d882a494:   0xf4f4f4f4                              
  0x00000254d882a498:   0xf4f4f4f4      0xf4f4f4f4f4f4f4f4      
  0x00000254d882a49c:   0xf4f4f4f4                              

[MachCode]
[Entry Point]
  # {method} {0x00000254e605acf0} 'findClass' '(Ljava/lang/String;)Ljava/lang/Class;' in 'java/net/URLClassLoader'
  # this:     rdx:rdx   = 'java/net/URLClassLoader'
  # parm0:    r8:r8     = 'java/lang/String'
  #           [sp+0x100]  (sp of caller)
  0x00000254d882a4a0: ;   {no_reloc}
  0x00000254d882a4a0: 448b 5208 | 49bb 0000 | 0080 5402 | 0000 4d03 | d349 3bc2 

  0x00000254d882a4b4: ;   {runtime_call ic_miss_stub}
  0x00000254d882a4b4: 0f85 c642 | 7fff 6690 | 0f1f 4000 
[Verified Entry Point]
  0x00000254d882a4c0: 8984 2400 | 80ff ff55 | 4881 ecf0 | 0000 0090 | 4181 7f20 | 0500 0000 | 0f85 338e | 0000 4c89 
  0x00000254d882a4e0: 4424 6048 | 8954 2468 | 448b 5a58 | 4585 db0f | 843b 2900 | 0049 8beb | 488b d54c | 8944 2420 
  0x00000254d882a500: ;   {static_call}
  0x00000254d882a500: c5f8 77e8 

  0x00000254d882a504: ; ImmutableOopMap {rbp=Oop [32]=Oop [96]=Oop [104]=Oop }
                      ;*invokestatic ensureMaterializedForStackWalk {reexecute=0 rethrow=0 return_oop=0}
                      ; - java.security.AccessController::executePrivileged@5
                      ; - java.security.AccessController::doPrivileged@13
                      ; - java.net.URLClassLoader::findClass@13
  0x00000254d882a504: 58c8 d8ff 

  0x00000254d882a508: ;   {other}
  0x00000254d882a508: 0f1f 8400 | 780a 0000 | 488b dd4c | 8b6c 2460 

  0x00000254d882a518: ; implicit exception: dispatches to 0x00000254d883222c
  0x00000254d882a518: 450f be55 | 1045 85d2 | 0f85 6f54 | 0000 458b | 5d14 458b | 430c 4585 | c00f 8688 | 0300 0045 
  0x00000254d882a538: 8d48 ff45 | 3bc8 0f83 | 8451 0000 | 418d 48fd | 498b f341 | 807b 102e | 0f84 ca28 | 0000 83f9 
  0x00000254d882a558: 010f 8e91 | 5100 00bd | 0100 0000 | 458b d044 | 2bd5 4183 | c2fd 33ff | 3bcd 440f | 4cd7 4181 
  0x00000254d882a578: faa0 0f00 | 00ba a00f | 0000 440f | 47d2 4403 | d541 8bc1 | eb04 6690 | 8bea 4c63 | cd43 0fbe 
  0x00000254d882a598: 7c0b 1083 | ff2e 7453 | 430f be54 | 0b11 83fa | 2e74 4143 | 0fbe 7c0b | 1283 ff2e | 743a 470f 
  0x00000254d882a5b8: be4c 0b13 | 4183 f92e | 7427 8d55 | 0441 3bd2 | 7cc6 4d8b | 9758 0400 

  0x00000254d882a5d0: ; ImmutableOopMap {r11=NarrowOop rbx=Oop rsi=Oop r13=Oop [104]=Oop }
                      ;*if_icmpne {reexecute=1 rethrow=0 return_oop=0}
                      ; - (reexecute) java.lang.StringLatin1::replace@28
                      ; - java.lang.String::replace@18
                      ; - java.net.URLClassLoader$1::run@8
                      ; - java.net.URLClassLoader$1::run@1
                      ; - java.security.AccessController::executePrivileged@29
                      ; - java.security.AccessController::doPrivileged@13
                      ; - java.net.URLClassLoader::findClass@13
  0x00000254d882a5d0: 0083 c503 

  0x00000254d882a5d4: ;   {poll}
  0x00000254d882a5d4: 4185 023b | d10f 8dc1 | 0200 008b | ea44 8bc8 | e97b ffff | ff83 c502 | ffc5 eb03 | 83c5 0244 
  0x00000254d882a5f4: 8bc8 413b | e80f 8dc0 | 0200 0041 | 81f8 0000 | 1000 0f87 | bc39 0000 | 4d8b 97b8 | 0100 0049 
  0x00000254d882a614: 63f8 4883 | c717 4883 | e7f8 498b | d248 03d7 | 493b 97c8 | 0100 000f | 8397 3900 | 0049 8997 
  0x00000254d882a634: b801 0000 | 0f0d 8a00 | 0100 0049 | c702 0100 | 0000 0f0d | 8a40 0100 

  0x00000254d882a64c: ;   {metadata({type array byte})}
  0x00000254d882a64c: 0041 c742 | 0818 2300 | 0045 8942 | 0c0f 0d8a | 8001 0000 | 85ed 0f8e | db00 0000 | 8d7d ff41 
  0x00000254d882a66c: 3bf8 0f83 | f853 0000 | 4585 c00f | 86ef 5300 | 0041 0fbe | 5310 4188 | 5210 83ff | 010f 8e11 
  0x00000254d882a68c: 5400 00c4 | c1f9 6ed2 | 4c8b f6c5 | f96e c9c4 | c179 6ec1 | 458b c845 | 8bc3 bed0 | 0700 00ba 
  0x00000254d882a6ac: 0100 0000 | 8bcd 2bca | ffc9 4533 | d23b fa41 | 0f4c ca81 | f9d0 0700 | 000f 47ce | 03ca 660f 
  0x00000254d882a6cc: 1f44 0000 | 4863 c245 | 0fbe 5400 | 10c4 c1f9 | 7ed3 4588 | 5403 1045 | 0fbe 5c00 | 11c4 c1f9 
  0x00000254d882a6ec: 7ed2 4588 | 5c02 1183 | c202 3bd1 | 7cd6 4d8b | 9758 0400 

  0x00000254d882a700: ; ImmutableOopMap {r8=NarrowOop rbx=Oop r13=Oop r14=Oop xmm2=Oop [104]=Oop }
                      ;*goto {reexecute=1 rethrow=0 return_oop=0}
                      ; - (reexecute) java.lang.StringLatin1::replace@76
                      ; - java.lang.String::replace@18
                      ; - java.net.URLClassLoader$1::run@8
                      ; - java.net.URLClassLoader$1::run@1
                      ; - java.security.AccessController::executePrivileged@29
                      ; - java.security.AccessController::doPrivileged@13
                      ; - java.net.URLClassLoader::findClass@13
                      ;   {poll}
  0x00000254d882a700: 0041 8502 | 3bd7 7ca8 | 458b d845 | 8bc1 c4c1 | 797e c1c5 | f97e c949 | 8bf6 c4c1 | f97e d23b 
  0x00000254d882a720: d57d 2048 | 8bc6 498b | fa4c 63f2 | 430f be74 | 3310 4288 | 7437 10ff | c23b d57c | ec48 8bf0 
  0x00000254d882a740: 4c8b d741 | 3be8 0f8d | 0a01 0000 | 413b e80f | 835f 5000 | 0045 3bc8 | 0f83 5650 | 0000 448d 
  0x00000254d882a760: 4d01 4863 | fd41 0fbe | 543b 1083 | fa2e 0f84 | c506 0000 | 4188 543a | 108d 5501 | 413b d17d 
  0x00000254d882a780: 048b eaeb | dd3b d10f | 8da4 0000 | 00ff c5e9 | 7a00 0000 | ba2f 0000 | 000f 1f80 | 0000 0000 
  0x00000254d882a7a0: 4388 540a | 1243 0fbe | 540b 1383 | fa2e 744a | 4388 540a | 1383 c504 | 3bef 7d45 | 4c63 cd43 
  0x00000254d882a7c0: 0fbe 540b | 1083 fa2e | 7422 4388 | 540a 1043 | 0fbe 540b | 1183 fa2e | 7419 4388 | 540a 1143 
  0x00000254d882a7e0: 0fbe 540b | 1283 fa2e | 75b6 eba8 | ba2f 0000 | 00eb d7ba | 2f00 0000 | ebe0 ba2f | 0000 00eb 
  0x00000254d882a800: ;   {no_reloc}
  0x00000254d882a800: af49 8bbf 

  0x00000254d882a804: ; ImmutableOopMap {r10=Oop r11=NarrowOop rbx=Oop rsi=Oop r13=Oop [104]=Oop }
                      ;*goto {reexecute=1 rethrow=0 return_oop=0}
                      ; - (reexecute) java.lang.StringLatin1::replace@113
                      ; - java.lang.String::replace@18
                      ; - java.net.URLClassLoader$1::run@8
                      ; - java.net.URLClassLoader$1::run@1
                      ; - java.security.AccessController::executePrivileged@29
                      ; - java.security.AccessController::doPrivileged@13
                      ; - java.net.URLClassLoader::findClass@13
  0x00000254d882a804: 5804 0000 

  0x00000254d882a808: ;   {poll}
  0x00000254d882a808: 8507 3be9 | 7d25 418b | f82b fd83 | c7fd 4533 | c93b cd41 | 0f4c f981 | ffa0 0f00 | 00ba a00f 
  0x00000254d882a828: 0000 0f47 | fa03 fdeb | 8b8b ea41 | 3be8 7d1e | 4c63 cd43 | 0fbe 4c0b | 1083 f92e | 0f84 df14 
  0x00000254d882a848: 0000 4388 | 4c0a 10ff | c541 3be8 | 7ce2 4d8b | 9fb8 0100 | 004d 8bc3 | 4983 c018 | 4d3b 87c8 
  0x00000254d882a868: 0100 000f | 83d1 3700 | 004d 8987 | b801 0000 | 410f 0d88 | 0001 0000 | 49c7 0301 

  0x00000254d882a884: ;   {metadata('java/lang/String')}
  0x00000254d882a884: 0000 0041 | c743 0878 | e800 0045 | 8963 0c4d | 8963 104d | 8bc2 4589 | 4314 eb25 | 448b c841 
  0x00000254d882a8a4: 3bd0 7d17 | 450f be54 | 1310 4183 | fa2e 0f84 | eb47 0000 | ffc2 413b | d07c e94d | 8bd3 4d8b 
  0x00000254d882a8c4: dd41 8b4a | 0c85 c90f | 8672 0500 | 0045 0fbe | 4310 c462 | 3af7 c949 | 63f1 4183 | f801 0f84 
  0x00000254d882a8e4: 1854 0000 | 4585 c90f | 8c90 5300 | 0048 8d46 | 068b e885 | ed0f 8cad | 5300 0048 | 8bf8 48c1 
  0x00000254d882a904: ff20 8bd7 | c4e2 69f7 | ed85 ed0f | 8c1b 5400 | 0081 fd00 | 0010 000f | 87d9 4d00 | 0048 63d5 
  0x00000254d882a924: 81fd 0000 | 1000 0f87 | 2d35 0000 | 498b bfb8 | 0100 0048 | 83c2 1748 | 83e2 f84c | 8bf7 4c03 
  0x00000254d882a944: f24d 3bb7 | c801 0000 | 0f83 0b35 | 0000 4d89 | b7b8 0100 | 0041 0f0d | 8e00 0100 | 0048 c707 
  0x00000254d882a964: 0100 0000 | 410f 0d8e | 4001 0000 

  0x00000254d882a970: ;   {metadata({type array byte})}
  0x00000254d882a970: c747 0818 | 2300 0089 | 6f0c 410f | 0d8e 8001 | 0000 418d | 5106 3bea | 0f82 744d | 0000 4963 
  0x00000254d882a990: d145 85c9 | 0f8f 0201 | 0000 c644 | 1710 2ec6 | 4417 1163 | c644 1712 | 6cc6 4417 | 1361 c644 
  0x00000254d882a9b0: 1714 73c6 | 4417 1573 | 4585 c00f | 850f 5300 | 003b e90f | 826f 4d00 | 0085 c976 | 2949 83c2 
  0x00000254d882a9d0: 1048 8bd7 | 4883 c210 | 4c63 c149 | 8bca c5f8 | 7749 bac0 | 4400 d854 | 0200 0041 

  0x00000254d882a9ec: ;   {other}
  0x00000254d882a9ec: ffd2 0f1f | 8400 0000 | 0000 498b | 87b8 0100 | 004c 8bd0 | 4983 c218 | 4d3b 97c8 | 0100 000f 
  0x00000254d882aa0c: 83d6 3400 | 004d 8997 | b801 0000 | 410f 0d8a | 0001 0000 | 48c7 0001 

  0x00000254d882aa24: ;   {metadata('java/lang/String')}
  0x00000254d882aa24: 0000 00c7 | 4008 78e8 | 0000 4489 | 600c 4489 | 6010 4c8b | d744 8950 | 1448 8944 | 2450 4c8b 
  0x00000254d882aa44: 5424 6845 | 8b52 5445 | 85d2 0f84 | 534c 0000 | 4889 5c24 | 284c 896c | 2460 4d8b | da4c 895c 
  0x00000254d882aa64: 2420 4489 | 5424 3049 | 8bd3 4533 | c066 6690 

  0x00000254d882aa74: ;   {optimized virtual_call}
  0x00000254d882aa74: c5f8 77e8 

  0x00000254d882aa78: ; ImmutableOopMap {[32]=Oop [40]=Oop [48]=NarrowOop [80]=Oop [96]=Oop [104]=Oop }
                      ;*invokevirtual getLoader {reexecute=0 rethrow=0 return_oop=1}
                      ; - jdk.internal.loader.URLClassPath::getResource@42
                      ; - java.net.URLClassLoader$1::run@26
                      ; - java.net.URLClassLoader$1::run@1
                      ; - java.security.AccessController::executePrivileged@29
                      ; - java.security.AccessController::doPrivileged@13
                      ; - java.net.URLClassLoader::findClass@13
  0x00000254d882aa78: a434 d9ff 

  0x00000254d882aa7c: ;   {other}
  0x00000254d882aa7c: 0f1f 8400 | ec0f 0004 | 4885 c00f | 8410 0100 | 0049 b900 | 00ff df54 | 0200 0045 | 33d2 eb2b 
  0x00000254d882aa9c: c644 1715 | 73c6 4417 | 1473 c644 | 1713 61c6 | 4417 126c | c644 1711 | 63c6 4417 | 102e e9f9 
  0x00000254d882aabc: feff ff4c | 8b4c 2438 | 448b d544 

  0x00000254d882aac8: ;   {metadata('jdk/internal/loader/URLClassPath$JarLoader')}
  0x00000254d882aac8: 8b40 0841 | 81f8 700c | 2100 0f85 | 0424 0000 | 4c8b d845 | 8b43 1845 | 85c0 0f84 | 2b01 0000 
  0x00000254d882aae8: 418b 4808 

  0x00000254d882aaec: ;   {metadata('java/util/jar/JarFile')}
  0x00000254d882aaec: 81f9 0814 | 1900 0f85 | d135 0000 | 4c89 5c24 | 4844 8954 | 2440 4c89 | 4c24 3849 | 8bd0 4c8b 
  0x00000254d882ab0c: 4424 5048 | 8b6c 2460 

  0x00000254d882ab14: ;   {optimized virtual_call}
  0x00000254d882ab14: c5f8 77e8 

  0x00000254d882ab18: ; ImmutableOopMap {rbp=Oop [32]=Oop [40]=Oop [48]=NarrowOop [72]=Oop [80]=Oop [96]=Oop [104]=Oop }
                      ;*invokevirtual getEntry {reexecute=0 rethrow=0 return_oop=1}
                      ; - java.util.jar.JarFile::getJarEntry@2
                      ; - jdk.internal.loader.URLClassPath$JarLoader::getResource@22
                      ; - jdk.internal.loader.URLClassPath::getResource@53
                      ; - java.net.URLClassLoader$1::run@26
                      ; - java.net.URLClassLoader$1::run@1
                      ; - java.security.AccessController::executePrivileged@29
                      ; - java.security.AccessController::doPrivileged@13
                      ; - java.net.URLClassLoader::findClass@13
  0x00000254d882ab18: 64fd d9ff 

  0x00000254d882ab1c: ;   {other}
  0x00000254d882ab1c: 0f1f 8400 | 8c10 0005 | 4885 c00f | 84dd 1200 | 0044 8b50 

  0x00000254d882ab30: ;   {metadata('java/util/jar/JarFile$JarFileEntry')}
  0x00000254d882ab30: 0841 81fa | d032 3100 | 0f85 f275 | 0000 488b | f848 8b54 | 2448 4c8b | 4424 5045 | 33c9 6690 
  0x00000254d882ab50: ;   {optimized virtual_call}
  0x00000254d882ab50: c5f8 77e8 

  0x00000254d882ab54: ; ImmutableOopMap {rbp=Oop [32]=Oop [40]=Oop [48]=NarrowOop [80]=Oop [96]=Oop [104]=Oop }
                      ;*invokevirtual checkResource {reexecute=0 rethrow=0 return_oop=1}
                      ; - jdk.internal.loader.URLClassPath$JarLoader::getResource@34
                      ; - jdk.internal.loader.URLClassPath::getResource@53
                      ; - java.net.URLClassLoader$1::run@26
                      ; - java.net.URLClassLoader$1::run@1
                      ; - java.security.AccessController::executePrivileged@29
                      ; - java.security.AccessController::doPrivileged@13
                      ; - java.net.URLClassLoader::findClass@13
  0x00000254d882ab54: 08de f0ff 

  0x00000254d882ab58: ;   {other}
  0x00000254d882ab58: 0f1f 8400 | c810 0006 | 4c8b e848 | 85c0 0f85 | 7901 0000 | 8b6c 2440 | ffc5 488b | 5424 2044 
  0x00000254d882ab78: 8bc5 4c8b | 5424 604c | 8954 2440 

  0x00000254d882ab84: ;   {optimized virtual_call}
  0x00000254d882ab84: c5f8 77e8 

  0x00000254d882ab88: ; ImmutableOopMap {[32]=Oop [40]=Oop [48]=NarrowOop [64]=Oop [80]=Oop [96]=Oop [104]=Oop }
                      ;*invokevirtual getLoader {reexecute=0 rethrow=0 return_oop=1}
                      ; - jdk.internal.loader.URLClassPath::getResource@42
                      ; - java.net.URLClassLoader$1::run@26
                      ; - java.net.URLClassLoader$1::run@1
                      ; - java.security.AccessController::executePrivileged@29
                      ; - java.security.AccessController::doPrivileged@13
                      ; - java.net.URLClassLoader::findClass@13
  0x00000254d882ab88: 9433 d9ff 

  0x00000254d882ab8c: ;   {other}
  0x00000254d882ab8c: 0f1f 8400 | fc10 0007 | 4885 c00f | 8522 ffff | ff49 8b87 | b801 0000 | 4c8b d049 | 83c2 284d 
  0x00000254d882abac: 3b97 c801 | 0000 0f83 | da33 0000 | 4d89 97b8 | 0100 0041 | 0f0d 8a00 | 0100 0048 | c700 0100 
  0x00000254d882abcc: ;   {metadata('java/lang/ClassNotFoundException')}
  0x00000254d882abcc: 0000 c740 | 0888 9306 | 0044 8960 | 0c4c 8960 | 104c 8960 | 184c 8960 | 2048 8be8 | 488b d54c 
  0x00000254d882abec: 8b44 2460 

  0x00000254d882abf0: ;   {optimized virtual_call}
  0x00000254d882abf0: c5f8 77e8 

  0x00000254d882abf4: ; ImmutableOopMap {rbp=Oop }
                      ;*invokespecial <init> {reexecute=0 rethrow=0 return_oop=0}
                      ; - java.net.URLClassLoader::findClass@41
  0x00000254d882abf4: 88f0 eeff 

  0x00000254d882abf8: ;   {other}
  0x00000254d882abf8: 0f1f 8400 | 6811 0008 | 488b d5c5 | f877 4881 | c4f0 0000 

  0x00000254d882ac0c: ;   {runtime_call _rethrow_Java}
  0x00000254d882ac0c: 005d e9ed | 6f82 ff49 | 8b87 b801 | 0000 4c8b | c049 83c0 | 104d 3b87 | c801 0000 | 0f83 2833 
  0x00000254d882ac2c: 0000 4d89 | 87b8 0100 | 0041 0f0d | 8800 0100 | 0048 c700 | 0100 0000 

  0x00000254d882ac44: ;   {metadata('jdk/internal/loader/URLClassPath$JarLoader$1')}
  0x00000254d882ac44: c740 0840 | 2e21 0044 | 8960 0c45 | 8b43 2849 | 8bdb 8958 | 0c45 85c0 | 0f84 6e22 | 0000 4889 
  0x00000254d882ac64: 4424 584c | 895c 2448 | 4489 5424 | 404c 894c | 2438 498b | e848 8bd5 

  0x00000254d882ac7c: ;   {static_call}
  0x00000254d882ac7c: c5f8 77e8 

  0x00000254d882ac80: ; ImmutableOopMap {rbp=Oop [32]=Oop [40]=Oop [48]=NarrowOop [72]=Oop [80]=Oop [88]=Oop [96]=Oop [104]=Oop }
                      ;*invokestatic ensureMaterializedForStackWalk {reexecute=0 rethrow=0 return_oop=0}
                      ; - java.security.AccessController::executePrivileged@5
                      ; - java.security.AccessController::doPrivileged@13
                      ; - jdk.internal.loader.URLClassPath$JarLoader::ensureOpen@19
                      ; - jdk.internal.loader.URLClassPath$JarLoader::getResource@1
                      ; - jdk.internal.loader.URLClassPath::getResource@53
                      ; - java.net.URLClassLoader$1::run@26
                      ; - java.net.URLClassLoader$1::run@1
                      ; - java.security.AccessController::executePrivileged@29
                      ; - java.security.AccessController::doPrivileged@13
                      ; - java.net.URLClassLoader::findClass@13
  0x00000254d882ac80: fc43 7fff 

  0x00000254d882ac84: ;   {other}
  0x00000254d882ac84: 0f1f 8400 | f411 0009 | 448b 5424 | 404c 8b5c | 2448 488b | 4424 584c | 895c 2448 | 4489 5424 
  0x00000254d882aca4: 4048 8bd0 | 4c8b 5424 | 604c 8954 | 2458 6690 

  0x00000254d882acb4: ;   {optimized virtual_call}
  0x00000254d882acb4: c5f8 77e8 

  0x00000254d882acb8: ; ImmutableOopMap {rbp=Oop [32]=Oop [40]=Oop [48]=NarrowOop [72]=Oop [80]=Oop [88]=Oop [96]=Oop [104]=Oop }
                      ;*invokevirtual run {reexecute=0 rethrow=0 return_oop=1}
                      ; - jdk.internal.loader.URLClassPath$JarLoader$1::run@1
                      ; - java.security.AccessController::executePrivileged@29
                      ; - java.security.AccessController::doPrivileged@13
                      ; - jdk.internal.loader.URLClassPath$JarLoader::ensureOpen@19
                      ; - jdk.internal.loader.URLClassPath$JarLoader::getResource@1
                      ; - jdk.internal.loader.URLClassPath::getResource@53
                      ; - java.net.URLClassLoader$1::run@26
                      ; - java.net.URLClassLoader$1::run@1
                      ; - java.security.AccessController::executePrivileged@29
                      ; - java.security.AccessController::doPrivileged@13
                      ; - java.net.URLClassLoader::findClass@13
  0x00000254d882acb8: c43d 7fff 

  0x00000254d882acbc: ;   {other}
  0x00000254d882acbc: 0f1f 8400 | 2c12 000a | 4c8b 5c24 | 4845 8b43 | 1845 85c0 | 0f84 924a | 0000 4c8b | 4c24 3844 
  0x00000254d882acdc: 8b54 2440 | e903 feff | ffc5 f877 | 49ba d030 | adb8 fc7f | 0000 41ff 

  0x00000254d882acf4: ;   {other}
  0x00000254d882acf4: d20f 1f84 | 0000 0000 | 0048 8944 | 2470 4c8b | 5424 6045 | 8b42 1445 | 8b48 0c41 | 0fbe 4a10 
  0x00000254d882ad14: c442 72f7 | d945 8d53 | ff85 c90f | 856b 5100 | 0041 8d59 | ff41 3bda | 410f 4fda | 498b c885 
  0x00000254d882ad34: db0f 8cf3 | 0000 0045 | 85c9 0f86 | 804c 0000 | 413b d90f | 8377 4c00 | 0085 db0f | 8e55 4d00 
  0x00000254d882ad54: 0044 8d53 | ff41 8bfb | 458b d841 | 0fbe 5418 | 1083 fa2e | 0f84 aa20 | 0000 ffcb | 413b da7f 
  0x00000254d882ad74: e783 fb02 | 0f8e 8600 | 0000 8d73 | fe45 33c0 | 83fb 0241 | 0f4c f081 | fea0 0f00 | 0041 baa0 
  0x00000254d882ad94: 0f00 0041 | 0f47 f244 | 8bd3 442b | d648 63d3 | 450f be44 | 1310 4183 | f82e 0f84 | fb00 0000 
  0x00000254d882adb4: 450f be44 | 130f 4183 | f82e 0f84 | f200 0000 | 8d73 fe41 | 0fbe 5433 | 1083 fa2e | 0f84 db00 
  0x00000254d882add4: 0000 8d53 | fd45 0fbe | 4413 1041 | 83f8 2e0f | 84d3 0000 | 0083 c3fc | 413b da7f | b04d 8b97 
  0x00000254d882adf4: ; ImmutableOopMap {r11=NarrowOop rcx=Oop r13=Oop [40]=Oop [96]=Oop [104]=Oop }
                      ;*goto {reexecute=1 rethrow=0 return_oop=0}
                      ; - (reexecute) java.lang.StringLatin1::lastIndexOf@35
                      ; - java.lang.String::lastIndexOf@13
                      ; - java.lang.String::lastIndexOf@8
                      ; - java.net.URLClassLoader::defineClass@7
                      ; - java.net.URLClassLoader$1::run@43
                      ; - java.net.URLClassLoader$1::run@1
                      ; - java.security.AccessController::executePrivileged@29
                      ; - java.security.AccessController::doPrivileged@13
                      ; - java.net.URLClassLoader::findClass@13
                      ;   {no_reloc}
  0x00000254d882adf4: 5804 0000 

  0x00000254d882adf8: ;   {poll}
  0x00000254d882adf8: 4185 0283 | fb02 0f8f | 7aff ffff | 83fb ff7e | 1f45 8bc3 | 450f be54 | 1b10 4183 | fa2e 0f84 
  0x00000254d882ae18: ec50 0000 | ffcb 83fb | ff7f e644 | 8bdf eb06 | 458b c344 | 8bdf 41ba | ffff ffff | e98c 0000 
  0x00000254d882ae38: 00ba 2f00 | 0000 e931 | f9ff ff49 | 8b87 b801 | 0000 4c8b | d049 83c2 | 184d 3b97 | c801 0000 
  0x00000254d882ae58: 0f83 0642 | 0000 4d89 | 97b8 0100 | 0041 0f0d | 8a00 0100 | 0048 c700 | 0100 0000 

  0x00000254d882ae74: ;   {metadata('java/lang/String')}
  0x00000254d882ae74: c740 0878 | e800 0044 | 8960 0c44 

  0x00000254d882ae80: ;   {oop([B{0x00000000806cd2c8})}
  0x00000254d882ae80: 8960 10c7 | 4014 c8d2 

  0x00000254d882ae88: ;   {oop(".class"{0x00000000806cd2b0})}
  0x00000254d882ae88: 6c80 49ba | b0d2 6c80 | 0000 0000 | 458b 5a0c | 4489 580c | 450f b65a | 1144 8858 | 1148 8944 
  0x00000254d882aea8: 2450 e993 | fbff ff8b | f344 8bd6 | eb09 448d | 53ff eb03 | 448b d245 | 8bc3 448b | df41 8b5d 
  0x00000254d882aec8: ;   {metadata('jdk/internal/loader/URLClassPath$JarLoader$2')}
  0x00000254d882aec8: 0881 fb30 | 2421 000f | 8589 2700 | 0049 8bdd | 8b7b 208b | 7f1c 89bc | 2488 0000 | 008b bc24 
  0x00000254d882aee8: 8800 0000 | 488b f741 | 83fa ff0f | 84c5 2700 | 0045 85d2 | 0f8c ce4f | 0000 453b | d30f 8fed 
  0x00000254d882af08: 5000 0045 | 3bd3 0f84 | 1f0e 0000 | 4585 d20f | 849c 3000 | 0049 8b9f | b801 0000 | 4c8b db49 
  0x00000254d882af28: 83c3 184d | 3b9f c801 | 0000 0f83 | cc31 0000 | 4d89 9fb8 | 0100 0041 | 0f0d 8b00 | 0100 0048 
  0x00000254d882af48: c703 0100 

  0x00000254d882af4c: ;   {metadata('java/lang/String')}
  0x00000254d882af4c: 0000 c743 | 0878 e800 | 0044 8963 | 0c4c 8963 | 1049 8d78 | 1045 3bd1 | 0f85 ca00 | 0000 4d63 
  0x00000254d882af6c: d141 81f9 | 0000 1000 | 0f87 c13e | 0000 4889 | 7c24 3048 | 895c 2478 | 4889 7424 | 2048 8be9 
  0x00000254d882af8c: 4489 4424 | 484c 896c | 2440 4d8b | b7b8 0100 | 004c 8954 | 2450 4983 | c217 4983 | e2f8 4d8b 
  0x00000254d882afac: de4d 03da | 4d3b 9fc8 | 0100 000f | 839f 3e00 | 004d 899f | b801 0000 | 410f 0d8b | 0001 0000 
  0x00000254d882afcc: 49c7 0601 | 0000 0041 | 0f0d 8b40 

  0x00000254d882afd8: ;   {metadata({type array byte})}
  0x00000254d882afd8: 0100 0041 | c746 0818 | 2300 0045 | 894e 0c41 | 0f0d 8b80 | 0100 0049 | 8bd6 4883 | c210 4c8b 
  0x00000254d882aff8: 4424 5049 | 83c0 0749 | c1e8 0348 | 8b4c 2430 | c5f8 7749 | ba60 4b00 | d854 0200 | 0041 ffd2 
  0x00000254d882b018: ;   {other}
  0x00000254d882b018: 0f1f 8400 | 0000 0000 | 4c8b 6c24 | 4048 8b5c | 2478 488b | 7424 20e9 | d200 0000 | 4181 fa00 
  0x00000254d882b038: 0010 000f | 877b 5000 | 004d 63da | 453b ca41 | 8be9 410f | 4fea 443b | cd0f 82d9 | 5000 0044 
  0x00000254d882b058: 3bd5 0f82 | d050 0000 | 4983 c317 | 4d8b cb49 | 83e1 f841 | 81fa 0000 | 1000 0f87 | 323d 0000 
  0x00000254d882b078: 4d8b b7b8 | 0100 004d | 8bc6 4d03 | c14d 3b87 | c801 0000 | 0f83 183d | 0000 4d89 | 87b8 0100 
  0x00000254d882b098: 0041 0f0d | 8800 0100 | 0049 c706 | 0100 0000 | 410f 0d88 | 4001 0000 

  0x00000254d882b0b0: ;   {metadata({type array byte})}
  0x00000254d882b0b0: 41c7 4608 | 1823 0000 | 4589 560c | 410f 0d88 | 8001 0000 | 498b d648 | 83c2 1049 | c1eb 0385 
  0x00000254d882b0d0: ed0f 84ed | 4f00 0041 | 3bea 0f8c | bd2c 0000 | 4983 c1f0 | 49c1 e903 | 488b cf4d | 8bc1 c5f8 
  0x00000254d882b0f0: 7749 ba60 | 4b00 d854 | 0200 0041 

  0x00000254d882b0fc: ;   {other}
  0x00000254d882b0fc: ffd2 0f1f | 8400 0000 | 0000 4180 | 7f40 000f | 856e 2b00 | 004d 8bd6 | 4489 5314 | 4c8b d34d 
  0x00000254d882b11c: 8bde 4d33 | da49 c1eb | 144d 85db | 741a 49c1 | ea09 48b9 | 0000 ffdf | 5402 0000 | 4903 ca80 
  0x00000254d882b13c: 3902 0f85 | 6e2b 0000 | 4488 6310 | 4889 9c24 | c800 0000 | 458b 5508 

  0x00000254d882b154: ;   {metadata('jdk/internal/loader/URLClassPath$JarLoader$2')}
  0x00000254d882b154: 4181 fa30 | 2421 000f | 8587 4900 | 004d 8bd5 | 4c89 9424 | 8000 0000 

  0x00000254d882b16c: ;   {oop(a 'java/lang/Class'{0x0000000080996a00} = 'jdk/internal/access/SharedSecrets')}
  0x00000254d882b16c: 49ba 006a | 9980 0000 | 0000 458b | 9ad4 0000 | 0041 8b4b | 084c 8b94 | 2480 0000 | 0045 8b52 
  0x00000254d882b18c: 2045 8b42 

  0x00000254d882b190: ;   {metadata('java/util/jar/JavaUtilJarAccessImpl')}
  0x00000254d882b190: 1881 f9a0 | 5b31 000f | 858f 4900 | 0045 85c0 | 0f84 5a48 | 0000 4d8b | d848 8d9c | 24e0 0000 
  0x00000254d882b1b0: 0049 8b03 | a802 0f85 | 2300 0000 | 4883 c801 | 4889 03f0 | 490f b11b | 0f84 3700 | 0000 482b 
  0x00000254d882b1d0: c448 2507 | f0ff ff48 | 8903 e924 | 0000 004c | 8bd0 4833 | c0f0 4d0f | b17a 3e48 | c703 0300 
  0x00000254d882b1f0: 0000 7411 | 4c3b f875 | 1549 ff82 | 8600 0000 | 4833 c075 | 0949 ff87 | 5005 0000 | 33c0 0f85 
  0x00000254d882b210: 6c49 0000 | 418b 6830 | 85ed 0f85 | 184e 0000 | 450f b648 | 1245 85c9 | 0f85 091c | 0000 488d 
  0x00000254d882b230: 8424 e000 | 0000 4883 | 3800 0f84 | 7900 0000 | 4d8b 1341 | f6c2 020f | 8462 0000 | 0049 83ba 
  0x00000254d882b250: 8600 0000 | 0074 0949 | ff8a 8600 | 0000 eb4b | 498b 8296 | 0000 0049 | 0b82 8e00 | 0000 750a 
  0x00000254d882b270: 49c7 423e | 0000 0000 | eb3d 4983 | ba9e 0000 | 0000 7422 | 4833 c049 | c742 3e00 | 0000 00f0 
  0x00000254d882b290: ;   {no_reloc}
  0x00000254d882b290: 8304 2400 | 4983 ba9e | 0000 0000 | 750d f04d | 0fb1 7a3e | 7505 83c8 | 01eb 0ca8 | 00eb 084c 
  0x00000254d882b2b0: 8b10 f04d | 0fb1 1375 | 0a49 ff8f | 5005 0000 | 4533 d20f | 852d 4900 | 004c 8b94 | 2480 0000 
  0x00000254d882b2d0: 0045 8b52 | 2041 8b6a | 1844 8b5d 

  0x00000254d882b2dc: ;   {metadata('java/util/jar/JarFile')}
  0x00000254d882b2dc: 0841 81fb | 0814 1900 | 0f85 3d49 | 0000 4c8b | d54d 8bda | 418b 7b28 | 85ff 0f84 | 150b 0000 
  0x00000254d882b2fc: 8b6f 0c41 | 807f 4000 | 0f85 4729 | 0000 8b4d | 084c 8b57 

  0x00000254d882b310: ;   {oop(a 'java/lang/Class'{0x0000000080726ae8} = 'java/lang/ref/SoftReference')}
  0x00000254d882b310: 2049 b8e8 | 6a72 8000 | 0000 004d | 8b40 704d | 3bd0 0f85 | ff1a 0000 

  0x00000254d882b328: ;   {metadata('java/util/jar/Manifest')}
  0x00000254d882b328: 81f9 a0e1 | 0400 0f85 | b86e 0000 | 4c8b d54c | 8994 24a8 | 0000 004c | 8b4c 2468 | 458b 4138 
  0x00000254d882b348: 4585 c00f | 84e3 4600 | 004c 8b9c | 24c8 0000 | 0041 8b43 | 0c85 c00f | 84f1 0800 | 0041 8b48 
  0x00000254d882b368: 2885 c90f | 84fa 0600 | 0044 8b41 | 0c45 85c0 | 0f86 924b | 0000 448b | d041 c1ea | 1044 33d0 
  0x00000254d882b388: 41ff c841 | 81e2 ffff | ff7f 4523 | c24d 63c0 | 468b 4481 | 1045 85c0 | 0f84 c506 | 0000 418b 
  0x00000254d882b3a8: 680c 413b | ea0f 843e | 0100 0085 | ed0f 8c7a | 5000 0041 | 8b48 1885 | c90f 84a4 | 0600 0048 
  0x00000254d882b3c8: 8bd9 8b4b | 0c49 8baf | 5804 0000 | 4c8b 4424 

  0x00000254d882b3d8: ; ImmutableOopMap {r11=Oop r8=Oop r9=Oop rbx=Oop rsi=Oop r13=Oop [40]=Oop [96]=Oop [128]=Oop [136]=NarrowOop [168]=Oop }
                      ;*if_icmpne {reexecute=1 rethrow=0 return_oop=0}
                      ; - (reexecute) java.util.concurrent.ConcurrentHashMap::get@127
                      ; - java.lang.ClassLoader::getDefinedPackage@13
                      ; - java.net.URLClassLoader::getAndVerifyPackage@2
                      ; - java.net.URLClassLoader::defineClass@46
                      ; - java.net.URLClassLoader$1::run@43
                      ; - java.net.URLClassLoader$1::run@1
                      ; - java.security.AccessController::executePrivileged@29
                      ; - java.security.AccessController::doPrivileged@13
                      ; - java.net.URLClassLoader::findClass@13
                      ;   {poll}
  0x00000254d882b3d8: 6085 4500 | 413b ca74 | 108b 4b18 | 85c9 0f84 | 7f06 0000 | 488b d9eb | d98b 6b10 | 4c8b c54d 
  0x00000254d882b3f8: 3bc3 0f84 | d800 0000 | 85ed 0f84 | be53 0000 | 4889 9c24 | a000 0000 | 4489 5424 | 7c4c 8b94 
  0x00000254d882b418: 24a8 0000 | 004c 8994 | 2498 0000 | 004c 8b94 | 2480 0000 | 004c 8994 | 2490 0000 | 004c 899c 
  0x00000254d882b438: 2480 0000 | 0048 8974 | 2420 448b | 9424 8800 | 0000 4489 | 5424 784c | 896c 2440 | 4c89 4c24 
  0x00000254d882b458: 684c 8bc5 | 498b d348 | 8b6c 2460 | 4c8b 9424 | a800 0000 | 4c89 9424 | 8800 0000 

  0x00000254d882b474: ;   {optimized virtual_call}
  0x00000254d882b474: c5f8 77e8 

  0x00000254d882b478: ; ImmutableOopMap {rbp=Oop [32]=Oop [40]=Oop [64]=Oop [96]=Oop [104]=Oop [120]=NarrowOop [128]=Oop [136]=Oop [144]=Oop [152]=Oop [160]=Oop }
                      ;*invokevirtual equals {reexecute=0 rethrow=0 return_oop=0}
                      ; - java.util.concurrent.ConcurrentHashMap::get@149
                      ; - java.lang.ClassLoader::getDefinedPackage@13
                      ; - java.net.URLClassLoader::getAndVerifyPackage@2
                      ; - java.net.URLClassLoader::defineClass@46
                      ; - java.net.URLClassLoader$1::run@43
                      ; - java.net.URLClassLoader$1::run@1
                      ; - java.security.AccessController::executePrivileged@29
                      ; - java.security.AccessController::doPrivileged@13
                      ; - java.net.URLClassLoader::findClass@13
  0x00000254d882b478: c432 d5ff 

  0x00000254d882b47c: ;   {other}
  0x00000254d882b47c: 0f1f 8400 | ec19 000d | 85c0 0f84 | b853 0000 | 4c8b 4c24 | 684c 8b6c | 2440 448b | 5424 7844 
  0x00000254d882b49c: 8994 2488 | 0000 004c | 8b9c 2480 | 0000 004c | 8b84 2490 | 0000 004c | 8984 2480 | 0000 004c 
  0x00000254d882b4bc: 8b84 2498 | 0000 004c | 8984 24a8 | 0000 0048 | 8b9c 24a0 | 0000 0048 | 8b74 2420 | 8b6b 1485 
  0x00000254d882b4dc: ed0f 8488 | 0500 0041 | 8b43 0c45 | 0fb6 4311 | e938 0100 | 0041 8b68 | 1048 8bcd | 493b cb0f 
  0x00000254d882b4fc: 8413 0100 | 008b 4d08 | 488b dd4c | 3bdb 0f84 | 0401 0000 

  0x00000254d882b510: ;   {metadata('java/lang/String')}
  0x00000254d882b510: 81f9 78e8 | 0000 0f85 | 986b 0000 | 410f be4b | 100f be6b | 103b cd0f | 8557 4e00 | 0048 8bd6 
  0x00000254d882b530: 8b7b 1441 | 8b43 148b | 5f0c 8b48 | 0c3b cb0f | 8576 feff | ff48 8bdf | 488d 7710 | 488b d848 
  0x00000254d882b550: 8d78 1085 | c90f 849d | 0000 008b | c183 e01f | 83e1 e00f | 844b 0000 | 0048 8d3c | 0f48 8d34 
  0x00000254d882b570: 0e48 f7d9 | c5fe 6f04 | 0fc5 fe6f | 0c0e c5fd | efc1 c4e2 | 7d17 c00f | 8572 0000 | 0048 83c1 
  0x00000254d882b590: 2075 e185 | c00f 845d | 0000 00c5 | fe6f 4407 | e0c5 fe6f | 4c06 e0c5 | fdef c1c4 | e27d 17c0 
  0x00000254d882b5b0: 754d eb44 | 8bc8 83e1 | fc74 1948 | 8d3c 0f48 | 8d34 0e48 | f7d9 8b1c | 0f3b 1c0e | 7531 4883 
  0x00000254d882b5d0: c104 75f2 | a802 7412 | 0fb7 1f0f | b70e 3bd9 | 751d 488d | 7f02 488d | 7602 a801 | 740a 0fb6 
  0x00000254d882b5f0: 1f0f b60e | 3bd9 7507 | b801 0000 | 00eb 0233 | c0c5 fdef | c0c5 f5ef | c985 c00f 

  0x00000254d882b60c: ;   {no_reloc}
  0x00000254d882b60c: 8427 2900 | 0048 8bf2 | 418b 6814 | 85ed 0f84 | 4b04 0000 | 450f b643 | 1141 8b43 | 0c44 8b55 
  0x00000254d882b62c: ;   {metadata('java/lang/Package')}
  0x00000254d882b62c: 0841 81fa | e8bd 0100 | 0f85 4569 | 0000 418b | 5b14 448b | 530c 488b | cd44 8b71 | 1045 85d2 
  0x00000254d882b64c: 0f86 6a47 | 0000 458b | 5138 4585 | d20f 841d | 4700 0085 | c00f 84de | 0600 0041 | 8b5a 2885 
  0x00000254d882b66c: db0f 84a8 | 0200 0044 | 8b43 0c45 | 85c0 0f86 | 2c4b 0000 | 448b d041 | c1ea 1044 | 33d0 41ff 
  0x00000254d882b68c: c841 81e2 | ffff ff7f | 4523 c24d | 63c0 468b | 4483 1045 | 85c0 0f84 | 7302 0000 | 418b 680c 
  0x00000254d882b6ac: 413b ea0f | 8552 0100 | 0041 8b68 | 1048 8bcd | 493b cb0f | 8413 0100 | 008b 4d08 | 488b d648 
  0x00000254d882b6cc: 8bfd 4c3b | df0f 8401 

  0x00000254d882b6d4: ;   {metadata('java/lang/String')}
  0x00000254d882b6d4: 0100 0081 | f978 e800 | 000f 854d | 6900 0041 | 0fbe 5b10 | 0fbe 6f10 | 3bdd 0f85 | bc4d 0000 
  0x00000254d882b6f4: 8b7f 1441 | 8b5b 148b | 770c 8b4b | 0c3b ce0f | 8527 2800 | 0048 8bf7 | 488d 7710 | 488b fb48 
  0x00000254d882b714: 8d7b 1085 | c90f 849d | 0000 008b | c183 e01f | 83e1 e00f | 844b 0000 | 0048 8d3c | 0f48 8d34 
  0x00000254d882b734: 0e48 f7d9 | c5fe 6f0c | 0fc5 fe6f | 040e c5f5 | efc8 c4e2 | 7d17 c90f | 8572 0000 | 0048 83c1 
  0x00000254d882b754: 2075 e185 | c00f 845d | 0000 00c5 | fe6f 4c07 | e0c5 fe6f | 4406 e0c5 | f5ef c8c4 | e27d 17c9 
  0x00000254d882b774: 754d eb44 | 8bc8 83e1 | fc74 1948 | 8d3c 0f48 | 8d34 0e48 | f7d9 8b1c | 0f3b 1c0e | 7531 4883 
  0x00000254d882b794: c104 75f2 | a802 7412 | 0fb7 1f0f | b70e 3bd9 | 751d 488d | 7f02 488d | 7602 a801 | 740a 0fb6 
  0x00000254d882b7b4: 1f0f b60e | 3bd9 7507 | b801 0000 | 00eb 0233 | c0c5 f5ef | c9c5 fdef | c085 c00f | 84be 2800 
  0x00000254d882b7d4: ;   {no_reloc}
  0x00000254d882b7d4: 0048 8bf2 | 418b 6814 | 85ed 0f84 | 3701 0000 | 448b 5508 

  0x00000254d882b7e8: ;   {metadata('java/lang/Package')}
  0x00000254d882b7e8: 4181 fae8 | bd01 000f | 8587 6900 | 004c 8bd5 | 4c89 5424 | 7848 8974 | 2420 e9cc | 0100 0085 
  0x00000254d882b808: ed0f 8c2d | 4d00 0041 | 8b48 1885 | c90f 8400 | 0100 0044 | 8b41 0c49 | 8b87 5804 | 0000 488b 
  0x00000254d882b828: ; ImmutableOopMap {r11=Oop r9=Oop rcx=Oop rbx=Oop rsi=Oop r13=Oop r14=NarrowOop [40]=Oop [96]=Oop [128]=Oop [136]=NarrowOop [168]=Oop }
                      ;*if_icmpne {reexecute=1 rethrow=0 return_oop=0}
                      ; - (reexecute) java.util.concurrent.ConcurrentHashMap::get@127
                      ; - java.lang.ClassLoader::definePackage@47
                      ; - java.lang.ClassLoader::getDefinedPackage@32
                      ; - java.net.URLClassLoader::getAndVerifyPackage@2
                      ; - java.net.URLClassLoader::defineClass@46
                      ; - java.net.URLClassLoader$1::run@43
                      ; - java.net.URLClassLoader$1::run@1
                      ; - java.security.AccessController::executePrivileged@29
                      ; - java.security.AccessController::doPrivileged@13
                      ; - java.net.URLClassLoader::findClass@13
                      ;   {poll}
  0x00000254d882b828: 5c24 6085 | 0045 3bc2 | 740d 8b49 | 1885 c90f | 84de 0000 | 00eb dc8b | 6910 4c8b | c54d 3bc3 
  0x00000254d882b848: 0f84 c200 | 0000 85ed | 0f84 ba53 | 0000 4889 | 8c24 a000 | 0000 4489 | 9424 8c00 | 0000 4489 
  0x00000254d882b868: 7424 7c4c | 8b94 24a8 | 0000 004c | 8994 2498 | 0000 004c | 8b94 2480 | 0000 004c | 8994 2490 
  0x00000254d882b888: 0000 004c | 899c 2480 | 0000 0048 | 8974 2420 | 4c89 6c24 | 404c 894c | 2468 4c8b | c548 8b94 
  0x00000254d882b8a8: 2480 0000 | 0048 895c | 2448 6690 

  0x00000254d882b8b4: ;   {optimized virtual_call}
  0x00000254d882b8b4: c5f8 77e8 

  0x00000254d882b8b8: ; ImmutableOopMap {[32]=Oop [40]=Oop [64]=Oop [72]=Oop [96]=Oop [104]=Oop [124]=NarrowOop [128]=Oop [136]=NarrowOop [144]=Oop [152]=Oop [160]=Oop }
                      ;*invokevirtual equals {reexecute=0 rethrow=0 return_oop=0}
                      ; - java.util.concurrent.ConcurrentHashMap::get@149
                      ; - java.lang.ClassLoader::definePackage@47
                      ; - java.lang.ClassLoader::getDefinedPackage@32
                      ; - java.net.URLClassLoader::getAndVerifyPackage@2
                      ; - java.net.URLClassLoader::defineClass@46
                      ; - java.net.URLClassLoader$1::run@43
                      ; - java.net.URLClassLoader$1::run@1
                      ; - java.security.AccessController::executePrivileged@29
                      ; - java.security.AccessController::doPrivileged@13
                      ; - java.net.URLClassLoader::findClass@13
  0x00000254d882b8b8: 842e d5ff 

  0x00000254d882b8bc: ;   {other}
  0x00000254d882b8bc: 0f1f 8400 | 2c1e 000f | 85c0 0f84 | c453 0000 | 4c8b 4c24 | 684c 8b6c | 2440 4c8b | 9c24 8000 
  0x00000254d882b8dc: 0000 4c8b | 8424 9000 | 0000 4c89 | 8424 8000 | 0000 4c8b | 8424 9800 | 0000 4c89 | 8424 a800 
  0x00000254d882b8fc: 0000 448b | 7424 7c48 | 8b8c 24a0 | 0000 0048 | 8b74 2420 | 8b69 1485 | ed0f 85c9 | feff ff41 
  0x00000254d882b91c: 8b69 3849 | 8b8f b801 | 0000 4c8b | d149 83c2 | 184d 3b97 | c801 0000 | 0f83 7037 | 0000 4d89 
  0x00000254d882b93c: 97b8 0100 | 0041 0f0d | 8a00 0100 | 0048 c701 | 0100 0000 

  0x00000254d882b950: ;   {metadata('java/lang/ClassLoader$$Lambda+0x0000025481066078')}
  0x00000254d882b950: c741 0878 | 6006 014c | 8961 104d | 8bd1 4489 | 510c 4489 | 7110 85ed | 0f84 9a49 | 0000 4c89 
  0x00000254d882b970: 5c24 5848 | 8974 2420 | 4c89 6c24 | 404c 894c | 2468 488b | d54d 8bc3 | 4c8b c94c | 8b54 2468 
  0x00000254d882b990: 4c89 5424 | 304c 895c | 2438 488b | 6c24 3090 

  0x00000254d882b9a0: ;   {optimized virtual_call}
  0x00000254d882b9a0: c5f8 77e8 

  0x00000254d882b9a4: ; ImmutableOopMap {rbp=Oop [32]=Oop [40]=Oop [48]=Oop [56]=Oop [64]=Oop [88]=Oop [96]=Oop [104]=Oop [128]=Oop [136]=NarrowOop [168]=Oop }
                      ;*invokevirtual compute {reexecute=0 rethrow=0 return_oop=1}
                      ; - java.lang.ClassLoader::definePackage@78
                      ; - java.lang.ClassLoader::getDefinedPackage@32
                      ; - java.net.URLClassLoader::getAndVerifyPackage@2
                      ; - java.net.URLClassLoader::defineClass@46
                      ; - java.net.URLClassLoader$1::run@43
                      ; - java.net.URLClassLoader$1::run@1
                      ; - java.security.AccessController::executePrivileged@29
                      ; - java.security.AccessController::doPrivileged@13
                      ; - java.net.URLClassLoader::findClass@13
  0x00000254d882b9a4: d830 7fff 

  0x00000254d882b9a8: ;   {other}
  0x00000254d882b9a8: 0f1f 8400 | 181f 0010 

  0x00000254d882b9b0: ; implicit exception: dispatches to 0x00000254d88324cc
  0x00000254d882b9b0: 448b 5008 

  0x00000254d882b9b4: ;   {metadata('java/lang/Package')}
  0x00000254d882b9b4: 4181 fae8 | bd01 000f | 8513 6600 | 0048 8944 | 2478 4c8b | cd4c 8b6c | 2440 4c8b | 5c24 3848 
  0x00000254d882b9d4: 8bac 24a8 | 0000 004c | 895c 2458 | 4c89 6c24 | 404c 894c | 2468 488b | 5424 784c | 8b54 2460 
  0x00000254d882b9f4: 4c89 5424 | 304c 894c | 2438 4c89 | 5c24 4890 

  0x00000254d882ba04: ;   {optimized virtual_call}
  0x00000254d882ba04: c5f8 77e8 

  0x00000254d882ba08: ; ImmutableOopMap {rbp=Oop [32]=Oop [40]=Oop [48]=Oop [56]=Oop [64]=Oop [72]=Oop [88]=Oop [96]=Oop [104]=Oop [120]=Oop [128]=Oop [136]=NarrowOop [168]=Oop }
                      ;*invokevirtual isSealed {reexecute=0 rethrow=0 return_oop=0}
                      ; - java.net.URLClassLoader::getAndVerifyPackage@14
                      ; - java.net.URLClassLoader::defineClass@46
                      ; - java.net.URLClassLoader$1::run@43
                      ; - java.net.URLClassLoader$1::run@1
                      ; - java.security.AccessController::executePrivileged@29
                      ; - java.security.AccessController::doPrivileged@13
                      ; - java.net.URLClassLoader::findClass@13
  0x00000254d882ba08: 54e2 32f8 

  0x00000254d882ba0c: ;   {other}
  0x00000254d882ba0c: 0f1f 8400 | 7c1f 0011 | 85c0 0f85 | 0048 0000 | 4885 ed0f | 844b 4800 | 0048 8b54 | 2438 4c8b 
  0x00000254d882ba2c: 4424 484c | 8b8c 24a8 | 0000 004c | 8944 2430 | 4c8b 5424 | 604c 8954 | 2438 488b | ea66 6690 
  0x00000254d882ba4c: ;   {optimized virtual_call}
  0x00000254d882ba4c: c5f8 77e8 

  0x00000254d882ba50: ; ImmutableOopMap {rbp=Oop [32]=Oop [40]=Oop [48]=Oop [56]=Oop [64]=Oop [72]=Oop [88]=Oop [96]=Oop [104]=Oop [120]=Oop [128]=Oop [136]=NarrowOop [168]=Oop }
                      ;*invokevirtual isSealed {reexecute=0 rethrow=0 return_oop=0}
                      ; - java.net.URLClassLoader::getAndVerifyPackage@68
                      ; - java.net.URLClassLoader::defineClass@46
                      ; - java.net.URLClassLoader$1::run@43
                      ; - java.net.URLClassLoader$1::run@1
                      ; - java.security.AccessController::executePrivileged@29
                      ; - java.security.AccessController::doPrivileged@13
                      ; - java.net.URLClassLoader::findClass@13
  0x00000254d882ba50: 4c26 44f8 

  0x00000254d882ba54: ;   {other}
  0x00000254d882ba54: 0f1f 8400 | c41f 0012 | 85c0 0f85 | 5c48 0000 | 4c8b 6c24 

  0x00000254d882ba68: ;   {metadata('java/lang/IllegalArgumentException')}
  0x00000254d882ba68: 40eb 6a48 | bdc0 9a06 | 8054 0200 | 004c 8b94 | 24a8 0000 | 004d 85d2 | 0f84 7821 | 0000 4c89 
  0x00000254d882ba88: 5c24 4848 | 8974 2420 | 4c89 6c24 | 404c 894c | 2468 498b | d14d 8bc3 | 4c8b 8c24 | a800 0000 
  0x00000254d882baa8: 488b fe4c | 8b54 2460 | 4c89 5424 | 304c 8954 | 2438 4889 | 5424 5090 

  0x00000254d882bac0: ;   {optimized virtual_call}
  0x00000254d882bac0: c5f8 77e8 

  0x00000254d882bac4: ; ImmutableOopMap {[32]=Oop [40]=Oop [48]=Oop [56]=Oop [64]=Oop [72]=Oop [80]=Oop [96]=Oop [104]=Oop [128]=Oop [136]=NarrowOop [168]=Oop }
                      ;*invokevirtual definePackage {reexecute=0 rethrow=0 return_oop=1}
                      ; - java.net.URLClassLoader::defineClass@64
                      ; - java.net.URLClassLoader$1::run@43
                      ; - java.net.URLClassLoader$1::run@1
                      ; - java.security.AccessController::executePrivileged@29
                      ; - java.security.AccessController::doPrivileged@13
                      ; - java.net.URLClassLoader::findClass@13
  0x00000254d882bac4: 58f8 59f8 

  0x00000254d882bac8: ;   {other}
  0x00000254d882bac8: 0f1f 8400 | 3820 0013 | 4c8b 6c24 | 404c 896c | 2440 498b | d54c 896c | 2430 4c8b | 5424 604c 
  0x00000254d882bae8: 8954 2438 

  0x00000254d882baec: ;   {optimized virtual_call}
  0x00000254d882baec: c5f8 77e8 

  0x00000254d882baf0: ; ImmutableOopMap {[32]=Oop [40]=Oop [48]=Oop [56]=Oop [64]=Oop [96]=Oop [104]=Oop [136]=NarrowOop }
                      ;*invokevirtual getByteBuffer {reexecute=0 rethrow=0 return_oop=1}
                      ; - java.net.URLClassLoader::defineClass@132
                      ; - java.net.URLClassLoader$1::run@43
                      ; - java.net.URLClassLoader$1::run@1
                      ; - java.security.AccessController::executePrivileged@29
                      ; - java.security.AccessController::doPrivileged@13
                      ; - java.net.URLClassLoader::findClass@13
  0x00000254d882baf0: ac78 3bf8 

  0x00000254d882baf4: ;   {other}
  0x00000254d882baf4: 0f1f 8400 | 6420 0014 | 4885 c00f | 85b3 4400 | 0048 8b54 | 2430 448b 

  0x00000254d882bb0c: ;   {metadata('jdk/internal/loader/URLClassPath$JarLoader$2')}
  0x00000254d882bb0c: 5208 4181 | fa30 2421 | 000f 8564 | 1b00 0048 | 8954 2430 

  0x00000254d882bb20: ;   {optimized virtual_call}
  0x00000254d882bb20: c5f8 77e8 

  0x00000254d882bb24: ; ImmutableOopMap {[32]=Oop [40]=Oop [48]=Oop [56]=Oop [64]=Oop [96]=Oop [104]=Oop [136]=NarrowOop }
                      ;*invokevirtual getBytes {reexecute=0 rethrow=0 return_oop=1}
                      ; - java.net.URLClassLoader::defineClass@179
                      ; - java.net.URLClassLoader$1::run@43
                      ; - java.net.URLClassLoader$1::run@1
                      ; - java.security.AccessController::executePrivileged@29
                      ; - java.security.AccessController::doPrivileged@13
                      ; - java.net.URLClassLoader::findClass@13
  0x00000254d882bb24: b89d dbff 

  0x00000254d882bb28: ;   {other}
  0x00000254d882bb28: 0f1f 8400 | 9820 0015 | 4889 4424 | 584c 8b5c | 2440 458b 

  0x00000254d882bb3c: ;   {metadata('jdk/internal/loader/URLClassPath$JarLoader$2')}
  0x00000254d882bb3c: 5308 4181 | fa30 2421 | 000f 855f | 1b00 0049 | 8bd3 4c8b | 5424 604c | 8954 2430 

  0x00000254d882bb58: ;   {optimized virtual_call}
  0x00000254d882bb58: c5f8 77e8 

  0x00000254d882bb5c: ; ImmutableOopMap {[32]=Oop [40]=Oop [48]=Oop [64]=Oop [88]=Oop [96]=Oop [104]=Oop [136]=NarrowOop }
                      ;*invokevirtual getCodeSigners {reexecute=0 rethrow=0 return_oop=1}
                      ; - java.net.URLClassLoader::defineClass@185
                      ; - java.net.URLClassLoader$1::run@43
                      ; - java.net.URLClassLoader$1::run@1
                      ; - java.security.AccessController::executePrivileged@29
                      ; - java.security.AccessController::doPrivileged@13
                      ; - java.net.URLClassLoader::findClass@13
  0x00000254d882bb5c: 00c6 54f8 

  0x00000254d882bb60: ;   {other}
  0x00000254d882bb60: 0f1f 8400 | d020 0016 | 4c8b 5c24 | 4048 8be8 | 498b 87b8 | 0100 004c | 8bd0 4983 | c228 4d3b 
  0x00000254d882bb80: 97c8 0100 | 000f 8310 | 2500 004d | 8997 b801 | 0000 410f | 0d8a 0001 | 0000 48c7 | 0001 0000 
  0x00000254d882bba0: ;   {metadata('java/security/CodeSource')}
  0x00000254d882bba0: 00c7 4008 | 285c 0000 | 4489 600c | 4c89 6010 | 4c89 6018 | 4c89 6020 | 4c89 5c24 | 4048 8944 
  0x00000254d882bbc0: 2450 488b | d04c 8b44 | 2420 4c8b | cd4c 8b54 | 2460 4c89 | 5424 2090 

  0x00000254d882bbd8: ;   {optimized virtual_call}
  0x00000254d882bbd8: c5f8 77e8 

  0x00000254d882bbdc: ; ImmutableOopMap {[32]=Oop [40]=Oop [64]=Oop [80]=Oop [88]=Oop [96]=Oop [104]=Oop }
                      ;*invokespecial <init> {reexecute=0 rethrow=0 return_oop=0}
                      ; - java.net.URLClassLoader::defineClass@198
                      ; - java.net.URLClassLoader$1::run@43
                      ; - java.net.URLClassLoader$1::run@1
                      ; - java.security.AccessController::executePrivileged@29
                      ; - java.security.AccessController::doPrivileged@13
                      ; - java.net.URLClassLoader::findClass@13
  0x00000254d882bbdc: 00c7 e3ff 

  0x00000254d882bbe0: ;   {other}
  0x00000254d882bbe0: 0f1f 8400 | 5021 0017 

  0x00000254d882bbe8: ;   {oop(a 'jdk/internal/perf/PerfCounter'{0x00000000806dce90})}
  0x00000254d882bbe8: 48ba 90ce | 6d80 0000 | 0000 4c8b | 4424 7090 

  0x00000254d882bbf8: ;   {optimized virtual_call}
  0x00000254d882bbf8: c5f8 77e8 

  0x00000254d882bbfc: ; ImmutableOopMap {[32]=Oop [40]=Oop [64]=Oop [80]=Oop [88]=Oop [96]=Oop [104]=Oop }
                      ;*invokevirtual addElapsedTimeFrom {reexecute=0 rethrow=0 return_oop=0}
                      ; - java.net.URLClassLoader::defineClass@207
                      ; - java.net.URLClassLoader$1::run@43
                      ; - java.net.URLClassLoader$1::run@1
                      ; - java.security.AccessController::executePrivileged@29
                      ; - java.security.AccessController::doPrivileged@13
                      ; - java.net.URLClassLoader::findClass@13
  0x00000254d882bbfc: 4077 f0ff 

  0x00000254d882bc00: ;   {other}
  0x00000254d882bc00: 0f1f 8400 | 7021 0018 | 4c8b 4c24 | 5841 8b71 | 0c48 8b54 | 2468 4c8b | 4424 2033 | ff48 8b4c 
  0x00000254d882bc20: 2450 6690 

  0x00000254d882bc24: ;   {optimized virtual_call}
  0x00000254d882bc24: c5f8 77e8 

  0x00000254d882bc28: ; ImmutableOopMap {[32]=Oop [40]=Oop [64]=Oop [96]=Oop [104]=Oop }
                      ;*invokevirtual defineClass {reexecute=0 rethrow=0 return_oop=1}
                      ; - java.net.URLClassLoader::defineClass@220
                      ; - java.net.URLClassLoader$1::run@43
                      ; - java.net.URLClassLoader$1::run@1
                      ; - java.security.AccessController::executePrivileged@29
                      ; - java.security.AccessController::doPrivileged@13
                      ; - java.net.URLClassLoader::findClass@13
  0x00000254d882bc28: b461 ddff 

  0x00000254d882bc2c: ;   {other}
  0x00000254d882bc2c: 0f1f 8400 | 9c21 0019 | 4885 c00f | 8460 efff | ffc5 f877 | 4881 c4f0 | 0000 005d 

  0x00000254d882bc48: ;   {poll_return}
  0x00000254d882bc48: 493b a750 | 0400 000f | 87a6 7600 | 00c3 450f | b653 1145 | 85d2 0f85 | eb21 0000 | 458b 5314 
  0x00000254d882bc68: 498b e849 | 8bd2 4180 | 7b10 000f | 851e 2600 | 0044 8944 | 2424 4c8b | 9424 a800 | 0000 4c89 
  0x00000254d882bc88: 5424 504c | 8b94 2480 | 0000 004c | 8954 2448 | 48ff b424 | c800 0000 | 488f 4424 | 3848 8974 
  0x00000254d882bca8: 2430 448b | 9c24 8800 | 0000 4489 | 5c24 204c | 896c 2440 | 4c8b 5424 | 604c 8954 | 2458 6690 
  0x00000254d882bcc8: ;   {static_call}
  0x00000254d882bcc8: c5f8 77e8 

  0x00000254d882bccc: ; ImmutableOopMap {rbp=Oop [32]=NarrowOop [36]=NarrowOop [40]=Oop [48]=Oop [56]=Oop [64]=Oop [72]=Oop [80]=Oop [88]=Oop [96]=Oop [104]=Oop }
                      ;*invokestatic hashCode {reexecute=0 rethrow=0 return_oop=0}
                      ; - java.lang.String::hashCode@27
                      ; - java.util.concurrent.ConcurrentHashMap::get@1
                      ; - java.lang.ClassLoader::getDefinedPackage@13
                      ; - java.net.URLClassLoader::getAndVerifyPackage@2
                      ; - java.net.URLClassLoader::defineClass@46
                      ; - java.net.URLClassLoader$1::run@43
                      ; - java.net.URLClassLoader$1::run@1
                      ; - java.security.AccessController::executePrivileged@29
                      ; - java.security.AccessController::doPrivileged@13
                      ; - java.net.URLClassLoader::findClass@13
  0x00000254d882bccc: f006 d7ff 

  0x00000254d882bcd0: ;   {other}
  0x00000254d882bcd0: 0f1f 8400 | 4022 001a | 85c0 0f84 | 1926 0000 | 4c8b 5c24 | 3841 8943 | 0c4c 8b4c | 2468 4c8b 
  0x00000254d882bcf0: 6c24 4044 | 8b44 2420 | 4489 8424 | 8800 0000 | 4c8b 4424 | 484c 8984 | 2480 0000 | 004c 8b44 
  0x00000254d882bd10: 2450 4c89 | 8424 a800 | 0000 448b | 4424 2448 | 8b74 2430 | e93c f6ff | ffb9 2f00 | 0000 e917 
  0x00000254d882bd30: ebff ff4c | 8b54 2460 | 4c89 9424 | c800 0000 | e90b f4ff | ff45 85c0 | 0f85 0821 | 0000 488b 
  0x00000254d882bd50: d349 8bea | 4180 7b10 | 000f 859f | 2f00 0044 | 8954 2458 | 4489 7424 | 244c 8b94 | 24a8 0000 
  0x00000254d882bd70: 004c 8954 | 2450 4c8b | 9424 8000 | 0000 4c89 | 5424 484c | 895c 2438 | 4889 7424 | 3044 8b9c 
  0x00000254d882bd90: 2488 0000 | 0044 895c | 2420 4c89 | 6c24 404c | 894c 2468 

  0x00000254d882bda4: ;   {static_call}
  0x00000254d882bda4: c5f8 77e8 

  0x00000254d882bda8: ; ImmutableOopMap {rbp=Oop [32]=NarrowOop [36]=NarrowOop [40]=Oop [48]=Oop [56]=Oop [64]=Oop [72]=Oop [80]=Oop [88]=NarrowOop [96]=Oop [104]=Oop }
                      ;*invokestatic hashCode {reexecute=0 rethrow=0 return_oop=0}
                      ; - java.lang.String::hashCode@27
                      ; - java.util.concurrent.ConcurrentHashMap::get@1
                      ; - java.lang.ClassLoader::definePackage@47
                      ; - java.lang.ClassLoader::getDefinedPackage@32
                      ; - java.net.URLClassLoader::getAndVerifyPackage@2
                      ; - java.net.URLClassLoader::defineClass@46
                      ; - java.net.URLClassLoader$1::run@43
                      ; - java.net.URLClassLoader$1::run@1
                      ; - java.security.AccessController::executePrivileged@29
                      ; - java.security.AccessController::doPrivileged@13
                      ; - java.net.URLClassLoader::findClass@13
  0x00000254d882bda8: d432 7fff 

  0x00000254d882bdac: ;   {other}
  0x00000254d882bdac: 0f1f 8400 | 1c23 001b | 85c0 0f84 | 9d2f 0000 | 4c8b 5c24 | 3841 8943 | 0c4c 8b4c | 2468 4c8b 
  0x00000254d882bdcc: 6c24 4044 | 8b44 2420 | 4489 8424 | 8800 0000 | 4c8b 5424 | 484c 8994 | 2480 0000 | 004c 8b54 
  0x00000254d882bdec: 2450 4c89 | 9424 a800 | 0000 448b | 7424 2444 | 8b54 2458 | 488b 7424 | 30e9 5df8 | ffff 33c0 
  0x00000254d882be0c: e94f edff | ff4c 895c | 2430 4c8b | 9424 8000 | 0000 4c89 | 5424 7848 | 8974 2420 | 448b 9424 
  0x00000254d882be2c: 8800 0000 | 4489 5424 | 584c 896c | 2440 498b | d34c 8b54 | 2460 4c89 | 5424 5048 | 8b6c 2450 
  0x00000254d882be4c: ;   {optimized virtual_call}
  0x00000254d882be4c: c5f8 77e8 

  0x00000254d882be50: ; ImmutableOopMap {rbp=Oop [32]=Oop [40]=Oop [48]=Oop [64]=Oop [80]=Oop [88]=NarrowOop [96]=Oop [104]=Oop [120]=Oop [200]=Oop }
                      ;*invokevirtual getManEntry {reexecute=0 rethrow=0 return_oop=1}
                      ; - java.util.jar.JarFile::getManifestFromReference@27
                      ; - java.util.jar.JarFile::getManifest@1
                      ; - jdk.internal.loader.URLClassPath$JarLoader$2::getManifest@22
                      ; - java.net.URLClassLoader::defineClass@34
                      ; - java.net.URLClassLoader$1::run@43
                      ; - java.net.URLClassLoader$1::run@1
                      ; - java.security.AccessController::executePrivileged@29
                      ; - java.security.AccessController::doPrivileged@13
                      ; - java.net.URLClassLoader::findClass@13
  0x00000254d882be50: 2c2c 7fff 

  0x00000254d882be54: ;   {other}
  0x00000254d882be54: 0f1f 8400 | c423 001c | 4885 c00f | 8401 1f00 | 004c 8b44 | 2430 450f | b650 1245 | 85d2 0f85 
  0x00000254d882be74: 7102 0000 | 498b e849 | 8bd0 4c8b | c066 6690 

  0x00000254d882be84: ;   {optimized virtual_call}
  0x00000254d882be84: c5f8 77e8 

  0x00000254d882be88: ; ImmutableOopMap {rbp=Oop [32]=Oop [40]=Oop [64]=Oop [80]=Oop [88]=NarrowOop [96]=Oop [104]=Oop [120]=Oop [200]=Oop }
                      ;*invokespecial getInputStream {reexecute=0 rethrow=0 return_oop=1}
                      ; - java.util.jar.JarFile::getManifestFromReference@130
                      ; - java.util.jar.JarFile::getManifest@1
                      ; - jdk.internal.loader.URLClassPath$JarLoader$2::getManifest@22
                      ; - java.net.URLClassLoader::defineClass@34
                      ; - java.net.URLClassLoader$1::run@43
                      ; - java.net.URLClassLoader$1::run@1
                      ; - java.security.AccessController::executePrivileged@29
                      ; - java.security.AccessController::doPrivileged@13
                      ; - java.net.URLClassLoader::findClass@13
  0x00000254d882be88: f42b 7fff 

  0x00000254d882be8c: ;   {other}
  0x00000254d882be8c: 0f1f 8400 | fc23 001d | 4889 4424 | 3049 8b87 | b801 0000 | 4c8b d049 | 83c2 184d | 3b97 c801 
  0x00000254d882beac: 0000 0f83 | 9837 0000 | 4d89 97b8 | 0100 0041 | 0f0d 8a00 | 0100 0048 | c700 0100 

  0x00000254d882bec8: ;   {metadata('java/util/jar/Manifest')}
  0x00000254d882bec8: 0000 c740 | 08a0 e104 | 0044 8960 | 0c4c 8960 | 104c 8bd8 | 4c8b c545 | 8b48 1449 | 8baf b801 
  0x00000254d882bee8: 0000 4c8b | d549 83c2 | 104d 3b97 | c801 0000 | 0f83 1637 | 0000 4d89 | 97b8 0100 | 0041 0f0d 
  0x00000254d882bf08: 8a00 0100 | 0048 c745 | 0001 0000 

  0x00000254d882bf14: ;   {metadata('java/util/jar/Attributes')}
  0x00000254d882bf14: 00c7 4508 | 4088 1600 | 4489 650c | 4c89 4424 | 504c 895c | 2448 4489 | 4c24 5cba | 1000 0000 
  0x00000254d882bf34: ;   {static_call}
  0x00000254d882bf34: c5f8 77e8 

  0x00000254d882bf38: ; ImmutableOopMap {rbp=Oop [32]=Oop [40]=Oop [48]=Oop [64]=Oop [72]=Oop [80]=Oop [88]=NarrowOop [92]=NarrowOop [96]=Oop [104]=Oop [120]=Oop [200]=Oop }
                      ;*invokestatic newLinkedHashMap {reexecute=0 rethrow=0 return_oop=1}
                      ; - java.util.jar.Attributes::<init>@6
                      ; - java.util.jar.Attributes::<init>@3
                      ; - java.util.jar.Manifest::<init>@9
                      ; - java.util.jar.Manifest::<init>@4
                      ; - java.util.jar.JarFile::getManifestFromReference@143
                      ; - java.util.jar.JarFile::getManifest@1
                      ; - jdk.internal.loader.URLClassPath$JarLoader$2::getManifest@22
                      ; - java.net.URLClassLoader::defineClass@34
                      ; - java.net.URLClassLoader$1::run@43
                      ; - java.net.URLClassLoader$1::run@1
                      ; - java.security.AccessController::executePrivileged@29
                      ; - java.security.AccessController::doPrivileged@13
                      ; - java.net.URLClassLoader::findClass@13
  0x00000254d882bf38: 4431 7fff 

  0x00000254d882bf3c: ;   {other}
  0x00000254d882bf3c: 0f1f 8400 | ac24 001e | 488b d841 | 807f 4000 | 0f85 772f | 0000 4c8b | db4d 8bd3 | 4489 550c 
  0x00000254d882bf5c: 4d8b d34c | 8bdd 4d33 | d348 8bfd | 49c1 ea14 | 448b 4424 | 5c4c 8984 | 2480 0000 | 004d 85d2 
  0x00000254d882bf7c: 741f 4885 | db74 1a49 | c1eb 0948 | b900 00ff | df54 0200 | 0049 03cb | 8039 020f | 8576 3000 
  0x00000254d882bf9c: 0041 807f | 4000 0f85 | e42e 0000 | 4c8b 4424 | 4841 8978 | 0c4c 8bd5 | 4d8b d84d | 33d3 49c1 
  0x00000254d882bfbc: ea14 4d85 | d274 1a49 | c1eb 0948 | b900 00ff | df54 0200 | 0049 03cb | 8039 020f | 85df 2f00 
  0x00000254d882bfdc: 004d 8b8f | b801 0000 | 4d8b d149 | 83c2 304d | 3b97 c801 | 0000 0f83 | 7d36 0000 | 4d89 97b8 
  0x00000254d882bffc: 0100 0041 | 0f0d 8a00 | 0100 0049 | c701 0100 

  0x00000254d882c00c: ;   {metadata('java/util/HashMap')}
  0x00000254d882c00c: 0000 41c7 | 4108 68a9 | 0800 4589 | 610c 4d89 | 6110 4d89 | 6118 4d89 | 6128 49c7 | 4120 0000 
  0x00000254d882c02c: 403f 4180 | 7f40 000f | 85c3 2e00 | 004d 8bd9 | 4589 5810 | 4d8b d04d | 8bd9 4d33 | da49 c1eb 
  0x00000254d882c04c: 144d 85db | 741a 49c1 | ea09 48b9 | 0000 ffdf | 5402 0000 | 4903 ca80 | 3902 0f85 | f92e 0000 
  0x00000254d882c06c: 498b e849 | 8bd0 4c8b | 4424 304c | 8b8c 2480 | 0000 004c | 8b54 2460 | 4c89 5424 | 4866 6690 
  0x00000254d882c08c: ;   {optimized virtual_call}
  0x00000254d882c08c: c5f8 77e8 

  0x00000254d882c090: ; ImmutableOopMap {rbp=Oop [32]=Oop [40]=Oop [48]=Oop [64]=Oop [72]=Oop [80]=Oop [88]=NarrowOop [96]=Oop [104]=Oop [120]=Oop [200]=Oop }
                      ;*invokevirtual read {reexecute=0 rethrow=0 return_oop=0}
                      ; - java.util.jar.Manifest::<init>@29
                      ; - java.util.jar.Manifest::<init>@4
                      ; - java.util.jar.JarFile::getManifestFromReference@143
                      ; - java.util.jar.JarFile::getManifest@1
                      ; - jdk.internal.loader.URLClassPath$JarLoader$2::getManifest@22
                      ; - java.net.URLClassLoader::defineClass@34
                      ; - java.net.URLClassLoader$1::run@43
                      ; - java.net.URLClassLoader$1::run@1
                      ; - java.security.AccessController::executePrivileged@29
                      ; - java.security.AccessController::doPrivileged@13
                      ; - java.net.URLClassLoader::findClass@13
  0x00000254d882c090: ec29 7fff 

  0x00000254d882c094: ;   {other}
  0x00000254d882c094: 0f1f 8400 | 0426 001f | 4180 7f40 | 000f 8588 | 2e00 004c | 8bd5 4589 | 6214 4c8b | 5c24 3045 
  0x00000254d882c0b4: ;   {metadata('java/util/zip/ZipFile$ZipFileInflaterInputStream')}
  0x00000254d882c0b4: 8b4b 0841 | 81f9 c0a4 | 3100 0f85 | e447 0000 | 498b ea49 | 8bd3 4c8b | 5424 484c | 8954 2430 
  0x00000254d882c0d4: ;   {optimized virtual_call}
  0x00000254d882c0d4: c5f8 77e8 

  0x00000254d882c0d8: ; ImmutableOopMap {rbp=Oop [32]=Oop [40]=Oop [48]=Oop [64]=Oop [80]=Oop [88]=NarrowOop [96]=Oop [104]=Oop [120]=Oop [200]=Oop }
                      ;*invokevirtual close {reexecute=0 rethrow=0 return_oop=0}
                      ; - java.util.jar.JarFile::getManifestFromReference@152
                      ; - java.util.jar.JarFile::getManifest@1
                      ; - jdk.internal.loader.URLClassPath$JarLoader$2::getManifest@22
                      ; - java.net.URLClassLoader::defineClass@34
                      ; - java.net.URLClassLoader$1::run@43
                      ; - java.net.URLClassLoader$1::run@1
                      ; - java.security.AccessController::executePrivileged@29
                      ; - java.security.AccessController::doPrivileged@13
                      ; - java.net.URLClassLoader::findClass@13
  0x00000254d882c0d8: a429 7fff 

  0x00000254d882c0dc: ;   {other}
  0x00000254d882c0dc: 0f1f 8400 | 4c26 0020 | e90e 0c00 | 0048 8944 | 2430 498b | e849 8bd0 | 4c8b c04c | 8b54 2450 
  0x00000254d882c0fc: 4c89 5424 | 4866 6690 

  0x00000254d882c104: ;   {optimized virtual_call}
  0x00000254d882c104: c5f8 77e8 

  0x00000254d882c108: ; ImmutableOopMap {rbp=Oop [32]=Oop [40]=Oop [48]=Oop [64]=Oop [72]=Oop [88]=NarrowOop [96]=Oop [104]=Oop [120]=Oop [200]=Oop }
                      ;*invokevirtual getBytes {reexecute=0 rethrow=0 return_oop=1}
                      ; - java.util.jar.JarFile::getManifestFromReference@44
                      ; - java.util.jar.JarFile::getManifest@1
                      ; - jdk.internal.loader.URLClassPath$JarLoader$2::getManifest@22
                      ; - java.net.URLClassLoader::defineClass@34
                      ; - java.net.URLClassLoader$1::run@43
                      ; - java.net.URLClassLoader$1::run@1
                      ; - java.security.AccessController::executePrivileged@29
                      ; - java.security.AccessController::doPrivileged@13
                      ; - java.net.URLClassLoader::findClass@13
  0x00000254d882c108: 7429 7fff 

  0x00000254d882c10c: ;   {other}
  0x00000254d882c10c: 0f1f 8400 | 7c26 0021 | 4889 8424 | 8000 0000 | 4c8b dd41 | 0fb6 6b11 | 85ed 0f85 | d847 0000 
  0x00000254d882c12c: 4c89 9c24 | 8800 0000 | 498b d348 | 8b6c 2448 

  0x00000254d882c13c: ;   {optimized virtual_call}
  0x00000254d882c13c: c5f8 77e8 

  0x00000254d882c140: ; ImmutableOopMap {rbp=Oop [32]=Oop [40]=Oop [48]=Oop [64]=Oop [88]=NarrowOop [96]=Oop [104]=Oop [120]=Oop [128]=Oop [136]=Oop [200]=Oop }
                      ;*invokevirtual getManifestNum {reexecute=0 rethrow=0 return_oop=0}
                      ; - java.util.zip.ZipFile$1::getManifestNum@1
                      ; - java.util.jar.JarFile::getManifestFromReference@59
                      ; - java.util.jar.JarFile::getManifest@1
                      ; - jdk.internal.loader.URLClassPath$JarLoader$2::getManifest@22
                      ; - java.net.URLClassLoader::defineClass@34
                      ; - java.net.URLClassLoader$1::run@43
                      ; - java.net.URLClassLoader$1::run@1
                      ; - java.security.AccessController::executePrivileged@29
                      ; - java.security.AccessController::doPrivileged@13
                      ; - java.net.URLClassLoader::findClass@13
  0x00000254d882c140: 3c29 7fff 

  0x00000254d882c144: ;   {other}
  0x00000254d882c144: 0f1f 8400 | b426 0022 | 83f8 010f | 85fb 4700 | 004d 8b97 | b801 0000 | 4d8b da49 | 83c3 404d 
  0x00000254d882c164: 3b9f c801 | 0000 0f83 | d431 0000 | 4d89 9fb8 | 0100 0041 | 0f0d 8b00 | 0100 0049 | c702 0100 
  0x00000254d882c184: ;   {metadata('java/util/jar/JarVerifier')}
  0x00000254d882c184: 0000 41c7 | 4208 789e | 1600 4589 | 620c 4d89 | 6210 4d89 | 6218 4d89 | 6220 4d89 | 6228 4d89 
  0x00000254d882c1a4: 6230 4d89 | 6238 4c8b | 5c24 3045 

  0x00000254d882c1b0: ;   {metadata('java/util/jar/JarFile$JarFileEntry')}
  0x00000254d882c1b0: 8b43 0841 | 81f8 d032 | 3100 0f85 | 6c44 0000 | 41c6 420e | 0145 8b5b | 6045 895a | 3041 c642 
  0x00000254d882c1d0: 0d01 4d8b | c34d 8bca | 498b da4d | 8bd0 4d33 | d14c 8b84 | 2480 0000 | 0049 8bc8 | 8bf9 49c1 
  0x00000254d882c1f0: ea14 4d85 | d274 1f45 | 85db 741a | 49c1 e909 | 48b9 0000 | ffdf 5402 | 0000 4903 | c980 3902 
  0x00000254d882c210: 0f85 9929 | 0000 4180 | 7f40 000f | 8577 2100 | 004c 8bcb | 448b c745 | 8941 2c48 | 8b9c 2480 
  0x00000254d882c230: 0000 004c | 8bd3 4d8b | d94d 33d3 | 49c1 ea14 | 4d85 d274 | 1f48 85db | 741a 49c1 | eb09 48b9 
  0x00000254d882c250: 0000 ffdf | 5402 0000 | 4903 cb80 | 3902 0f85 | 9c29 0000 | 498b afb8 | 0100 004c | 8bd5 4983 
  0x00000254d882c270: c230 4d3b | 97c8 0100 | 000f 83e9 | 3000 004d | 8997 b801 | 0000 410f | 0d8a 0001 | 0000 48c7 
  0x00000254d882c290: 4500 0100 

  0x00000254d882c294: ;   {metadata('java/util/Hashtable')}
  0x00000254d882c294: 0000 c745 | 08b8 d300 | 0044 8965 | 0c4c 8965 | 104c 8965 | 184c 8965 | 204c 8965 | 284c 898c 
  0x00000254d882c2b4: 2490 0000 | 0044 8944 

  0x00000254d882c2bc: ;   {section_word}
  0x00000254d882c2bc: 2430 c5fa | 1005 bae1 | ffff 4c8b | 5424 604c | 8954 2448 

  0x00000254d882c2d0: ;   {static_call}
  0x00000254d882c2d0: c5f8 77e8 

  0x00000254d882c2d4: ; ImmutableOopMap {rbp=Oop [32]=Oop [40]=Oop [48]=NarrowOop [64]=Oop [72]=Oop [88]=NarrowOop [96]=Oop [104]=Oop [120]=Oop [128]=Oop [136]=Oop [144]=Oop [200]=Oop }
                      ;*invokestatic isNaN {reexecute=0 rethrow=0 return_oop=0}
                      ; - java.util.Hashtable::<init>@47
                      ; - java.util.Hashtable::<init>@5
                      ; - java.util.jar.JarVerifier::<init>@39
                      ; - java.util.jar.JarFile::getManifestFromReference@78
                      ; - java.util.jar.JarFile::getManifest@1
                      ; - jdk.internal.loader.URLClassPath$JarLoader$2::getManifest@22
                      ; - java.net.URLClassLoader::defineClass@34
                      ; - java.net.URLClassLoader$1::run@43
                      ; - java.net.URLClassLoader$1::run@1
                      ; - java.security.AccessController::executePrivileged@29
                      ; - java.security.AccessController::doPrivileged@13
                      ; - java.net.URLClassLoader::findClass@13
  0x00000254d882c2d4: a82d 7fff 

  0x00000254d882c2d8: ;   {other}
  0x00000254d882c2d8: 0f1f 8400 | 4828 0023 | 85c0 0f85 | b843 0000 | c745 1400 | 0040 3f4d | 8b97 b801 | 0000 4d8b 
  0x00000254d882c2f8: da49 83c3 | 404d 3b9f | c801 0000 | 0f83 ba30 | 0000 4d89 | 9fb8 0100 | 0041 0f0d | 8b00 0100 
  0x00000254d882c318: 0049 c702 | 0100 0000 | 410f 0d8b | 4001 0000 

  0x00000254d882c328: ;   {metadata('java/util/Hashtable$Entry'[])}
  0x00000254d882c328: 41c7 4208 | a87f 1300 | 410f 0d8b | 8001 0000 | 41c7 420c | 0b00 0000 | 4d89 6210 | 4d89 6218 
  0x00000254d882c348: 4d89 6220 | 4d89 6228 | 4d89 6230 | 4d89 6238 | 498b da41 | 807f 4000 | 0f85 a620 | 0000 4c8b 
  0x00000254d882c368: d34d 8bda | 4489 5d1c | 4c8b dd4d | 33d3 488b | dd49 c1ea | 144d 85d2 | 741a 49c1 | eb09 48b9 
  0x00000254d882c388: 0000 ffdf | 5402 0000 | 4903 cb80 | 3902 0f85 | f023 0000 | 4180 7f40 | 000f 852a | 2000 004c 
  0x00000254d882c3a8: 8b94 2490 | 0000 0041 | 895a 14c7 | 4510 0800 | 0000 4c8b | d54c 8b9c | 2490 0000 | 004d 33d3 
  0x00000254d882c3c8: 49c1 ea14 | 4d85 d274 | 1a49 c1eb | 0948 b900 | 00ff df54 | 0200 0049 | 03cb 8039 | 020f 8550 
  0x00000254d882c3e8: 2300 0049 | 8baf b801 | 0000 4c8b | d549 83c2 | 304d 3b97 | c801 0000 | 0f83 962f | 0000 4d89 
  0x00000254d882c408: 97b8 0100 | 0041 0f0d | 8a00 0100 | 0048 c745 | 0001 0000 

  0x00000254d882c41c: ;   {metadata('java/util/Hashtable')}
  0x00000254d882c41c: 00c7 4508 | b8d3 0000 | 4489 650c | 4c89 6510 | 4c89 6518 | 4c89 6520 | 4c89 6528 

  0x00000254d882c438: ;   {section_word}
  0x00000254d882c438: c5fa 1005 | 40e0 ffff | 4c8b 5424 | 604c 8954 | 2448 6690 

  0x00000254d882c44c: ;   {static_call}
  0x00000254d882c44c: c5f8 77e8 

  0x00000254d882c450: ; ImmutableOopMap {rbp=Oop [32]=Oop [40]=Oop [48]=NarrowOop [64]=Oop [72]=Oop [88]=NarrowOop [96]=Oop [104]=Oop [120]=Oop [128]=Oop [136]=Oop [144]=Oop [200]=Oop }
                      ;*invokestatic isNaN {reexecute=0 rethrow=0 return_oop=0}
                      ; - java.util.Hashtable::<init>@47
                      ; - java.util.Hashtable::<init>@5
                      ; - java.util.jar.JarVerifier::<init>@50
                      ; - java.util.jar.JarFile::getManifestFromReference@78
                      ; - java.util.jar.JarFile::getManifest@1
                      ; - jdk.internal.loader.URLClassPath$JarLoader$2::getManifest@22
                      ; - java.net.URLClassLoader::defineClass@34
                      ; - java.net.URLClassLoader$1::run@43
                      ; - java.net.URLClassLoader$1::run@1
                      ; - java.security.AccessController::executePrivileged@29
                      ; - java.security.AccessController::doPrivileged@13
                      ; - java.net.URLClassLoader::findClass@13
  0x00000254d882c450: 2c2c 7fff 

  0x00000254d882c454: ;   {other}
  0x00000254d882c454: 0f1f 8400 | c429 0024 | 85c0 0f85 | 8442 0000 | c745 1400 | 0040 3f4d | 8b97 b801 | 0000 4d8b 
  0x00000254d882c474: da49 83c3 | 404d 3b9f | c801 0000 | 0f83 8e2f | 0000 4d89 | 9fb8 0100 | 0041 0f0d | 8b00 0100 
  0x00000254d882c494: 0049 c702 | 0100 0000 | 410f 0d8b | 4001 0000 

  0x00000254d882c4a4: ;   {metadata('java/util/Hashtable$Entry'[])}
  0x00000254d882c4a4: 41c7 4208 | a87f 1300 | 410f 0d8b | 8001 0000 | 41c7 420c | 0b00 0000 | 4d89 6210 | 4d89 6218 
  0x00000254d882c4c4: 4d89 6220 | 4d89 6228 | 4d89 6230 | 4d89 6238 | 498b da41 | 807f 4000 | 0f85 5d1f | 0000 4c8b 
  0x00000254d882c4e4: d344 8955 | 1c4c 8bd3 | 4c8b dd4d | 33d3 488b | fd49 c1ea | 144d 85d2 | 741a 49c1 | eb09 48b9 
  0x00000254d882c504: 0000 ffdf | 5402 0000 | 4903 cb80 | 3902 0f85 | 1623 0000 | 4180 7f40 | 000f 854f | 1f00 004c 
  0x00000254d882c524: 8b94 2490 | 0000 0041 | 897a 10c7 | 4510 0800 | 0000 4c8b | d54c 8b9c | 2490 0000 | 004d 33d3 
  0x00000254d882c544: 49c1 ea14 | 4d85 d274 | 1a49 c1eb | 0948 b900 | 00ff df54 | 0200 0049 | 03cb 8039 | 020f 8576 
  0x00000254d882c564: 2200 0049 | 8baf b801 | 0000 4c8b | d549 83c2 | 304d 3b97 | c801 0000 | 0f83 6a2e | 0000 4d89 
  0x00000254d882c584: 97b8 0100 | 0041 0f0d | 8a00 0100 | 0048 c745 | 0001 0000 

  0x00000254d882c598: ;   {metadata('java/util/Hashtable')}
  0x00000254d882c598: 00c7 4508 | b8d3 0000 | 4489 650c | 4c89 6510 | 4c89 6518 | 4c89 6520 | 4c89 6528 

  0x00000254d882c5b4: ;   {section_word}
  0x00000254d882c5b4: c5fa 1005 | c4de ffff | 4c8b 5424 | 604c 8954 | 2448 6690 

  0x00000254d882c5c8: ;   {static_call}
  0x00000254d882c5c8: c5f8 77e8 

  0x00000254d882c5cc: ; ImmutableOopMap {rbp=Oop [32]=Oop [40]=Oop [48]=NarrowOop [64]=Oop [72]=Oop [88]=NarrowOop [96]=Oop [104]=Oop [120]=Oop [128]=Oop [136]=Oop [144]=Oop [200]=Oop }
                      ;*invokestatic isNaN {reexecute=0 rethrow=0 return_oop=0}
                      ; - java.util.Hashtable::<init>@47
                      ; - java.util.Hashtable::<init>@4
                      ; - java.util.jar.JarVerifier::<init>@63
                      ; - java.util.jar.JarFile::getManifestFromReference@78
                      ; - java.util.jar.JarFile::getManifest@1
                      ; - jdk.internal.loader.URLClassPath$JarLoader$2::getManifest@22
                      ; - java.net.URLClassLoader::defineClass@34
                      ; - java.net.URLClassLoader$1::run@43
                      ; - java.net.URLClassLoader$1::run@1
                      ; - java.security.AccessController::executePrivileged@29
                      ; - java.security.AccessController::doPrivileged@13
                      ; - java.net.URLClassLoader::findClass@13
  0x00000254d882c5cc: b02a 7fff 

  0x00000254d882c5d0: ;   {other}
  0x00000254d882c5d0: 0f1f 8400 | 402b 0025 | 85c0 0f85 | 5041 0000 | c745 1400 | 0040 3f4d | 8b97 b801 | 0000 4d8b 
  0x00000254d882c5f0: da49 83c3 | 404d 3b9f | c801 0000 | 0f83 072f | 0000 4d89 | 9fb8 0100 | 0041 0f0d | 8b00 0100 
  0x00000254d882c610: 0049 c702 | 0100 0000 | 410f 0d8b | 4001 0000 

  0x00000254d882c620: ;   {metadata('java/util/Hashtable$Entry'[])}
  0x00000254d882c620: 41c7 4208 | a87f 1300 | 410f 0d8b | 8001 0000 | 41c7 420c | 0b00 0000 | 4d89 6210 | 4d89 6218 
  0x00000254d882c640: 4d89 6220 | 4d89 6228 | 4d89 6230 | 4d89 6238 | 4180 7f40 | 000f 85c1 | 1f00 004d | 8bc2 4489 
  0x00000254d882c660: 451c 4c8b | 9c24 9000 | 0000 4d8b | c344 8944 | 245c 488b | fd4c 8bdd | 4d33 d349 | c1ea 144d 
  0x00000254d882c680: 85d2 741a | 49c1 eb09 | 48b9 0000 | ffdf 5402 | 0000 4903 | cb80 3902 | 0f85 cd23 | 0000 4180 
  0x00000254d882c6a0: 7f40 000f | 85fb 1e00 | 004c 8b94 | 2490 0000 | 0041 897a | 18c7 4510 | 0800 0000 | 4c8b d54c 
  0x00000254d882c6c0: 8b9c 2490 | 0000 004d | 33d3 49c1 | ea14 4d85 | d274 1a49 | c1eb 0948 | b900 00ff | df54 0200 
  0x00000254d882c6e0: 0049 03cb | 8039 020f | 852d 2300 | 004d 8b97 | b801 0000 | 4d8b da49 | 83c3 184d | 3b9f c801 
  0x00000254d882c700: 0000 0f83 | 542e 0000 | 4d89 9fb8 | 0100 0041 | 0f0d 8b00 | 0100 0049 | c702 0100 

  0x00000254d882c71c: ;   {metadata('java/util/ArrayList')}
  0x00000254d882c71c: 0000 41c7 | 4208 d089 | 0b00 4589 | 620c 4589 

  0x00000254d882c72c: ;   {oop(a 'java/lang/Object'[0] {0x000000008076d2a8})}
  0x00000254d882c72c: 6210 41c7 | 4214 a8d2 | 7680 4180 | 7f40 000f | 859e 1e00 | 004d 8bda | 4c8b 8424 | 9000 0000 
  0x00000254d882c74c: 4589 581c | 4d8b d84d | 33d3 49c1 | ea14 4d85 | d274 1a49 | c1eb 0948 | b900 00ff | df54 0200 
  0x00000254d882c76c: 0049 03cb | 8039 020f | 8543 2300 | 004d 8b9f | b801 0000 | 4d8b d349 | 83c2 184d | 3b97 c801 
  0x00000254d882c78c: 0000 0f83 | a02d 0000 | 4d89 97b8 | 0100 0041 | 0f0d 8a00 | 0100 0049 | c703 0100 

  0x00000254d882c7a8: ;   {metadata('java/io/ByteArrayOutputStream')}
  0x00000254d882c7a8: 0000 41c7 | 4308 a000 | 2200 4589 | 630c 4d89 | 6310 498b | eb49 8b87 | b801 0000 | 4c8b d049 
  0x00000254d882c7c8: 83c2 304d | 3b97 c801 | 0000 0f83 | 012d 0000 | 4d89 97b8 | 0100 0041 | 0f0d 8a00 | 0100 0048 
  0x00000254d882c7e8: c700 0100 | 0000 410f | 0d8a 4001 

  0x00000254d882c7f4: ;   {metadata({type array byte})}
  0x00000254d882c7f4: 0000 c740 | 0818 2300 | 0041 0f0d | 8a80 0100 | 00c7 400c | 2000 0000 | 4c89 6010 | 4c89 6018 
  0x00000254d882c814: 4c89 6020 | 4c89 6028 | 488b fd4c | 8bd0 4c8b | dd45 8953 | 104c 8bd0 | 4d33 d349 | c1ea 144d 
  0x00000254d882c834: 85d2 741a | 49c1 eb09 | 48b9 0000 | ffdf 5402 | 0000 4903 | cb80 3902 | 0f85 7721 | 0000 4180 
  0x00000254d882c854: 7f40 000f | 858d 1c00 | 004c 8b94 | 2490 0000 | 0041 897a | 244c 8bd5 | 4c8b 9c24 | 9000 0000 
  0x00000254d882c874: 4d33 d349 | c1ea 144d | 85d2 741a | 49c1 eb09 | 48b9 0000 | ffdf 5402 | 0000 4903 | cb80 3902 
  0x00000254d882c894: 0f85 3620 | 0000 4d8b | 97b8 0100 | 004d 8bda | 4983 c318 | 4d3b 9fc8 | 0100 000f | 8387 2b00 
  0x00000254d882c8b4: 004d 899f | b801 0000 | 410f 0d8b | 0001 0000 | 49c7 0201 

  0x00000254d882c8c8: ;   {metadata('java/util/ArrayList')}
  0x00000254d882c8c8: 0000 0041 | c742 08d0 | 890b 0045 | 8962 0c45 

  0x00000254d882c8d8: ;   {oop(a 'java/lang/Object'[0] {0x000000008076d2a8})}
  0x00000254d882c8d8: 8962 1041 | c742 14a8 | d276 8041 | 807f 4000 | 0f85 bf1b | 0000 4d8b | da4c 8b84 | 2490 0000 
  0x00000254d882c8f8: 0045 8958 | 344d 8bd8 | 4d33 d349 | c1ea 144d | 85d2 741a | 49c1 eb09 | 48b9 0000 | ffdf 5402 
  0x00000254d882c918: 0000 4903 | cb80 3902 | 0f85 591f | 0000 4d8b | 97b8 0100 | 004d 8bda | 4983 c330 | 4d3b 9fc8 
  0x00000254d882c938: 0100 000f | 8348 2b00 | 004d 899f | b801 0000 | 410f 0d8b | 0001 0000 | 49c7 0201 

  0x00000254d882c954: ;   {metadata('java/util/HashMap')}
  0x00000254d882c954: 0000 0041 | c742 0868 | a908 0045 | 8962 0c4d | 8962 104d | 8962 184d | 8962 2849 | c742 2000 
  0x00000254d882c974: 0040 3f41 | 807f 4000 | 0f85 e41b | 0000 498b | da4c 8b94 | 2490 0000 | 004c 8bdb | 4c8b 8424 
  0x00000254d882c994: 9000 0000 | 4589 5838 | 4c8b db4d | 33da 49c1 | eb14 4d85 | db74 1a49 | c1ea 0948 | b900 00ff 
  0x00000254d882c9b4: df54 0200 | 0049 03ca | 8039 020f | 855c 1f00 | 0041 807f | 4000 0f85 | 551b 0000 | 4c8b 8424 
  0x00000254d882c9d4: 8800 0000 | 448b 5c24 | 5c45 8958 | 304c 8b94 | 2490 0000 | 004d 8bd8 | 4d33 d349 | c1ea 144d 
  0x00000254d882c9f4: 85d2 741a | 49c1 eb09 | 48b9 0000 | ffdf 5402 | 0000 4903 | cb80 3902 | 0f85 601f | 0000 498b 
  0x00000254d882ca14: 87b8 0100 | 004c 8bd0 | 4983 c218 | 4d3b 97c8 | 0100 000f | 8383 2a00 | 004d 8997 | b801 0000 
  0x00000254d882ca34: 410f 0d8a | 0001 0000 | 48c7 0001 

  0x00000254d882ca40: ;   {metadata('java/util/jar/Manifest')}
  0x00000254d882ca40: 0000 00c7 | 4008 a0e1 | 0400 4489 | 600c 4c89 | 6010 4c89 | 4424 504c | 8bd0 4c89 | 9424 8800 
  0x00000254d882ca60: 0000 4c8b | 5424 5045 | 8b52 3044 | 8954 245c | 498b 87b8 | 0100 004c | 8bd0 4983 | c220 448b 
  0x00000254d882ca80: 5c24 5c4c | 895c 2448 | 4d3b 97c8 | 0100 000f | 83cf 2900 | 004d 8997 | b801 0000 | 410f 0d8a 
  0x00000254d882caa0: 0001 0000 | 48c7 0001 

  0x00000254d882caa8: ;   {metadata('java/io/ByteArrayInputStream')}
  0x00000254d882caa8: 0000 00c7 | 4008 a023 | 0500 4489 | 600c 4c89 | 6010 4c89 | 6018 4c8b | d044 8b44 | 2430 4589 
  0x00000254d882cac8: 4218 4c8b | 9c24 8000 | 0000 458b | 430c 4589 | 4214 4c89 | 5424 304c | 8b54 2450 | 458b 5a14 
  0x00000254d882cae8: 4489 9c24 | 8000 0000 | 498b afb8 | 0100 004c | 8bd5 4983 | c210 4d3b | 97c8 0100 | 000f 8379 
  0x00000254d882cb08: 2a00 004d | 8997 b801 | 0000 410f | 0d8a 0001 | 0000 48c7 | 4500 0100 

  0x00000254d882cb20: ;   {metadata('java/util/jar/Attributes')}
  0x00000254d882cb20: 0000 c745 | 0840 8816 | 0044 8965 | 0cba 1000 | 0000 6690 

  0x00000254d882cb34: ;   {static_call}
  0x00000254d882cb34: c5f8 77e8 

  0x00000254d882cb38: ; ImmutableOopMap {rbp=Oop [32]=Oop [40]=Oop [48]=Oop [64]=Oop [72]=Oop [80]=Oop [88]=NarrowOop [92]=NarrowOop [96]=Oop [104]=Oop [120]=Oop [128]=NarrowOop [136]=Oop [200]=Oop }
                      ;*invokestatic newLinkedHashMap {reexecute=0 rethrow=0 return_oop=1}
                      ; - java.util.jar.Attributes::<init>@6
                      ; - java.util.jar.Attributes::<init>@3
                      ; - java.util.jar.Manifest::<init>@9
                      ; - java.util.jar.JarFile::getManifestFromReference@121
                      ; - java.util.jar.JarFile::getManifest@1
                      ; - jdk.internal.loader.URLClassPath$JarLoader$2::getManifest@22
                      ; - java.net.URLClassLoader::defineClass@34
                      ; - java.net.URLClassLoader$1::run@43
                      ; - java.net.URLClassLoader$1::run@1
                      ; - java.security.AccessController::executePrivileged@29
                      ; - java.security.AccessController::doPrivileged@13
                      ; - java.net.URLClassLoader::findClass@13
  0x00000254d882cb38: 4425 7fff 

  0x00000254d882cb3c: ;   {other}
  0x00000254d882cb3c: 0f1f 8400 | ac30 0026 | 488b f841 | 807f 4000 | 0f85 ff1a | 0000 4c8b | d744 8955 | 0c4c 8bd7 
  0x00000254d882cb5c: 4c8b dd4d | 33d3 448b | 8424 8000 | 0000 4c89 | 8424 9000 | 0000 49c1 | ea14 488b | dd4d 85d2 
  0x00000254d882cb7c: 741f 4885 | ff74 1a49 | c1eb 0948 | b900 00ff | df54 0200 | 0049 03cb | 8039 020f | 85b9 2000 
  0x00000254d882cb9c: 0041 807f | 4000 0f85 | dc1a 0000 | 4c8b 9424 | 8800 0000 | 4189 5a0c | 4c8b d54c | 8b9c 2488 
  0x00000254d882cbbc: 0000 004d | 33d3 49c1 | ea14 4d85 | d274 1a49 | c1eb 0948 | b900 00ff | df54 0200 | 0049 03cb 
  0x00000254d882cbdc: 8039 020f | 8579 1f00 | 004d 8b97 | b801 0000 | 4d8b da49 | 83c3 304d | 3b9f c801 | 0000 0f83 
  0x00000254d882cbfc: ac29 0000 | 4d89 9fb8 | 0100 0041 | 0f0d 8b00 | 0100 004d | 8bda 49c7 | 0301 0000 

  0x00000254d882cc18: ;   {metadata('java/util/HashMap')}
  0x00000254d882cc18: 0041 c743 | 0868 a908 | 0045 8963 | 0c4d 8963 | 104d 8963 | 184d 8963 | 2849 c743 | 2000 0040 
  0x00000254d882cc38: 3f41 807f | 4000 0f85 | 7b1a 0000 | 4c8b 8424 | 8800 0000 | 4d8b d34d | 8bd8 498b | e84d 8bca 
  0x00000254d882cc58: 4589 4810 | 4d33 d349 | c1ea 144d | 85d2 741a | 49c1 eb09 | 48b9 0000 | ffdf 5402 | 0000 4903 
  0x00000254d882cc78: cb80 3902 | 0f85 8b1e | 0000 488b | d54c 8b44 | 2430 4c8b | 8c24 9000 | 0000 4c8b | 5424 604c 
  0x00000254d882cc98: 8954 2430 

  0x00000254d882cc9c: ;   {optimized virtual_call}
  0x00000254d882cc9c: c5f8 77e8 

  0x00000254d882cca0: ; ImmutableOopMap {rbp=Oop [32]=Oop [40]=Oop [48]=Oop [64]=Oop [72]=Oop [80]=Oop [88]=NarrowOop [92]=NarrowOop [96]=Oop [104]=Oop [120]=Oop [200]=Oop }
                      ;*invokevirtual read {reexecute=0 rethrow=0 return_oop=0}
                      ; - java.util.jar.Manifest::<init>@29
                      ; - java.util.jar.JarFile::getManifestFromReference@121
                      ; - java.util.jar.JarFile::getManifest@1
                      ; - jdk.internal.loader.URLClassPath$JarLoader$2::getManifest@22
                      ; - java.net.URLClassLoader::defineClass@34
                      ; - java.net.URLClassLoader$1::run@43
                      ; - java.net.URLClassLoader$1::run@1
                      ; - java.security.AccessController::executePrivileged@29
                      ; - java.security.AccessController::doPrivileged@13
                      ; - java.net.URLClassLoader::findClass@13
  0x00000254d882cca0: dc1d 7fff 

  0x00000254d882cca4: ;   {other}
  0x00000254d882cca4: 0f1f 8400 | 1432 0027 | 4180 7f40 | 000f 854e | 1a00 004c | 8bc5 8b4c | 245c 4189 | 4814 4c8b 
  0x00000254d882ccc4: 5424 484d | 8bd8 4d33 | d349 c1ea | 144d 85d2 | 741e 85c9 | 741a 49c1 | eb09 48b9 | 0000 ffdf 
  0x00000254d882cce4: 5402 0000 | 4903 cb80 | 3902 0f85 | b31f 0000 | 498b e84d | 8b87 b801 | 0000 4d8b | d049 83c2 
  0x00000254d882cd04: 284d 3b97 | c801 0000 | 0f83 9025 | 0000 4d89 | 97b8 0100 | 0041 0f0d | 8a00 0100 | 0049 c700 
  0x00000254d882cd24: 0100 0000 

  0x00000254d882cd28: ;   {metadata('java/lang/ref/SoftReference')}
  0x00000254d882cd28: 41c7 4008 | 90df 0300 | 4589 600c | 4d89 6010 | 4d89 6018 | 4d89 6020 | 4c8b dd45 | 8958 0c41 
  0x00000254d882cd48: 807f 4000 | 0f85 6d14 

  0x00000254d882cd50: ;   {oop(a 'java/lang/ref/ReferenceQueue$Null'{0x0000000080738620})}
  0x00000254d882cd50: 0000 41c7 | 4010 2086 | 7380 4d8b | d049 8bd8 

  0x00000254d882cd60: ;   {oop(a 'java/lang/ref/ReferenceQueue$Null'{0x0000000080738620})}
  0x00000254d882cd60: 49bb 2086 | 7380 0000 | 0000 4d33 | da49 c1eb | 144d 85db | 741a 49c1 | ea09 48b9 | 0000 ffdf 
  0x00000254d882cd80: 5402 0000 | 4903 ca80 | 3902 0f85 | 6214 0000 | f083 4424 | c000 4180 | 7f40 000f | 85d8 1300 
  0x00000254d882cda0: 004c 8b4c | 2450 4189 

  0x00000254d882cda8: ;   {oop(a 'java/lang/Class'{0x0000000080726ae8} = 'java/lang/ref/SoftReference')}
  0x00000254d882cda8: 5928 49ba | e86a 7280 | 0000 0000 | 4d8b 5270 | 4d89 5020 | 4d8b d04d | 8bd9 4d33 | d349 c1ea 
  0x00000254d882cdc8: 144d 85d2 | 7416 49c1 | eb09 4c8b | 4424 384d | 03c3 4180 | 3802 0f85 | 5e14 0000 | 4c8b 6c24 
  0x00000254d882cde8: 4044 8b5c | 2458 4489 | 9c24 8800 | 0000 4c8b | 5c24 204c | 8b44 2478 | 4c89 8424 | 8000 0000 
  0x00000254d882ce08: 4889 ac24 | a800 0000 | 498b f3e9 | 27e5 ffff | 448b d3e9 | 9fe0 ffff | 33ed e9cf | d7ff ff4c 
  0x00000254d882ce28: 8947 20e9 | f8e4 ffff | 33db e9dc | d6ff ff4c | 895c 2430 | 4489 4424 | 504c 8b94 | 2480 0000 
  0x00000254d882ce48: 004c 8954 | 2478 4889 | 7424 2044 | 8b94 2488 | 0000 0044 | 8954 2458 | 4c89 6c24 | 4049 8bd3 
  0x00000254d882ce68: 41b8 0100 | 0000 488b | 6c24 6090 

  0x00000254d882ce74: ;   {optimized virtual_call}
  0x00000254d882ce74: c5f8 77e8 

  0x00000254d882ce78: ; ImmutableOopMap {rbp=Oop [32]=Oop [40]=Oop [48]=Oop [64]=Oop [80]=NarrowOop [88]=NarrowOop [96]=Oop [104]=Oop [120]=Oop [200]=Oop }
                      ;*invokevirtual getManifestName {reexecute=0 rethrow=0 return_oop=1}
                      ; - java.util.zip.ZipFile$1::getManifestName@2
                      ; - java.util.jar.JarFile::maybeInstantiateVerifier@20
                      ; - java.util.jar.JarFile::ensureInitialization@1
                      ; - java.util.jar.JavaUtilJarAccessImpl::ensureInitialization@1
                      ; - jdk.internal.loader.URLClassPath$JarLoader$2::getManifest@10
                      ; - java.net.URLClassLoader::defineClass@34
                      ; - java.net.URLClassLoader$1::run@43
                      ; - java.net.URLClassLoader$1::run@1
                      ; - java.security.AccessController::executePrivileged@29
                      ; - java.security.AccessController::doPrivileged@13
                      ; - java.net.URLClassLoader::findClass@13
  0x00000254d882ce78: 041c 7fff 

  0x00000254d882ce7c: ;   {other}
  0x00000254d882ce7c: 0f1f 8400 | ec33 0028 | 4885 c00f | 851b 4600 | 0044 8b44 | 2450 4588 | 6012 418b | 6830 85ed 
  0x00000254d882ce9c: 0f85 6246 | 0000 4c8b | 6c24 4044 | 8b5c 2458 | 4489 9c24 | 8800 0000 | 4c8b 5c24 | 784c 899c 
  0x00000254d882cebc: 2480 0000 | 004c 8b5c | 2430 488b | 7424 20e9 | 5ee3 ffff | 33ed 4c89 | 4c24 38e9 | bfdd ffff 
  0x00000254d882cedc: ;   {metadata('jdk/internal/loader/URLClassPath$FileLoader')}
  0x00000254d882cedc: 4181 f890 | 6657 010f | 857b 4500 | 0044 8954 | 2440 4c89 | 4c24 384c | 8bd0 4c89 | 5424 5849 
  0x00000254d882cefc: 8b87 b801 | 0000 4c8b | d049 83c2 | 404d 3b97 | c801 0000 | 0f83 fa28 | 0000 4d89 | 97b8 0100 
  0x00000254d882cf1c: 0041 0f0d | 8a00 0100 | 0048 c700 | 0100 0000 

  0x00000254d882cf2c: ;   {metadata('java/net/URL')}
  0x00000254d882cf2c: c740 0880 | a901 0044 | 8960 0c4c | 8960 104c | 8960 184c | 8960 204c | 8960 284c | 8960 304c 
  0x00000254d882cf4c: 8960 384c | 8bd0 4c89 | 5424 704c | 8b54 2458 | 418b 6a0c | 488b 5424 | 5045 33c0 

  0x00000254d882cf68: ;   {static_call}
  0x00000254d882cf68: c5f8 77e8 

  0x00000254d882cf6c: ; ImmutableOopMap {rbp=NarrowOop [32]=Oop [40]=Oop [48]=NarrowOop [80]=Oop [88]=Oop [96]=Oop [104]=Oop [112]=Oop }
                      ;*invokestatic encodePath {reexecute=0 rethrow=0 return_oop=1}
                      ; - jdk.internal.loader.URLClassPath$FileLoader::getResource@10
                      ; - jdk.internal.loader.URLClassPath::getResource@53
                      ; - java.net.URLClassLoader$1::run@26
                      ; - java.net.URLClassLoader$1::run@1
                      ; - java.security.AccessController::executePrivileged@29
                      ; - java.security.AccessController::doPrivileged@13
                      ; - java.net.URLClassLoader::findClass@13
  0x00000254d882cf6c: 70c2 3ff8 

  0x00000254d882cf70: ;   {other}
  0x00000254d882cf70: 0f1f 8400 | e034 0029 | 4c8b c548 | 8b54 2470 | 4c8b c833 | ff48 8b6c | 2460 6690 

  0x00000254d882cf8c: ;   {optimized virtual_call}
  0x00000254d882cf8c: c5f8 77e8 

  0x00000254d882cf90: ; ImmutableOopMap {rbp=Oop [32]=Oop [40]=Oop [48]=NarrowOop [80]=Oop [88]=Oop [96]=Oop [104]=Oop [112]=Oop }
                      ;*invokespecial <init> {reexecute=0 rethrow=0 return_oop=0}
                      ; - java.net.URL::<init>@4
                      ; - jdk.internal.loader.URLClassPath$FileLoader::getResource@13
                      ; - jdk.internal.loader.URLClassPath::getResource@53
                      ; - java.net.URLClassLoader$1::run@26
                      ; - java.net.URLClassLoader$1::run@1
                      ; - java.security.AccessController::executePrivileged@29
                      ; - java.security.AccessController::doPrivileged@13
                      ; - java.net.URLClassLoader::findClass@13
  0x00000254d882cf90: 2cf4 38f8 

  0x00000254d882cf94: ;   {other}
  0x00000254d882cf94: 0f1f 8400 | 0435 002a | 4c8b 5424 | 5845 8b42 | 184c 8b54 | 2470 458b | 5a1c 458b | d341 8b68 
  0x00000254d882cfb4: 1c45 85db | 0f84 7344 | 0000 4c8b | c549 8bd3 | 488b 6c24 | 6066 6690 

  0x00000254d882cfcc: ;   {optimized virtual_call}
  0x00000254d882cfcc: c5f8 77e8 

  0x00000254d882cfd0: ; ImmutableOopMap {rbp=Oop [32]=Oop [40]=Oop [48]=NarrowOop [80]=Oop [88]=Oop [96]=Oop [104]=Oop [112]=Oop }
                      ;*invokevirtual startsWith {reexecute=0 rethrow=0 return_oop=0}
                      ; - jdk.internal.loader.URLClassPath$FileLoader::getResource@31
                      ; - jdk.internal.loader.URLClassPath::getResource@53
                      ; - java.net.URLClassLoader$1::run@26
                      ; - java.net.URLClassLoader$1::run@1
                      ; - java.security.AccessController::executePrivileged@29
                      ; - java.security.AccessController::doPrivileged@13
                      ; - java.net.URLClassLoader::findClass@13
  0x00000254d882cfd0: 8c46 f8ff 

  0x00000254d882cfd4: ;   {other}
  0x00000254d882cfd4: 0f1f 8400 | 4435 002b | 85c0 0f84 | 0f07 0000 

  0x00000254d882cfe4: ;   {oop(".."{0x00000000806ccd68})}
  0x00000254d882cfe4: 49b8 68cd | 6c80 0000 | 0000 488b | 5424 5090 

  0x00000254d882cff4: ;   {optimized virtual_call}
  0x00000254d882cff4: c5f8 77e8 

  0x00000254d882cff8: ; ImmutableOopMap {rbp=Oop [32]=Oop [40]=Oop [48]=NarrowOop [80]=Oop [88]=Oop [96]=Oop [104]=Oop [112]=Oop }
                      ;*invokevirtual contains {reexecute=0 rethrow=0 return_oop=0}
                      ; - jdk.internal.loader.URLClassPath$FileLoader::getResource@50
                      ; - jdk.internal.loader.URLClassPath::getResource@53
                      ; - java.net.URLClassLoader$1::run@26
                      ; - java.net.URLClassLoader$1::run@1
                      ; - java.security.AccessController::executePrivileged@29
                      ; - java.security.AccessController::doPrivileged@13
                      ; - java.net.URLClassLoader::findClass@13
  0x00000254d882cff8: 8463 b5f8 

  0x00000254d882cffc: ;   {other}
  0x00000254d882cffc: 0f1f 8400 | 6c35 002c | 4c8b 5424 | 5845 8b52 | 1444 8954 | 2478 85c0 | 0f84 e006 | 0000 498b 
  0x00000254d882d01c: 87b8 0100 | 004c 8bd0 | 4983 c220 | 4d3b 97c8 | 0100 000f | 8340 2900 | 004d 8997 | b801 0000 
  0x00000254d882d03c: 410f 0d8a | 0001 0000 | 48c7 0001 

  0x00000254d882d048: ;   {metadata('java/io/File')}
  0x00000254d882d048: 0000 00c7 | 4008 10f6 | 0400 4489 | 600c 4c89 | 6010 4c89 | 6018 4c8b | d04c 8994 | 2480 0000 
  0x00000254d882d068: 0048 8b54 | 2450 41b8 | 2f00 0000 | 41b9 5c00 | 0000 6690 

  0x00000254d882d07c: ;   {optimized virtual_call}
  0x00000254d882d07c: c5f8 77e8 

  0x00000254d882d080: ; ImmutableOopMap {rbp=Oop [32]=Oop [40]=Oop [48]=NarrowOop [80]=Oop [88]=Oop [96]=Oop [104]=Oop [112]=Oop [120]=NarrowOop [128]=Oop }
                      ;*invokevirtual replace {reexecute=0 rethrow=0 return_oop=1}
                      ; - jdk.internal.loader.URLClassPath$FileLoader::getResource@70
                      ; - jdk.internal.loader.URLClassPath::getResource@53
                      ; - java.net.URLClassLoader$1::run@26
                      ; - java.net.URLClassLoader$1::run@1
                      ; - java.security.AccessController::executePrivileged@29
                      ; - java.security.AccessController::doPrivileged@13
                      ; - java.net.URLClassLoader::findClass@13
  0x00000254d882d080: fc19 7fff 

  0x00000254d882d084: ;   {other}
  0x00000254d882d084: 0f1f 8400 | f435 002d | 4889 8424 | 8800 0000 | 4180 7f40 | 000f 85cf | 2000 004c | 8b94 2480 
  0x00000254d882d0a4: 0000 0045 | 8962 144c | 8b94 2488 | 0000 0045 | 8b52 1444 | 8b5c 2478 

  0x00000254d882d0bc: ; implicit exception: dispatches to 0x00000254d8832bbc
  0x00000254d882d0bc: 458b 4310 | 4489 4424 | 7845 8b40 | 1445 8b58 | 0c45 85db | 0f86 b644 | 0000 458b | 520c 4c8b 
  0x00000254d882d0dc: 9c24 8800 | 0000 450f 

  0x00000254d882d0e4: ;   {oop(a 'java/io/WinNTFileSystem'{0x0000000080744400})}
  0x00000254d882d0e4: be43 1049 | bb00 4474 | 8000 0000 | 0045 0fb7 | 5b0c 4489 | 5c24 7cc4 | 423a f7da | 4489 9c24 
  0x00000254d882d104: 9000 0000 | 4585 db0f | 8e2f 0e00 

  0x00000254d882d110: ;   {oop(a 'java/io/WinNTFileSystem'{0x0000000080744400})}
  0x00000254d882d110: 0049 ba00 | 4474 8000 | 0000 0045 | 0fb7 520e | 4489 9424 | 9400 0000 | 41bb 0300 | 0000 4533 
  0x00000254d882d130: d245 33c0 | 4489 9c24 | b000 0000 | 4489 9424 | ac00 0000 | 4489 8424 | a800 0000 | eb35 6690 
  0x00000254d882d150: 4183 f83a | 0f84 af04 | 0000 448b | 9424 ac00 | 0000 41ff | c244 8994 | 24ac 0000 | 0044 3b94 
  0x00000254d882d170: 2490 0000 | 000f 8d19 | 0100 0044 | 8984 24a8 | 0000 004c | 8b94 2488 | 0000 0045 | 8b52 144c 
  0x00000254d882d190: 8b9c 2488 | 0000 0041 | 807b 1000 | 0f85 4626 | 0000 418b | 6a0c 448b | 8424 ac00 | 0000 443b 
  0x00000254d882d1b0: c50f 836d | 2c00 0047 | 0fb6 4402 | 1044 3b84 | 2494 0000 | 000f 847a | 1100 0044 | 3b44 247c 
  0x00000254d882d1d0: 0f85 7aff | ffff 448b | 9424 a800 | 0000 443b | 5424 7c0f | 8567 ffff | ffba 45ff | ffff 488b 
  0x00000254d882d1f0: 6c24 604c | 8b54 2428 | 4c89 5424 | 2044 8b5c | 2430 4489 | 5c24 2844 | 8b54 2440 | 4489 5424 
  0x00000254d882d210: ;   {no_reloc}
  0x00000254d882d210: 2c4c 8b54 | 2450 4c89 | 5424 384c | 8b54 2468 | 4c89 5424 | 484c 8b54 | 2458 4c89 | 5424 504c 
  0x00000254d882d230: 8b54 2470 | 4c89 5424 | 584c 8b94 | 2480 0000 | 004c 8954 | 2468 4c89 | 5424 704c | 8b94 2488 
  0x00000254d882d250: 0000 004c | 8994 2480 | 0000 0044 | 8b94 2490 | 0000 0044 | 8994 2488 | 0000 0044 | 8b94 2494 
  0x00000254d882d270: 0000 0044 | 8994 248c | 0000 0044 | 8984 2494 | 0000 0090 

  0x00000254d882d284: ;   {runtime_call UncommonTrapBlob}
  0x00000254d882d284: c5f8 77e8 

  0x00000254d882d288: ; ImmutableOopMap {rbp=Oop [32]=Oop [40]=NarrowOop [56]=Oop [72]=Oop [80]=Oop [88]=Oop [104]=Oop [112]=Oop [120]=NarrowOop [128]=Oop }
                      ;*if_icmpne {reexecute=1 rethrow=0 return_oop=0}
                      ; - (reexecute) java.io.WinNTFileSystem::normalize@74
                      ; - java.io.File::<init>@73
                      ; - jdk.internal.loader.URLClassPath$FileLoader::getResource@73
                      ; - jdk.internal.loader.URLClassPath::getResource@53
                      ; - java.net.URLClassLoader$1::run@26
                      ; - java.net.URLClassLoader$1::run@1
                      ; - java.security.AccessController::executePrivileged@29
                      ; - java.security.AccessController::doPrivileged@13
                      ; - java.net.URLClassLoader::findClass@13
  0x00000254d882d288: f470 7fff 

  0x00000254d882d28c: ;   {other}
  0x00000254d882d28c: 0f1f 8400 | fc37 002e | 458b d044 | 3b54 247c | 0f84 3223 | 0000 4c8b | 8c24 8800 | 0000 448b 
  0x00000254d882d2ac: 5c24 784d 

  0x00000254d882d2b0: ;   {oop(a 'java/io/WinNTFileSystem'{0x0000000080744400})}
  0x00000254d882d2b0: 8bc3 48ba | 0044 7480 | 0000 0000 | 488b 6c24 | 6066 6690 

  0x00000254d882d2c4: ;   {optimized virtual_call}
  0x00000254d882d2c4: c5f8 77e8 

  0x00000254d882d2c8: ; ImmutableOopMap {rbp=Oop [32]=Oop [40]=Oop [48]=NarrowOop [80]=Oop [88]=Oop [96]=Oop [104]=Oop [112]=Oop [128]=Oop }
                      ;*invokevirtual resolve {reexecute=0 rethrow=0 return_oop=1}
                      ; - java.io.File::<init>@76
                      ; - jdk.internal.loader.URLClassPath$FileLoader::getResource@73
                      ; - jdk.internal.loader.URLClassPath::getResource@53
                      ; - java.net.URLClassLoader$1::run@26
                      ; - java.net.URLClassLoader$1::run@1
                      ; - java.security.AccessController::executePrivileged@29
                      ; - java.security.AccessController::doPrivileged@13
                      ; - java.net.URLClassLoader::findClass@13
  0x00000254d882d2c8: b417 7fff 

  0x00000254d882d2cc: ;   {other}
  0x00000254d882d2cc: 0f1f 8400 | 3c38 002f | 4889 4424 | 7841 807f | 4000 0f85 | 1c1f 0000 | 4c8b 5424 | 784c 8b9c 
  0x00000254d882d2ec: 2480 0000 | 0045 8953 | 104d 8bd3 | 4c8b 5c24 | 784d 33da | 49c1 eb14 | 4d85 db0f | 849c 1e00 
  0x00000254d882d30c: 004c 8b5c | 2478 4d85 | db0f 849c | 1e00 0049 | c1ea 0948 | b900 00ff | df54 0200 | 0049 03ca 
  0x00000254d882d32c: 8039 020f | 8506 1f00 | 004c 8b54 | 2478 458b | 5214 458b | ca45 8b5a | 0c45 8bc3 | 4c8b 5424 
  0x00000254d882d34c: 7845 0fbe | 5a10 c442 | 22f7 d044 | 8994 2488 | 0000 0045 | 85d2 0f84 | 0445 0000 

  0x00000254d882d368: ;   {oop(a 'java/io/WinNTFileSystem'{0x0000000080744400})}
  0x00000254d882d368: 49ba 0044 | 7480 0000 | 0000 410f | b74a 0c89 | 8c24 8c00 | 0000 4585 | db0f 8518 | 3800 0045 
  0x00000254d882d388: 85c0 0f86 | 5c42 0000 | 450f b651 | 1044 8994 | 2490 0000 | 0044 8b94 | 2488 0000 | 0041 83fa 
  0x00000254d882d3a8: 010f 8ebb | 2500 004c | 8b54 2478 | 458b 5214 | 458b c24c | 8b54 2478 | 4180 7a10 | 000f 85f9 
  0x00000254d882d3c8: 3700 0041 | 8b68 0c83 | fd01 0f86 | 9842 0000 | 458b d045 | 0fb6 5a11 | 458b cb44 | 8b94 2490 
  0x00000254d882d3e8: 0000 0044 | 3b94 248c | 0000 000f | 84db 4400 | 0044 8b9c | 2490 0000 | 0041 83c3 | 9f41 83fb 
  0x00000254d882d408: 1a0f 8295 | 0000 0041 | 83fa 410f | 8c0b 1f00 | 0041 83fa | 5a0f 8e81 | 0000 00ba | 45ff ffff 
  0x00000254d882d428: 488b 6c24 | 604c 8b54 | 2428 4c89 | 5424 2044 | 8b5c 2430 | 4489 5c24 | 2844 8b54 | 2440 4489 
  0x00000254d882d448: 5424 2c4c | 8b54 2450 | 4c89 5424 | 384c 8b54 | 2468 4c89 | 5424 484c | 8b54 2458 

  0x00000254d882d464: ;   {no_reloc}
  0x00000254d882d464: 4c89 5424 | 504c 8b54 | 2470 4c89 | 5424 584c | 8b94 2480 | 0000 004c | 8954 2468 | 4c8b 5424 
  0x00000254d882d484: 784c 8954 | 2470 4489 | 8c24 8000 | 0000 6690 

  0x00000254d882d494: ;   {runtime_call UncommonTrapBlob}
  0x00000254d882d494: c5f8 77e8 

  0x00000254d882d498: ; ImmutableOopMap {rbp=Oop [32]=Oop [40]=NarrowOop [56]=Oop [72]=Oop [80]=Oop [88]=Oop [104]=Oop [112]=Oop }
                      ;*if_icmpgt {reexecute=1 rethrow=0 return_oop=0}
                      ; - (reexecute) java.io.WinNTFileSystem::isLetter@21
                      ; - java.io.WinNTFileSystem::prefixLength@58
                      ; - java.io.File::<init>@104
                      ; - jdk.internal.loader.URLClassPath$FileLoader::getResource@73
                      ; - jdk.internal.loader.URLClassPath::getResource@53
                      ; - java.net.URLClassLoader$1::run@26
                      ; - java.net.URLClassLoader$1::run@1
                      ; - java.security.AccessController::executePrivileged@29
                      ; - java.security.AccessController::doPrivileged@13
                      ; - java.net.URLClassLoader::findClass@13
  0x00000254d882d498: e46e 7fff 

  0x00000254d882d49c: ;   {other}
  0x00000254d882d49c: 0f1f 8400 | 0c3a 0030 | 4183 f93a | 0f85 761e | 0000 448b | 9424 8800 | 0000 4183 | fa02 0f8e 
  0x00000254d882d4bc: c842 0000 | 4c8b 5424 | 7845 0fbe | 5210 4c8b | 5c24 7845 | 8b43 1445 | 85d2 0f85 | 0c37 0000 
  0x00000254d882d4dc: ; implicit exception: dispatches to 0x00000254d8832adc
  0x00000254d882d4dc: 418b 680c | 83fd 020f | 8603 4200 | 0045 0fb6 | 5012 443b | 9424 8c00 | 0000 0f85 | fc42 0000 
  0x00000254d882d4fc: 448b 9c24 | b000 0000 | 4c8b 9424 | 8000 0000 | 4589 5a0c | 498b d248 | 8b6c 2460 

  0x00000254d882d518: ;   {optimized virtual_call}
  0x00000254d882d518: c5f8 77e8 

  0x00000254d882d51c: ; ImmutableOopMap {rbp=Oop [32]=Oop [40]=Oop [48]=NarrowOop [80]=Oop [88]=Oop [96]=Oop [104]=Oop [112]=Oop }
                      ;*invokevirtual getCanonicalFile {reexecute=0 rethrow=0 return_oop=1}
                      ; - jdk.internal.loader.URLClassPath$FileLoader::getResource@76
                      ; - jdk.internal.loader.URLClassPath::getResource@53
                      ; - java.net.URLClassLoader$1::run@26
                      ; - java.net.URLClassLoader$1::run@1
                      ; - java.security.AccessController::executePrivileged@29
                      ; - java.security.AccessController::doPrivileged@13
                      ; - java.net.URLClassLoader::findClass@13
  0x00000254d882d51c: 6015 7fff 

  0x00000254d882d520: ;   {other}
  0x00000254d882d520: 0f1f 8400 | 903a 0031 

  0x00000254d882d528: ; implicit exception: dispatches to 0x00000254d88329ec
  0x00000254d882d528: 448b 5010 | 4889 4424 | 784c 8b5c | 2458 458b | 4314 418b | 6810 4585 | d20f 8405 | 4000 004c 
  0x00000254d882d548: 8bc5 498b | d248 8b6c | 2460 6690 

  0x00000254d882d554: ;   {optimized virtual_call}
  0x00000254d882d554: c5f8 77e8 

  0x00000254d882d558: ; ImmutableOopMap {rbp=Oop [32]=Oop [40]=Oop [48]=NarrowOop [80]=Oop [88]=Oop [96]=Oop [104]=Oop [112]=Oop [120]=Oop }
                      ;*invokevirtual startsWith {reexecute=0 rethrow=0 return_oop=0}
                      ; - jdk.internal.loader.URLClassPath$FileLoader::getResource@93
                      ; - jdk.internal.loader.URLClassPath::getResource@53
                      ; - java.net.URLClassLoader$1::run@26
                      ; - java.net.URLClassLoader$1::run@1
                      ; - java.security.AccessController::executePrivileged@29
                      ; - java.security.AccessController::doPrivileged@13
                      ; - java.net.URLClassLoader::findClass@13
  0x00000254d882d558: 2415 7fff 

  0x00000254d882d55c: ;   {other}
  0x00000254d882d55c: 0f1f 8400 | cc3a 0032 | 85c0 0f84 | 8701 0000 | 488b 5424 | 7848 8b6c | 2460 6690 

  0x00000254d882d578: ;   {optimized virtual_call}
  0x00000254d882d578: c5f8 77e8 

  0x00000254d882d57c: ; ImmutableOopMap {rbp=Oop [32]=Oop [40]=Oop [48]=NarrowOop [80]=Oop [88]=Oop [96]=Oop [104]=Oop [112]=Oop [120]=Oop }
                      ;*invokevirtual exists {reexecute=0 rethrow=0 return_oop=0}
                      ; - jdk.internal.loader.URLClassPath$FileLoader::getResource@125
                      ; - jdk.internal.loader.URLClassPath::getResource@53
                      ; - java.net.URLClassLoader$1::run@26
                      ; - java.net.URLClassLoader$1::run@1
                      ; - java.security.AccessController::executePrivileged@29
                      ; - java.security.AccessController::doPrivileged@13
                      ; - java.net.URLClassLoader::findClass@13
  0x00000254d882d57c: a0b8 45f8 

  0x00000254d882d580: ;   {other}
  0x00000254d882d580: 0f1f 8400 | f03a 0033 | 85c0 0f84 | 6301 0000 | 498b 87b8 | 0100 004c | 8bd0 4983 | c220 4d3b 
  0x00000254d882d5a0: 97c8 0100 | 000f 83b5 | 2600 004d | 8997 b801 | 0000 410f | 0d8a 0001 | 0000 48c7 | 0001 0000 
  0x00000254d882d5c0: ;   {metadata('jdk/internal/loader/URLClassPath$FileLoader$1')}
  0x00000254d882d5c0: 00c7 4008 | 0869 5701 | 4489 600c | 4c89 6010 | 4c89 6018 | 4c8b 5424 | 504d 8bda | 4489 5810 
  0x00000254d882d5e0: 4c8b 5424 | 584d 8bda | 4489 581c | 4c8b 5424 | 704d 8bda | 4489 5814 | 4c8b 5424 | 784d 8bda 
  0x00000254d882d600: 4489 5818 | e957 d5ff | ff44 8b9c | 24ac 0000 | 0041 83fb 

  0x00000254d882d614: ;   {oop(a 'java/io/WinNTFileSystem'{0x0000000080744400})}
  0x00000254d882d614: 017e 3948 | ba00 4474 | 8000 0000 | 004c 8b84 | 2488 0000 | 0044 8b8c | 2490 0000 | 0033 ff48 
  0x00000254d882d634: 8b6c 2460 

  0x00000254d882d638: ;   {optimized virtual_call}
  0x00000254d882d638: c5f8 77e8 

  0x00000254d882d63c: ; ImmutableOopMap {rbp=Oop [32]=Oop [40]=Oop [48]=NarrowOop [80]=Oop [88]=Oop [96]=Oop [104]=Oop [112]=Oop [120]=NarrowOop [128]=Oop }
                      ;*invokevirtual normalize {reexecute=0 rethrow=0 return_oop=1}
                      ; - java.io.WinNTFileSystem::normalize@111
                      ; - java.io.File::<init>@73
                      ; - jdk.internal.loader.URLClassPath$FileLoader::getResource@73
                      ; - jdk.internal.loader.URLClassPath::getResource@53
                      ; - java.net.URLClassLoader$1::run@26
                      ; - java.net.URLClassLoader$1::run@1
                      ; - java.security.AccessController::executePrivileged@29
                      ; - java.security.AccessController::doPrivileged@13
                      ; - java.net.URLClassLoader::findClass@13
  0x00000254d882d63c: 4014 7fff 

  0x00000254d882d640: ;   {other}
  0x00000254d882d640: 0f1f 8400 | b03b 0034 | 4c8b c8e9 | 5afc ffff | 41ba 3a00 | 0000 458b | c2e9 fcfa 

  0x00000254d882d65c: ;   {metadata('jdk/internal/loader/URLClassPath$FileLoader$1')}
  0x00000254d882d65c: ffff 81fb | 0869 5701 | 0f85 5a43 | 0000 498b | dd8b 7b1c 

  0x00000254d882d670: ; implicit exception: dispatches to 0x00000254d8832c34
  0x00000254d882d670: 8b57 0c89 | 9424 8800 | 0000 e966 | d8ff ff48 | 8b6c 2438 | 6690 c5f8 | 7748 b808 | 6957 8154 
  0x00000254d882d690: ;   {virtual_call}
  0x00000254d882d690: 0200 00e8 

  0x00000254d882d694: ; ImmutableOopMap {rbp=Oop [32]=Oop [40]=Oop [48]=Oop [64]=Oop [96]=Oop [104]=Oop [136]=NarrowOop }
                      ;*invokevirtual getBytes {reexecute=0 rethrow=0 return_oop=1}
                      ; - java.net.URLClassLoader::defineClass@179
                      ; - java.net.URLClassLoader$1::run@43
                      ; - java.net.URLClassLoader$1::run@1
                      ; - java.security.AccessController::executePrivileged@29
                      ; - java.security.AccessController::doPrivileged@13
                      ; - java.net.URLClassLoader::findClass@13
  0x00000254d882d694: 28f8 2bf8 

  0x00000254d882d698: ;   {other}
  0x00000254d882d698: 0f1f 8400 | 083c 0035 | 4889 4424 | 58e9 8be4 

  0x00000254d882d6a8: ;   {metadata('jdk/internal/loader/URLClassPath$FileLoader$1')}
  0x00000254d882d6a8: ffff 4181 | fa08 6957 | 010f 854d | 4300 0033 | ede9 b2e4 | ffff 4889 | 7424 20e9 | 0de4 ffff 
  0x00000254d882d6c8: 4c8b d044 | 8b40 0849 | bb00 0000 | 8054 0200 | 004d 03d8 | 4d8b 5b40 

  0x00000254d882d6e0: ;   {metadata('java/lang/Exception')}
  0x00000254d882d6e0: 49b8 20c0 | 0080 5402 | 0000 4d3b | d80f 8506 | 3700 0033 | c0e9 66d4 | ffff 498b | 87b8 0100 
  0x00000254d882d700: 004c 8bd0 | 4983 c220 | 4d3b 97c8 | 0100 000f | 83fe 2c00 | 004d 8997 | b801 0000 | 410f 0d8a 
  0x00000254d882d720: 0001 0000 | 48c7 0001 

  0x00000254d882d728: ;   {metadata('java/io/File')}
  0x00000254d882d728: 0000 00c7 | 4008 10f6 | 0400 4489 | 600c 4c89 | 6010 4c89 | 6018 4c8b | d04c 8994 | 2480 0000 
  0x00000254d882d748: 0048 8b54 | 2450 41b8 | 2f00 0000 | 41b9 5c00 | 0000 6690 

  0x00000254d882d75c: ;   {optimized virtual_call}
  0x00000254d882d75c: c5f8 77e8 

  0x00000254d882d760: ; ImmutableOopMap {rbp=Oop [32]=Oop [40]=Oop [48]=NarrowOop [80]=Oop [88]=Oop [96]=Oop [104]=Oop [112]=Oop [120]=NarrowOop [128]=Oop }
                      ;*invokevirtual replace {reexecute=0 rethrow=0 return_oop=1}
                      ; - jdk.internal.loader.URLClassPath$FileLoader::getResource@115
                      ; - jdk.internal.loader.URLClassPath::getResource@53
                      ; - java.net.URLClassLoader$1::run@26
                      ; - java.net.URLClassLoader$1::run@1
                      ; - java.security.AccessController::executePrivileged@29
                      ; - java.security.AccessController::doPrivileged@13
                      ; - java.net.URLClassLoader::findClass@13
  0x00000254d882d760: 9cbc dfff 

  0x00000254d882d764: ;   {other}
  0x00000254d882d764: 0f1f 8400 | d43c 0036 | 4889 8424 | 8800 0000 | 4180 7f40 | 000f 85b6 | 2000 004c | 8b94 2480 
  0x00000254d882d784: 0000 0045 | 8962 144c | 8b94 2488 | 0000 0045 | 8b52 1444 | 8b5c 2478 

  0x00000254d882d79c: ; implicit exception: dispatches to 0x00000254d8832f34
  0x00000254d882d79c: 458b 4310 | 4489 4424 | 7845 8b40 | 1445 8b58 | 0c45 85db | 0f86 7e42 | 0000 458b | 520c 4c8b 
  0x00000254d882d7bc: 9c24 8800 | 0000 450f 

  0x00000254d882d7c4: ;   {oop(a 'java/io/WinNTFileSystem'{0x0000000080744400})}
  0x00000254d882d7c4: be43 1049 | bb00 4474 | 8000 0000 | 0045 0fb7 | 5b0c 4489 | 5c24 7cc4 | 423a f7da | 4489 9c24 
  0x00000254d882d7e4: 9000 0000 | 4585 db0f | 8e67 1900 

  0x00000254d882d7f0: ;   {oop(a 'java/io/WinNTFileSystem'{0x0000000080744400})}
  0x00000254d882d7f0: 0049 ba00 | 4474 8000 | 0000 0045 | 0fb7 520e | 4489 9424 | 9400 0000 | 41ba 0300 | 0000 4533 
  0x00000254d882d810: c045 33c9 | 4489 9424 | b000 0000 | 4489 8424 | ac00 0000 | 4489 8c24 | a800 0000 | eb35 6690 
  0x00000254d882d830: 4183 f93a | 0f84 d504 | 0000 448b | 9c24 ac00 | 0000 41ff | c344 899c | 24ac 0000 | 0044 3b9c 
  0x00000254d882d850: 2490 0000 | 000f 8d19 | 0100 0044 | 898c 24a8 | 0000 004c | 8b94 2488 | 0000 0045 | 8b5a 1445 
  0x00000254d882d870: 8bc3 4180 | 7a10 000f | 85df 2a00 | 0041 8b6b | 0c44 8b94 | 24ac 0000 | 0044 3bd5 | 0f83 2e2d 
  0x00000254d882d890: 0000 470f | b654 1310 | 458b ca44 | 3b8c 2494 | 0000 000f | 8427 1a00 | 0044 3b4c | 247c 0f85 
  0x00000254d882d8b0: 7cff ffff | 448b 9424 | a800 0000 | 443b 5424 | 7c0f 8569 | ffff ffba | 45ff ffff | 488b 6c24 
  0x00000254d882d8d0: 604c 8b54 | 2428 4c89 | 5424 2044 | 8b54 2430 | 4489 5424 | 284c 8b54 | 2450 448b | 5c24 4044 
  0x00000254d882d8f0: ;   {no_reloc}
  0x00000254d882d8f0: 895c 242c | 4c89 5424 | 384c 8b54 | 2468 4c89 | 5424 484c | 8b54 2458 | 4c89 5424 | 504c 8b54 
  0x00000254d882d910: 2470 4c89 | 5424 584c | 8b94 2480 | 0000 004c | 8954 2468 | 4c89 5424 | 704c 8b94 | 2488 0000 
  0x00000254d882d930: 004c 8994 | 2480 0000 | 0044 8b9c | 2490 0000 | 0044 899c | 2488 0000 | 0044 8b94 | 2494 0000 
  0x00000254d882d950: 0044 8994 | 248c 0000 | 0044 898c | 2494 0000 | 0066 6690 

  0x00000254d882d964: ;   {runtime_call UncommonTrapBlob}
  0x00000254d882d964: c5f8 77e8 

  0x00000254d882d968: ; ImmutableOopMap {rbp=Oop [32]=Oop [40]=NarrowOop [56]=Oop [72]=Oop [80]=Oop [88]=Oop [104]=Oop [112]=Oop [120]=NarrowOop [128]=Oop }
                      ;*if_icmpne {reexecute=1 rethrow=0 return_oop=0}
                      ; - (reexecute) java.io.WinNTFileSystem::normalize@74
                      ; - java.io.File::<init>@73
                      ; - jdk.internal.loader.URLClassPath$FileLoader::getResource@118
                      ; - jdk.internal.loader.URLClassPath::getResource@53
                      ; - java.net.URLClassLoader$1::run@26
                      ; - java.net.URLClassLoader$1::run@1
                      ; - java.security.AccessController::executePrivileged@29
                      ; - java.security.AccessController::doPrivileged@13
                      ; - java.net.URLClassLoader::findClass@13
  0x00000254d882d968: 146a 7fff 

  0x00000254d882d96c: ;   {other}
  0x00000254d882d96c: 0f1f 8400 | dc3e 0037 | 458b c144 | 3b44 247c | 0f84 f625 | 0000 4c8b | 8c24 8800 | 0000 448b 
  0x00000254d882d98c: 5424 784d 

  0x00000254d882d990: ;   {oop(a 'java/io/WinNTFileSystem'{0x0000000080744400})}
  0x00000254d882d990: 8bc2 48ba | 0044 7480 | 0000 0000 | 488b 6c24 | 6066 6690 

  0x00000254d882d9a4: ;   {optimized virtual_call}
  0x00000254d882d9a4: c5f8 77e8 

  0x00000254d882d9a8: ; ImmutableOopMap {rbp=Oop [32]=Oop [40]=Oop [48]=NarrowOop [80]=Oop [88]=Oop [96]=Oop [104]=Oop [112]=Oop [128]=Oop }
                      ;*invokevirtual resolve {reexecute=0 rethrow=0 return_oop=1}
                      ; - java.io.File::<init>@76
                      ; - jdk.internal.loader.URLClassPath$FileLoader::getResource@118
                      ; - jdk.internal.loader.URLClassPath::getResource@53
                      ; - java.net.URLClassLoader$1::run@26
                      ; - java.net.URLClassLoader$1::run@1
                      ; - java.security.AccessController::executePrivileged@29
                      ; - java.security.AccessController::doPrivileged@13
                      ; - java.net.URLClassLoader::findClass@13
  0x00000254d882d9a8: 34de 98f8 

  0x00000254d882d9ac: ;   {other}
  0x00000254d882d9ac: 0f1f 8400 | 1c3f 0038 | 4889 4424 | 7841 807f | 4000 0f85 | 041f 0000 | 4c8b 5424 | 784c 8b9c 
  0x00000254d882d9cc: 2480 0000 | 0045 8953 | 104d 8bd3 | 4c8b 5c24 | 784d 33da | 49c1 eb14 | 4d85 db0f | 8483 1e00 
  0x00000254d882d9ec: 004c 8b5c | 2478 4d85 | db0f 8483 | 1e00 0049 | c1ea 0948 | b900 00ff | df54 0200 | 0049 03ca 
  0x00000254d882da0c: 8039 020f | 85ee 1e00 | 004c 8b54 | 2478 458b | 5214 458b | ca45 8b5a | 0c45 8bc3 | 4c8b 5424 
  0x00000254d882da2c: 7845 0fbe | 5a10 c442 | 22f7 d044 | 8994 2488 | 0000 0045 | 85d2 0f84 | cc42 0000 

  0x00000254d882da48: ;   {oop(a 'java/io/WinNTFileSystem'{0x0000000080744400})}
  0x00000254d882da48: 49ba 0044 | 7480 0000 | 0000 410f | b74a 0c89 | 8c24 8c00 | 0000 4585 | db0f 85ed | 3e00 0045 
  0x00000254d882da68: 8bd8 4585 | db0f 8621 | 4000 0045 | 8bd1 450f | b652 1044 | 8994 2490 | 0000 0044 | 8b9c 2488 
  0x00000254d882da88: 0000 0041 | 83fb 010f | 8e73 2900 | 004c 8b54 | 2478 458b | 5214 458b | c24c 8b54 | 2478 4180 
  0x00000254d882daa8: 7a10 000f | 85c7 3e00 | 0045 8bd0 

  0x00000254d882dab4: ; implicit exception: dispatches to 0x00000254d8832dd8
  0x00000254d882dab4: 418b 6a0c | 83fd 010f | 8657 4000 | 0045 0fb6 | 5a11 458b | cb44 8b9c | 2490 0000 | 0044 3b9c 
  0x00000254d882dad4: 248c 0000 | 000f 849d | 4200 0041 | 83c3 9f41 | 83fb 1a0f | 829b 0000 | 0044 8b94 | 2490 0000 
  0x00000254d882daf4: 0041 83fa | 410f 8c5d | 2200 0041 | 83fa 5a0f | 8e7f 0000 | 00ba 45ff | ffff 488b | 6c24 604c 
  0x00000254d882db14: 8b54 2428 | 4c89 5424 | 2044 8b54 | 2430 4489 | 5424 284c | 8b54 2450 | 448b 5c24 | 4044 895c 
  0x00000254d882db34: 242c 4c89 | 5424 384c | 8b54 2468 | 4c89 5424 

  0x00000254d882db44: ;   {no_reloc}
  0x00000254d882db44: 484c 8b54 | 2458 4c89 | 5424 504c | 8b54 2470 | 4c89 5424 | 584c 8b94 | 2480 0000 | 004c 8954 
  0x00000254d882db64: 2468 4c8b | 5424 784c | 8954 2470 | 4489 8c24 | 8000 0000 

  0x00000254d882db78: ;   {runtime_call UncommonTrapBlob}
  0x00000254d882db78: c5f8 77e8 

  0x00000254d882db7c: ; ImmutableOopMap {rbp=Oop [32]=Oop [40]=NarrowOop [56]=Oop [72]=Oop [80]=Oop [88]=Oop [104]=Oop [112]=Oop }
                      ;*if_icmpgt {reexecute=1 rethrow=0 return_oop=0}
                      ; - (reexecute) java.io.WinNTFileSystem::isLetter@21
                      ; - java.io.WinNTFileSystem::prefixLength@58
                      ; - java.io.File::<init>@104
                      ; - jdk.internal.loader.URLClassPath$FileLoader::getResource@118
                      ; - jdk.internal.loader.URLClassPath::getResource@53
                      ; - java.net.URLClassLoader$1::run@26
                      ; - java.net.URLClassLoader$1::run@1
                      ; - java.security.AccessController::executePrivileged@29
                      ; - java.security.AccessController::doPrivileged@13
                      ; - java.net.URLClassLoader::findClass@13
  0x00000254d882db7c: 0068 7fff 

  0x00000254d882db80: ;   {other}
  0x00000254d882db80: 0f1f 8400 | f040 0039 | 4183 f93a | 0f85 ca21 | 0000 448b | 9c24 8800 | 0000 4183 | fb02 0f8e 
  0x00000254d882dba0: 8c40 0000 | 4c8b 5424 | 7845 0fbe | 5210 4c8b | 5c24 7845 | 8b43 1445 | 85d2 0f85 | dc3d 0000 
  0x00000254d882dbc0: ; implicit exception: dispatches to 0x00000254d8832e24
  0x00000254d882dbc0: 418b 680c | 83fd 020f | 86c7 3f00 | 0045 0fb6 | 5012 443b | 9424 8c00 | 0000 0f85 | c040 0000 
  0x00000254d882dbe0: 448b 8424 | b000 0000 | 4c8b 9424 | 8000 0000 | 4589 420c | 4c89 5424 | 78e9 6ef9 | ffff 4c89 
  0x00000254d882dc00: 5c24 4848 | 8974 2420 | 4c89 6c24 | 404c 894c | 2468 498b | d14d 8bc3 | 4533 c933 | ff33 f633 
  0x00000254d882dc20: c945 33d2 | 4c89 1424 | 4c89 5424 | 084c 8954 | 2410 4c8b | 5424 604c | 8954 2430 

  0x00000254d882dc3c: ;   {optimized virtual_call}
  0x00000254d882dc3c: c5f8 77e8 

  0x00000254d882dc40: ; ImmutableOopMap {[32]=Oop [40]=Oop [48]=Oop [64]=Oop [72]=Oop [96]=Oop [104]=Oop [128]=Oop [136]=NarrowOop }
                      ;*invokevirtual definePackage {reexecute=0 rethrow=0 return_oop=1}
                      ; - java.net.URLClassLoader::defineClass@81
                      ; - java.net.URLClassLoader$1::run@43
                      ; - java.net.URLClassLoader$1::run@1
                      ; - java.security.AccessController::executePrivileged@29
                      ; - java.security.AccessController::doPrivileged@13
                      ; - java.net.URLClassLoader::findClass@13
  0x00000254d882dc40: 3c0e 7fff 

  0x00000254d882dc44: ;   {other}
  0x00000254d882dc44: 0f1f 8400 | b441 003a | e97f deff | ff85 ed0f | 84b1 d6ff | ff4d 8b57 | 2848 8bcd | 4d85 d20f 
  0x00000254d882dc64: 841f 2400 | 004d 8b47 | 384b 894c | 10f8 4983 | c2f8 4d89 | 5728 e98b | d6ff ff44 | 8b53 1445 
  0x00000254d882dc84: 85d2 0f84 | 85d4 ffff | 4d8b 5f28 | 498b ca4d | 85db 0f84 | e024 0000 | 4d8b 5738 | 4b89 4c1a 
  0x00000254d882dca4: f849 83c3 | f84d 895f | 28e9 5fd4 | ffff 4d8b | 5758 4d8b | 5f48 f083 | 4424 c000 | 8039 000f 
  0x00000254d882dcc4: 847b d4ff | ff44 8821 | 4d85 db75 | 2c4c 8bf3 | 488b ee49 | 8bd7 c5f8 | 7749 ba00 | a472 b8fc 
  0x00000254d882dce4: 7f00 0041 

  0x00000254d882dce8: ;   {other}
  0x00000254d882dce8: ffd2 0f1f | 8400 0000 | 0000 498b | de48 8bf5 | e947 d4ff | ff4b 894c | 1af8 4983 | c3f8 4d89 
  0x00000254d882dd08: 5f48 e935 | d4ff ff44 | 8b94 24ac | 0000 0041 | 83fa 017e 

  0x00000254d882dd1c: ;   {oop(a 'java/io/WinNTFileSystem'{0x0000000080744400})}
  0x00000254d882dd1c: 3b48 ba00 | 4474 8000 | 0000 004c | 8b84 2488 | 0000 0044 | 8b8c 2490 | 0000 0033 | ff48 8b6c 
  0x00000254d882dd3c: 2460 6690 

  0x00000254d882dd40: ;   {optimized virtual_call}
  0x00000254d882dd40: c5f8 77e8 

  0x00000254d882dd44: ; ImmutableOopMap {rbp=Oop [32]=Oop [40]=Oop [48]=NarrowOop [80]=Oop [88]=Oop [96]=Oop [104]=Oop [112]=Oop [120]=NarrowOop [128]=Oop }
                      ;*invokevirtual normalize {reexecute=0 rethrow=0 return_oop=1}
                      ; - java.io.WinNTFileSystem::normalize@111
                      ; - java.io.File::<init>@73
                      ; - jdk.internal.loader.URLClassPath$FileLoader::getResource@118
                      ; - jdk.internal.loader.URLClassPath::getResource@53
                      ; - java.net.URLClassLoader$1::run@26
                      ; - java.net.URLClassLoader$1::run@1
                      ; - java.security.AccessController::executePrivileged@29
                      ; - java.security.AccessController::doPrivileged@13
                      ; - java.net.URLClassLoader::findClass@13
  0x00000254d882dd44: 380d 7fff 

  0x00000254d882dd48: ;   {other}
  0x00000254d882dd48: 0f1f 8400 | b842 003b | 4c8b c8e9 | 32fc ffff | 41bb 3a00 | 0000 458b | cbe9 d4fa | ffff 4c8b 
  0x00000254d882dd68: 6c24 4044 | 8b5c 2458 | 4489 9c24 | 8800 0000 | 4c8b 5424 | 204c 8b5c | 2478 4c89 | 9c24 8000 
  0x00000254d882dd88: 0000 4533 | db49 8bf2 | 4c89 9c24 | a800 0000 | e9a2 d5ff | ff4c 8bcf | 4889 5c24 | 4048 8974 
  0x00000254d882dda8: 2430 4c63 | c54d 8d50 | 1049 8bca | 4883 e1f8 | 498b fe48 | 03f9 49c1 | ea03 4d2b | da49 8bcb 
  0x00000254d882ddc8: 4833 c048 | 83f9 087f | 1048 ffc9 | 784f 4889 | 04cf 48ff | c97d f7eb | 44c5 fdef | c0e9 0d00 
  0x00000254d882dde8: 0000 c5fe | 7f07 c5fe | 7f47 2048 | 83c7 4048 | 83e9 087d | ed48 83c1 | 047c 0cc5 | fe7f 0748 
  0x00000254d882de08: 83c7 2048 | 83e9 0448 | 83c1 047e | 1048 ffc9 | c5f9 d607 | 4883 c708 | 48ff c97d | f349 8bc9 
  0x00000254d882de28: c5f8 7749 | bac0 4400 | d854 0200 | 0041 ffd2 

  0x00000254d882de38: ;   {other}
  0x00000254d882de38: 0f1f 8400 | 0000 0000 | 488b 5c24 | 4048 8b74 | 2430 e9b7 | d2ff ff33 | c0e9 0fd5 | ffff 33c0 
  0x00000254d882de58: e90a d8ff | ff89 6c24 | 4448 8974 | 2448 4489 | 4c24 4044 | 8944 243c | 894c 2438 | 4c89 5c24 
  0x00000254d882de78: 304c 8954 | 2428 4889 | 5c24 204c | 896c 2460 | 488b 6c24 

  0x00000254d882de8c: ;   {metadata({type array byte})}
  0x00000254d882de8c: 6848 ba18 | 2300 8054 | 0200 0044 | 8b44 2444 | 4889 4424 | 5866 6690 

  0x00000254d882dea4: ;   {runtime_call _new_array_Java}
  0x00000254d882dea4: c5f8 77e8 

  0x00000254d882dea8: ; ImmutableOopMap {rbp=Oop [32]=Oop [40]=Oop [48]=Oop [96]=Oop [104]=Oop }
                      ;*invokevirtual allocateUninitializedArray0 {reexecute=0 rethrow=0 return_oop=1}
                      ; - jdk.internal.misc.Unsafe::allocateUninitializedArray@51
                      ; - java.lang.StringConcatHelper::newArray@33
                      ; - java.lang.StringConcatHelper::simpleConcat@61
                      ; - java.lang.String::concat@11
                      ; - java.net.URLClassLoader$1::run@13
                      ; - java.net.URLClassLoader$1::run@1
                      ; - java.security.AccessController::executePrivileged@29
                      ; - java.security.AccessController::doPrivileged@13
                      ; - java.net.URLClassLoader::findClass@13
  0x00000254d882dea8: 54da 81ff 

  0x00000254d882deac: ;   {other}
  0x00000254d882deac: 0f1f 8400 | 1c44 003c | 4c8b 6c24 | 6048 8b5c | 2420 4c8b | 5424 284c | 8b5c 2430 | 8b4c 2438 
  0x00000254d882decc: 448b 4424 | 3c44 8b4c | 2440 488b | 7424 488b | 6c24 4448 | 8bf8 e99b | caff ff48 | 897c 2428 
  0x00000254d882deec: 4889 5c24 | 204c 896c | 2460 488b 

  0x00000254d882def8: ;   {metadata('java/lang/String')}
  0x00000254d882def8: 6c24 6848 | ba78 e800 | 8054 0200 | 004c 896c | 2438 6690 

  0x00000254d882df0c: ;   {runtime_call _new_instance_Java}
  0x00000254d882df0c: c5f8 77e8 

  0x00000254d882df10: ; ImmutableOopMap {rbp=Oop [32]=Oop [40]=Oop [56]=Oop [96]=Oop [104]=Oop }
                      ;*new {reexecute=0 rethrow=0 return_oop=1}
                      ; - java.lang.StringConcatHelper::newString@6
                      ; - java.lang.StringConcatHelper::simpleConcat@90
                      ; - java.lang.String::concat@11
                      ; - java.net.URLClassLoader$1::run@13
                      ; - java.net.URLClassLoader$1::run@1
                      ; - java.security.AccessController::executePrivileged@29
                      ; - java.security.AccessController::doPrivileged@13
                      ; - java.net.URLClassLoader::findClass@13
  0x00000254d882df10: ecdc 81ff 

  0x00000254d882df14: ;   {other}
  0x00000254d882df14: 0f1f 8400 | 8444 003d | 4c8b 6c24 | 3848 8b5c | 2420 488b | 7c24 28e9 | 06cb ffff | 488b f2e9 
  0x00000254d882df34: d7d8 ffff | 488b f2e9 | 7bd4 ffff | 41bb 0300 | 0000 4533 | d244 899c | 24b0 0000 | 00e9 41f3 
  0x00000254d882df54: ffff 4c89 | 5c24 4844 | 8954 2440 

  0x00000254d882df60: ;   {metadata('jdk/internal/loader/URLClassPath$JarLoader$1')}
  0x00000254d882df60: 498b e948 | ba40 2e21 | 8054 0200 | 0066 6690 

  0x00000254d882df70: ;   {runtime_call _new_instance_Java}
  0x00000254d882df70: c5f8 77e8 

  0x00000254d882df74: ; ImmutableOopMap {[32]=Oop [40]=Oop [48]=NarrowOop [72]=Oop [80]=Oop [96]=Oop [104]=Oop }
                      ;*new {reexecute=0 rethrow=0 return_oop=1}
                      ; - jdk.internal.loader.URLClassPath$JarLoader::ensureOpen@7
                      ; - jdk.internal.loader.URLClassPath$JarLoader::getResource@1
                      ; - jdk.internal.loader.URLClassPath::getResource@53
                      ; - java.net.URLClassLoader$1::run@26
                      ; - java.net.URLClassLoader$1::run@1
                      ; - java.security.AccessController::executePrivileged@29
                      ; - java.security.AccessController::doPrivileged@13
                      ; - java.net.URLClassLoader::findClass@13
  0x00000254d882df74: 88dc 81ff 

  0x00000254d882df78: ;   {other}
  0x00000254d882df78: 0f1f 8400 | e844 003e | 4c8b cd44 | 8b54 2440 | 4c8b 5c24 | 48e9 bdcc 

  0x00000254d882df90: ;   {metadata('java/lang/ClassNotFoundException')}
  0x00000254d882df90: ffff 48ba | 8893 0680 | 5402 0000 | 488b 6c24 | 6066 6690 

  0x00000254d882dfa4: ;   {runtime_call _new_instance_Java}
  0x00000254d882dfa4: c5f8 77e8 

  0x00000254d882dfa8: ; ImmutableOopMap {rbp=Oop [96]=Oop }
                      ;*new {reexecute=0 rethrow=0 return_oop=1}
                      ; - java.net.URLClassLoader::findClass@36
  0x00000254d882dfa8: 54dc 81ff 

  0x00000254d882dfac: ;   {other}
  0x00000254d882dfac: 0f1f 8400 | 1c45 003f | e92c ccff 

  0x00000254d882dfb8: ;   {oop(""{0x000000008076c270})}
  0x00000254d882dfb8: ff48 bb70 | c276 8000 | 0000 00e9 | 80d1 ffff | 4889 7424 | 4089 4c24 | 3c44 894c | 2438 4489 
  0x00000254d882dfd8: 4424 3444 | 895c 2430 | 4889 5c24 | 284c 896c | 2460 4c8b | 5424 684c | 8954 2420 

  0x00000254d882dff4: ;   {metadata({type array byte})}
  0x00000254d882dff4: 48ba 1823 | 0080 5402 | 0000 4c89 | 6c24 504c | 896c 2458 

  0x00000254d882e008: ;   {runtime_call _new_array_Java}
  0x00000254d882e008: c5f8 77e8 

  0x00000254d882e00c: ; ImmutableOopMap {[32]=Oop [40]=Oop [48]=NarrowOop [64]=Oop [80]=Oop [88]=Oop [96]=Oop [104]=Oop }
                      ;*invokevirtual allocateUninitializedArray0 {reexecute=0 rethrow=0 return_oop=1}
                      ; - jdk.internal.misc.Unsafe::allocateUninitializedArray@51
                      ; - java.lang.StringConcatHelper::newArray@33
                      ; - java.lang.StringLatin1::replace@49
                      ; - java.lang.String::replace@18
                      ; - java.net.URLClassLoader$1::run@8
                      ; - java.net.URLClassLoader$1::run@1
                      ; - java.security.AccessController::executePrivileged@29
                      ; - java.security.AccessController::doPrivileged@13
                      ; - java.net.URLClassLoader::findClass@13
  0x00000254d882e00c: f0d8 81ff 

  0x00000254d882e010: ;   {other}
  0x00000254d882e010: 0f1f 8400 | 8045 0040 | 4c8b 6c24 | 5048 8b5c | 2428 448b | 5c24 3044 | 8b44 2434 | 448b 4c24 
  0x00000254d882e030: 388b 4c24 | 3c48 8b74 | 2440 4c8b | d0e9 1ec6 | ffff 4c89 | 5424 2848 | 895c 2420 | 4c89 6c24 
  0x00000254d882e050: 6048 8b6c 

  0x00000254d882e054: ;   {metadata('java/lang/String')}
  0x00000254d882e054: 2468 48ba | 78e8 0080 | 5402 0000 | 4c89 6c24 | 384c 896c | 2440 6690 

  0x00000254d882e06c: ;   {runtime_call _new_instance_Java}
  0x00000254d882e06c: c5f8 77e8 

  0x00000254d882e070: ; ImmutableOopMap {rbp=Oop [32]=Oop [40]=Oop [56]=Oop [64]=Oop [96]=Oop [104]=Oop }
                      ;*new {reexecute=0 rethrow=0 return_oop=1}
                      ; - java.lang.StringLatin1::replace@116
                      ; - java.lang.String::replace@18
                      ; - java.net.URLClassLoader$1::run@8
                      ; - java.net.URLClassLoader$1::run@1
                      ; - java.security.AccessController::executePrivileged@29
                      ; - java.security.AccessController::doPrivileged@13
                      ; - java.net.URLClassLoader::findClass@13
  0x00000254d882e070: 8cdb 81ff 

  0x00000254d882e074: ;   {other}
  0x00000254d882e074: 0f1f 8400 | e445 0041 | 4c8b 6c24 | 3848 8b5c | 2420 4c8b | 5424 284c | 8bd8 e904 | c8ff ff48 
  0x00000254d882e094: 8bf2 e974 | d7ff ff4c | 895c 2440 

  0x00000254d882e0a0: ;   {metadata('java/security/CodeSource')}
  0x00000254d882e0a0: 48ba 285c | 0080 5402 | 0000 4c8b | 5424 604c | 8954 2430 

  0x00000254d882e0b4: ;   {runtime_call _new_instance_Java}
  0x00000254d882e0b4: c5f8 77e8 

  0x00000254d882e0b8: ; ImmutableOopMap {rbp=Oop [32]=Oop [40]=Oop [48]=Oop [64]=Oop [88]=Oop [96]=Oop [104]=Oop [136]=NarrowOop }
                      ;*new {reexecute=0 rethrow=0 return_oop=1}
                      ; - java.net.URLClassLoader::defineClass@190
                      ; - java.net.URLClassLoader$1::run@43
                      ; - java.net.URLClassLoader$1::run@1
                      ; - java.security.AccessController::executePrivileged@29
                      ; - java.security.AccessController::doPrivileged@13
                      ; - java.net.URLClassLoader::findClass@13
  0x00000254d882e0b8: 44db 81ff 

  0x00000254d882e0bc: ;   {other}
  0x00000254d882e0bc: 0f1f 8400 | 2c46 0042 | e9f4 daff | ffba 66ff | ffff 488b | 6c24 604c | 8b4c 2428 | 4c89 4c24 
  0x00000254d882e0dc: 208b 4c24 | 3089 4c24 | 2844 8954 | 242c 4c89 | 5c24 3844 | 8944 2448 

  0x00000254d882e0f4: ;   {runtime_call UncommonTrapBlob}
  0x00000254d882e0f4: c5f8 77e8 

  0x00000254d882e0f8: ; ImmutableOopMap {rbp=Oop [32]=Oop [40]=NarrowOop [56]=Oop [72]=NarrowOop [80]=Oop [104]=Oop }
                      ;*invokevirtual getEntry {reexecute=0 rethrow=0 return_oop=0}
                      ; - java.util.jar.JarFile::getJarEntry@2
                      ; - jdk.internal.loader.URLClassPath$JarLoader::getResource@22
                      ; - jdk.internal.loader.URLClassPath::getResource@53
                      ; - java.net.URLClassLoader$1::run@26
                      ; - java.net.URLClassLoader$1::run@1
                      ; - java.security.AccessController::executePrivileged@29
                      ; - java.security.AccessController::doPrivileged@13
                      ; - java.net.URLClassLoader::findClass@13
  0x00000254d882e0f8: 8462 7fff 

  0x00000254d882e0fc: ;   {other}
  0x00000254d882e0fc: 0f1f 8400 | 6c46 0043 | 4889 7424 | 5089 7c24 | 4844 8954 | 2424 4889 | 4c24 3044 | 894c 2420 
  0x00000254d882e11c: 418b e84c | 896c 2440 

  0x00000254d882e124: ;   {metadata('java/lang/String')}
  0x00000254d882e124: 48ba 78e8 | 0080 5402 | 0000 4c8b | 5424 604c | 8954 2458 

  0x00000254d882e138: ;   {runtime_call _new_instance_Java}
  0x00000254d882e138: c5f8 77e8 

  0x00000254d882e13c: ; ImmutableOopMap {rbp=NarrowOop [40]=Oop [48]=Oop [64]=Oop [72]=NarrowOop [80]=Oop [88]=Oop [96]=Oop [104]=Oop }
                      ;*new {reexecute=0 rethrow=0 return_oop=1}
                      ; - java.lang.StringLatin1::newString@7
                      ; - java.lang.String::substring@41
                      ; - java.net.URLClassLoader::defineClass@28
                      ; - java.net.URLClassLoader$1::run@43
                      ; - java.net.URLClassLoader$1::run@1
                      ; - java.security.AccessController::executePrivileged@29
                      ; - java.security.AccessController::doPrivileged@13
                      ; - java.net.URLClassLoader::findClass@13
  0x00000254d882e13c: c0da 81ff 

  0x00000254d882e140: ;   {other}
  0x00000254d882e140: 0f1f 8400 | b046 0044 | 4c8b 6c24 | 4044 8bc5 | 448b 4c24 | 2048 8b4c | 2430 448b | 5424 2444 
  0x00000254d882e160: 8b5c 2448 | 4489 9c24 | 8800 0000 | 488b d848 | 8b74 2450 | e9e4 cdff | ff4c 8b4c | 2450 458b 
  0x00000254d882e180: 5128 4585 | d20f 841b | ecff ff4d | 8b5f 2849 | 8bca 4d85 | db0f 84dd | 2500 0049 | 8bf0 488b 
  0x00000254d882e1a0: 7c24 504d | 8b57 384b | 894c 1af8 | 4983 c3f8 | 4d89 5f28 | 4c8b cf4c | 8bc6 e9e7 | ebff ff45 
  0x00000254d882e1c0: 8b50 1045 | 85d2 0f84 | 86eb ffff | 4d8b 5f28 | 498b ca4d | 85db 0f84 | c425 0000 | 4d8b 5738 
  0x00000254d882e1e0: 4b89 4c1a | f849 83c3 | f84d 895f | 28e9 60eb | ffff 498b | f84d 8b57 | 484d 8b5f | 58f0 8344 
  0x00000254d882e200: 24c0 0080 | 3900 7432 | 4488 214d | 85d2 740f | 4b89 4c13 | f849 83c2 | f84d 8957 | 48eb 1b49 
  0x00000254d882e220: 8bd7 c5f8 | 7749 ba00 | a472 b8fc | 7f00 0041 

  0x00000254d882e230: ;   {other}
  0x00000254d882e230: ffd2 0f1f | 8400 0000 | 0000 4c8b | c7e9 4eeb | ffff 4d8b | 5748 4d8b | 5f58 f083 | 4424 c000 
  0x00000254d882e250: 4180 3800 | 0f84 8aeb | ffff 4588 | 204d 85d2 | 7523 498b | c849 8bd7 | c5f8 7749 | ba00 a472 
  0x00000254d882e270: b8fc 7f00 | 0041 ffd2 

  0x00000254d882e278: ;   {other}
  0x00000254d882e278: 0f1f 8400 | 0000 0000 | e95f ebff | ff4f 8944 | 13f8 4983 | c2f8 4d89 | 5748 e94d | ebff ff44 
  0x00000254d882e298: 8944 2424 | 4c8b 9424 | a800 0000 | 4c89 5424 | 504c 8b94 | 2480 0000 | 004c 8954 | 2448 48ff 
  0x00000254d882e2b8: b424 c800 | 0000 488f | 4424 3848 | 8974 2430 | 448b 9424 | 8800 0000 | 4489 5424 | 204c 896c 
  0x00000254d882e2d8: 2440 4c8b | 5424 604c | 8954 2458 

  0x00000254d882e2e4: ;   {static_call}
  0x00000254d882e2e4: c5f8 77e8 

  0x00000254d882e2e8: ; ImmutableOopMap {rbp=Oop [32]=NarrowOop [36]=NarrowOop [40]=Oop [48]=Oop [56]=Oop [64]=Oop [72]=Oop [80]=Oop [88]=Oop [96]=Oop [104]=Oop }
                      ;*invokestatic hashCode {reexecute=0 rethrow=0 return_oop=0}
                      ; - java.lang.String::hashCode@37
                      ; - java.util.concurrent.ConcurrentHashMap::get@1
                      ; - java.lang.ClassLoader::getDefinedPackage@13
                      ; - java.net.URLClassLoader::getAndVerifyPackage@2
                      ; - java.net.URLClassLoader::defineClass@46
                      ; - java.net.URLClassLoader$1::run@43
                      ; - java.net.URLClassLoader$1::run@1
                      ; - java.security.AccessController::executePrivileged@29
                      ; - java.security.AccessController::doPrivileged@13
                      ; - java.net.URLClassLoader::findClass@13
  0x00000254d882e2e8: 940d 7fff 

  0x00000254d882e2ec: ;   {other}
  0x00000254d882e2ec: 0f1f 8400 | 5c48 0045 | e9df d9ff | ff4c 8b5c | 2438 41c6 | 4311 0133 | c04c 8b4c | 2468 4c8b 
  0x00000254d882e30c: 6c24 4044 | 8b54 2420 | 4489 9424 | 8800 0000 | 4c8b 4424 | 484c 8984 | 2480 0000 | 004c 8b44 
  0x00000254d882e32c: 2450 4c89 | 8424 a800 | 0000 448b | 4424 2448 | 8b74 2430 | e920 d0ff | ff44 8b9c | 24a8 0000 
  0x00000254d882e34c: 0044 3b5c | 247c 0f84 | d40f 0000 

  0x00000254d882e358: ;   {oop(a 'java/io/WinNTFileSystem'{0x0000000080744400})}
  0x00000254d882e358: 48ba 0044 | 7480 0000 | 0000 4c8b | 8424 8800 | 0000 448b | 8c24 9000 | 0000 8bbc | 24ac 0000 
  0x00000254d882e378: 0048 8b6c | 2460 6690 

  0x00000254d882e380: ;   {optimized virtual_call}
  0x00000254d882e380: c5f8 77e8 

  0x00000254d882e384: ; ImmutableOopMap {rbp=Oop [32]=Oop [40]=Oop [48]=NarrowOop [80]=Oop [88]=Oop [96]=Oop [104]=Oop [112]=Oop [120]=NarrowOop [128]=Oop }
                      ;*invokevirtual normalize {reexecute=0 rethrow=0 return_oop=1}
                      ; - java.io.WinNTFileSystem::normalize@61
                      ; - java.io.File::<init>@73
                      ; - jdk.internal.loader.URLClassPath$FileLoader::getResource@73
                      ; - jdk.internal.loader.URLClassPath::getResource@53
                      ; - java.net.URLClassLoader$1::run@26
                      ; - java.net.URLClassLoader$1::run@1
                      ; - java.security.AccessController::executePrivileged@29
                      ; - java.security.AccessController::doPrivileged@13
                      ; - java.net.URLClassLoader::findClass@13
  0x00000254d882e384: f806 7fff 

  0x00000254d882e388: ;   {other}
  0x00000254d882e388: 0f1f 8400 | f848 0046 | 4c8b c8e9 | 12ef ffff | 4c8b cb45 | 8b51 2c45 | 85d2 0f84 | 7cde ffff 
  0x00000254d882e3a8: 4d8b 5f28 | 498b ca4d | 85db 0f84 | e425 0000 | 4d8b 5738 | 4b89 4c1a | f849 83c3 | f84d 895f 
  0x00000254d882e3c8: 284c 8bcb | e953 deff | ff4c 8b94 | 2490 0000 | 0045 8b5a | 1445 85db | 0f84 c1df | ffff 4d8b 
  0x00000254d882e3e8: 5728 498b | cb4d 85d2 | 0f84 c625 | 0000 4d8b | 5f38 4b89 | 4c13 f849 | 83c2 f84d | 8957 28e9 
  0x00000254d882e408: 9bdf ffff | 448b 551c | 4585 d20f | 844d dfff | ff4d 8b5f | 2849 8bca | 4d85 db0f | 84b3 2500 
  0x00000254d882e428: 004d 8b57 | 384b 894c | 1af8 4983 | c3f8 4d89 | 5f28 e927 | dfff ff44 | 8b5d 1c45 | 85db 0f84 
  0x00000254d882e448: 96e0 ffff | 4d8b 5728 | 498b cb4d | 85d2 0f84 | a025 0000 | 4d8b 5f38 | 4b89 4c13 | f849 83c2 
  0x00000254d882e468: f84d 8957 | 28e9 70e0 | ffff 4c8b | 9424 9000 | 0000 458b | 5210 4585 | d20f 849c 

  0x00000254d882e484: ;   {no_reloc}
  0x00000254d882e484: e0ff ff4d | 8b5f 2849 | 8bca 4d85 | db0f 8485 | 2500 004d | 8b57 384b | 894c 1af8 | 4983 c3f8 
  0x00000254d882e4a4: 4d89 5f28 | e976 e0ff | ff49 8bda | 4c8b 9424 | 9000 0000 | 458b 5a34 | 4585 db74 | 214d 8b57 
  0x00000254d882e4c4: 2849 8bcb | 4d85 d20f | 848b 2500 | 004d 8b5f | 384b 894c | 13f8 4983 | c2f8 4d89 | 5728 4c8b 
  0x00000254d882e4e4: d3e9 04e4 | ffff 4c8b | 9424 9000 | 0000 458b | 5a24 4585 | db0f 845e | e3ff ff4d | 8b57 2849 
  0x00000254d882e504: 8bcb 4d85 | d20f 84ad | 2500 004d | 8b5f 384b | 894c 13f8 | 4983 c2f8 | 4d89 5728 | e938 e3ff 
  0x00000254d882e524: ff4c 8b84 | 2488 0000 | 0045 8b58 | 3045 85db | 0f84 9ee4 | ffff 498b | d84d 8b57 | 2849 8bcb 
  0x00000254d882e544: 4d85 d20f | 842f 2500 | 004d 8b5f | 384b 894c | 13f8 4983 | c2f8 4d89 | 5728 4c8b | c3e9 72e4 
  0x00000254d882e564: ffff 498b | da4c 8b94 | 2490 0000 | 0045 8b5a | 3845 85db | 0f84 07e4 | ffff 4d8b | 5728 498b 
  0x00000254d882e584: ;   {no_reloc}
  0x00000254d882e584: cb4d 85d2 | 0f84 ae24 | 0000 4d8b | 5f38 4b89 | 4c13 f849 | 83c2 f84d | 8957 28e9 | e1e3 ffff 
  0x00000254d882e5a4: 4c8b 9424 | 9000 0000 | 458b 5a18 | 4585 db0f | 84f0 e0ff | ff4d 8b57 | 2849 8bcb | 4d85 d20f 
  0x00000254d882e5c4: 8433 2500 | 004d 8b5f | 384b 894c | 13f8 4983 | c2f8 4d89 | 5728 e9ca | e0ff ff49 | 8bda 4c8b 
  0x00000254d882e5e4: 9424 9000 | 0000 458b | 5a1c 4585 | db74 214d | 8b57 2849 | 8bcb 4d85 | d20f 8499 | 2400 004d 
  0x00000254d882e604: 8b5f 384b | 894c 13f8 | 4983 c2f8 | 4d89 5728 | 4c8b d3e9 | 25e1 ffff | 498b da44 | 8b55 1c45 
  0x00000254d882e624: 85d2 7421 | 4d8b 5f28 | 498b ca4d | 85db 0f84 | a424 0000 | 4d8b 5738 | 4b89 4c1a | f849 83c3 
  0x00000254d882e644: f84d 895f | 284c 8bd3 | e90a e0ff | ff44 8b5d | 0c45 85db | 0f84 f4e4 | ffff 4d8b | 5728 498b 
  0x00000254d882e664: cb4d 85d2 | 0f84 ee24 | 0000 4d8b | 5f38 4b89 | 4c13 f849 | 83c2 f84d | 8957 28e9 | cee4 ffff 
  0x00000254d882e684: ;   {no_reloc}
  0x00000254d882e684: 4c8b 9424 | 8800 0000 | 458b 520c | 4585 d20f | 840f e5ff | ff4d 8b5f | 2849 8bca | 4d85 db0f 
  0x00000254d882e6a4: 8493 2400 | 004d 8b57 | 384b 894c | 1af8 4983 | c3f8 4d89 | 5f28 e9e9 | e4ff ff4c | 8b84 2488 
  0x00000254d882e6c4: 0000 0045 | 8b50 1045 | 85d2 742d | 498b fb49 | 8bd8 4d8b | 5f28 498b | ca4d 85db | 0f84 3624 
  0x00000254d882e6e4: 0000 4d8b | 5738 4b89 | 4c1a f849 | 83c3 f84d | 895f 284c | 8bc3 4c8b | df4d 8bd3 | e94a e5ff 
  0x00000254d882e704: ff4c 8bc5 | 458b 5014 | 4585 d20f | 84a5 e5ff | ff4d 8b5f | 2849 8bca | 4d85 db0f | 8457 2400 
  0x00000254d882e724: 004d 8b57 | 384b 894c | 1af8 4983 | c3f8 4d89 | 5f28 e97f | e5ff ff4d | 8b57 484d | 8b5f 58f0 
  0x00000254d882e744: 8344 24c0 | 0080 3900 | 0f84 99dc | ffff 4488 | 214d 85d2 | 7520 498b | d7c5 f877 | 49ba 00a4 
  0x00000254d882e764: 72b8 fc7f | 0000 41ff 

  0x00000254d882e76c: ;   {other}
  0x00000254d882e76c: d20f 1f84 | 0000 0000 | 00e9 71dc | ffff 4b89 | 4c13 f849 | 83c2 f84d | 8957 48e9 | 5fdc ffff 
  0x00000254d882e78c: 4d8b 5758 | 4d8b 5f48 | f083 4424 | c000 8039 | 000f 84f9 | dbff ff44 | 8821 4d85 | db75 2049 
  0x00000254d882e7ac: 8bd7 c5f8 | 7749 ba00 | a472 b8fc | 7f00 0041 

  0x00000254d882e7bc: ;   {other}
  0x00000254d882e7bc: ffd2 0f1f | 8400 0000 | 0000 e9d1 | dbff ff4b | 894c 1af8 | 4983 c3f8 | 4d89 5f48 | e9bf dbff 
  0x00000254d882e7dc: ff4d 8b57 | 484d 8b5f | 58f0 8344 | 24c0 0080 | 3900 0f84 | 73dd ffff | 4488 214d | 85d2 7520 
  0x00000254d882e7fc: 498b d7c5 | f877 49ba | 00a4 72b8 | fc7f 0000 

  0x00000254d882e80c: ;   {other}
  0x00000254d882e80c: 41ff d20f | 1f84 0000 | 0000 00e9 | 4bdd ffff | 4b89 4c13 | f849 83c2 | f84d 8957 | 48e9 39dd 
  0x00000254d882e82c: ffff 4d8b | 5758 4d8b | 5f48 f083 | 4424 c000 | 8039 000f | 84d3 dcff | ff44 8821 | 4d85 db75 
  0x00000254d882e84c: 2049 8bd7 | c5f8 7749 | ba00 a472 | b8fc 7f00 | 0041 ffd2 

  0x00000254d882e860: ;   {other}
  0x00000254d882e860: 0f1f 8400 | 0000 0000 | e9ab dcff | ff4b 894c | 1af8 4983 | c3f8 4d89 | 5f48 e999 | dcff ff4d 
  0x00000254d882e880: 8b57 584d | 8b5f 48f0 | 8344 24c0 | 0080 3900 | 0f84 90e0 | ffff 4488 | 214d 85db | 7520 498b 
  0x00000254d882e8a0: d7c5 f877 | 49ba 00a4 | 72b8 fc7f | 0000 41ff 

  0x00000254d882e8b0: ;   {other}
  0x00000254d882e8b0: d20f 1f84 | 0000 0000 | 00e9 68e0 | ffff 4b89 | 4c1a f849 | 83c3 f84d | 895f 48e9 | 56e0 ffff 
  0x00000254d882e8d0: 4d8b 5748 | 4d8b 5f58 | f083 4424 | c000 8039 | 000f 84b3 | dfff ff44 | 8821 4d85 | d275 2049 
  0x00000254d882e8f0: 8bd7 c5f8 | 7749 ba00 | a472 b8fc | 7f00 0041 

  0x00000254d882e900: ;   {other}
  0x00000254d882e900: ffd2 0f1f | 8400 0000 | 0000 e98b | dfff ff4b | 894c 13f8 | 4983 c2f8 | 4d89 5748 | e979 dfff 
  0x00000254d882e920: ff4d 8b57 | 484d 8b5f | 58f0 8344 | 24c0 0080 | 3900 0f84 | 8de0 ffff | 4488 214d | 85d2 7520 
  0x00000254d882e940: 498b d7c5 | f877 49ba | 00a4 72b8 | fc7f 0000 

  0x00000254d882e950: ;   {other}
  0x00000254d882e950: 41ff d20f | 1f84 0000 | 0000 00e9 | 65e0 ffff | 4b89 4c13 | f849 83c2 | f84d 8957 | 48e9 53e0 
  0x00000254d882e970: ffff 4d8b | 5748 4d8b | 5f58 f083 | 4424 c000 | 8039 000f | 8489 e0ff | ff44 8821 | 4d85 d275 
  0x00000254d882e990: 2649 8bd8 | 498b d7c5 | f877 49ba | 00a4 72b8 | fc7f 0000 

  0x00000254d882e9a4: ;   {other}
  0x00000254d882e9a4: 41ff d20f | 1f84 0000 | 0000 004c | 8bc3 e95b | e0ff ff4b | 894c 13f8 | 4983 c2f8 | 4d89 5748 
  0x00000254d882e9c4: e949 e0ff | ff4d 8b57 | 584d 8b5f | 48f0 8344 | 24c0 0080 | 3900 0f84 | 72de ffff | 4488 214d 
  0x00000254d882e9e4: 85db 7520 | 498b d7c5 | f877 49ba | 00a4 72b8 | fc7f 0000 

  0x00000254d882e9f8: ;   {other}
  0x00000254d882e9f8: 41ff d20f | 1f84 0000 | 0000 00e9 | 4ade ffff | 4b89 4c1a | f849 83c3 | f84d 895f | 48e9 38de 
  0x00000254d882ea18: ffff 4d8b | 5748 4d8b | 5f58 f083 | 4424 c000 | 8039 000f | 84bc dcff | ff44 8821 | 4d85 d275 
  0x00000254d882ea38: 2049 8bd7 | c5f8 7749 | ba00 a472 | b8fc 7f00 | 0041 ffd2 

  0x00000254d882ea4c: ;   {other}
  0x00000254d882ea4c: 0f1f 8400 | 0000 0000 | e994 dcff | ff4b 894c | 13f8 4983 | c2f8 4d89 | 5748 e982 | dcff ff4d 
  0x00000254d882ea6c: 8b57 584d | 8b5f 48f0 | 8344 24c0 | 0080 3900 | 0f84 1cdc | ffff 4488 | 214d 85db | 7520 498b 
  0x00000254d882ea8c: d7c5 f877 | 49ba 00a4 | 72b8 fc7f | 0000 41ff 

  0x00000254d882ea9c: ;   {other}
  0x00000254d882ea9c: d20f 1f84 | 0000 0000 | 00e9 f4db | ffff 4b89 | 4c1a f849 | 83c3 f84d | 895f 48e9 | e2db ffff 
  0x00000254d882eabc: 4d8b 5758 | 4d8b 5f48 | f083 4424 | c000 8039 | 000f 84a6 | dcff ff44 | 8821 4d85 | db75 2049 
  0x00000254d882eadc: 8bd7 c5f8 | 7749 ba00 | a472 b8fc | 7f00 0041 

  0x00000254d882eaec: ;   {other}
  0x00000254d882eaec: ffd2 0f1f | 8400 0000 | 0000 e97e | dcff ff4b | 894c 1af8 | 4983 c3f8 | 4d89 5f48 | e96c dcff 
  0x00000254d882eb0c: ff4d 8b57 | 484d 8b5f | 58f0 8344 | 24c0 0080 | 3900 0f84 | 5ee1 ffff | 4488 214d | 85d2 7520 
  0x00000254d882eb2c: 498b d7c5 | f877 49ba | 00a4 72b8 | fc7f 0000 

  0x00000254d882eb3c: ;   {other}
  0x00000254d882eb3c: 41ff d20f | 1f84 0000 | 0000 00e9 | 36e1 ffff | 4b89 4c13 | f849 83c2 | f84d 8957 | 48e9 24e1 
  0x00000254d882eb5c: ffff 4d8b | 5748 4d8b | 5f58 f083 | 4424 c000 | 8039 000f | 8470 e0ff | ff44 8821 | 4d85 d275 
  0x00000254d882eb7c: 2049 8bd7 | c5f8 7749 | ba00 a472 | b8fc 7f00 | 0041 ffd2 

  0x00000254d882eb90: ;   {other}
  0x00000254d882eb90: 0f1f 8400 | 0000 0000 | e948 e0ff | ff4b 894c | 13f8 4983 | c2f8 4d89 | 5748 e936 | e0ff ff4d 
  0x00000254d882ebb0: 8b57 584d | 8b5f 48f0 | 8344 24c0 | 0080 3900 | 0f84 50d6 | ffff 4488 | 214d 85db | 7520 498b 
  0x00000254d882ebd0: d7c5 f877 | 49ba 00a4 | 72b8 fc7f | 0000 41ff 

  0x00000254d882ebe0: ;   {other}
  0x00000254d882ebe0: d20f 1f84 | 0000 0000 | 00e9 28d6 | ffff 4b89 | 4c1a f849 | 83c3 f84d | 895f 48e9 | 16d6 ffff 
  0x00000254d882ec00: 418b e849 | 8bf9 4d8b | 5758 4d8b | 5f48 f083 | 4424 c000 | 8039 0074 | 3244 8821 | 4d85 db74 
  0x00000254d882ec20: 0f4b 894c | 1af8 4983 | c3f8 4d89 | 5f48 eb1b | 498b d7c5 | f877 49ba | 00a4 72b8 | fc7f 0000 
  0x00000254d882ec40: ;   {other}
  0x00000254d882ec40: 41ff d20f | 1f84 0000 | 0000 004c | 8bcf 448b | c5e9 0ed6 | ffff 4d8b | 5758 4d8b | 5f48 f083 
  0x00000254d882ec60: 4424 c000 | 8039 000f | 8430 dfff | ff44 8821 | 4d85 db75 | 2049 8bd7 | c5f8 7749 | ba00 a472 
  0x00000254d882ec80: b8fc 7f00 | 0041 ffd2 

  0x00000254d882ec88: ;   {other}
  0x00000254d882ec88: 0f1f 8400 | 0000 0000 | e908 dfff | ff4b 894c | 1af8 4983 | c3f8 4d89 | 5f48 e9f6 | deff ff4d 
  0x00000254d882eca8: 8b57 484d | 8b5f 58f0 | 8344 24c0 | 0080 3900 | 0f84 36e0 | ffff 4488 | 214d 85d2 | 7526 498b 
  0x00000254d882ecc8: d849 8bd7 | c5f8 7749 | ba00 a472 | b8fc 7f00 | 0041 ffd2 

  0x00000254d882ecdc: ;   {other}
  0x00000254d882ecdc: 0f1f 8400 | 0000 0000 | 4c8b c3e9 | 08e0 ffff | 4b89 4c13 | f849 83c2 | f84d 8957 | 48e9 f6df 
  0x00000254d882ecfc: ffff 4489 | 5424 5844 | 8974 2424 | 4c8b 9424 | a800 0000 | 4c89 5424 | 504c 8b94 | 2480 0000 
  0x00000254d882ed1c: 004c 8954 | 2448 4c89 | 5c24 3848 | 8974 2430 | 448b 9424 | 8800 0000 | 4489 5424 | 204c 896c 
  0x00000254d882ed3c: 2440 4c89 | 4c24 6890 

  0x00000254d882ed44: ;   {static_call}
  0x00000254d882ed44: c5f8 77e8 

  0x00000254d882ed48: ; ImmutableOopMap {rbp=Oop [32]=NarrowOop [36]=NarrowOop [40]=Oop [48]=Oop [56]=Oop [64]=Oop [72]=Oop [80]=Oop [88]=NarrowOop [96]=Oop [104]=Oop }
                      ;*invokestatic hashCode {reexecute=0 rethrow=0 return_oop=0}
                      ; - java.lang.String::hashCode@37
                      ; - java.util.concurrent.ConcurrentHashMap::get@1
                      ; - java.lang.ClassLoader::definePackage@47
                      ; - java.lang.ClassLoader::getDefinedPackage@32
                      ; - java.net.URLClassLoader::getAndVerifyPackage@2
                      ; - java.net.URLClassLoader::defineClass@46
                      ; - java.net.URLClassLoader$1::run@43
                      ; - java.net.URLClassLoader$1::run@1
                      ; - java.security.AccessController::executePrivileged@29
                      ; - java.security.AccessController::doPrivileged@13
                      ; - java.net.URLClassLoader::findClass@13
  0x00000254d882ed48: 3403 7fff 

  0x00000254d882ed4c: ;   {other}
  0x00000254d882ed4c: 0f1f 8400 | bc52 0047 | e95b d0ff | ff4c 8b5c | 2438 41c6 | 4311 0133 | c04c 8b4c | 2468 4c8b 
  0x00000254d882ed6c: 6c24 4044 | 8b54 2420 | 4489 9424 | 8800 0000 | 4c8b 5424 | 484c 8994 | 2480 0000 | 004c 8b54 
  0x00000254d882ed8c: 2450 4c89 | 9424 a800 | 0000 448b | 7424 2444 | 8b54 2458 | 488b 7424 | 30e9 bdc8 | ffff 4c89 
  0x00000254d882edac: 8c24 8000 | 0000 4c89 | 5c24 7848 | 897c 2458 | 4889 5c24 | 5048 8974 | 2448 448b | 8424 8800 
  0x00000254d882edcc: 0000 4489 | 4424 3444 | 8954 2430 | 4889 4c24 | 204c 896c 

  0x00000254d882ede0: ;   {metadata({type array byte})}
  0x00000254d882ede0: 2440 48ba | 1823 0080 | 5402 0000 | 458b c290 

  0x00000254d882edf0: ;   {runtime_call _new_array_nozero_Java}
  0x00000254d882edf0: c5f8 77e8 

  0x00000254d882edf4: ; ImmutableOopMap {[32]=Oop [88]=Derived_oop_[32] [40]=Oop [52]=NarrowOop [64]=Oop [72]=Oop [80]=Oop [96]=Oop [104]=Oop }
                      ;*newarray {reexecute=0 rethrow=0 return_oop=1}
                      ; - java.util.Arrays::copyOfRangeByte@10
                      ; - java.util.Arrays::copyOfRange@13
                      ; - java.lang.StringLatin1::newString@16
                      ; - java.lang.String::substring@41
                      ; - java.net.URLClassLoader::defineClass@28
                      ; - java.net.URLClassLoader$1::run@43
                      ; - java.net.URLClassLoader$1::run@1
                      ; - java.security.AccessController::executePrivileged@29
                      ; - java.security.AccessController::doPrivileged@13
                      ; - java.net.URLClassLoader::findClass@13
  0x00000254d882edf4: 88c7 81ff 

  0x00000254d882edf8: ;   {other}
  0x00000254d882edf8: 0f1f 8400 | 6853 0048 | 4c8b 6c24 | 4044 8b54 | 2430 448b | 5c24 3444 | 899c 2488 | 0000 0048 
  0x00000254d882ee18: 8b5c 2450 | 488b 7c24 | 584c 8b5c | 2478 4c8b | 8c24 8000 | 0000 4c8b | f048 8b74 | 2448 e989 
  0x00000254d882ee38: c2ff ff4c | 896c 2440 | 4489 4424 | 4848 8be9 | 4889 7424 | 2048 895c | 2478 4889 | 7c24 304c 
  0x00000254d882ee58: 8954 2450 

  0x00000254d882ee5c: ;   {metadata({type array byte})}
  0x00000254d882ee5c: 48ba 1823 | 0080 5402 | 0000 458b | c14c 8b54 | 2460 4c89 | 5424 5890 

  0x00000254d882ee74: ;   {runtime_call _new_array_nozero_Java}
  0x00000254d882ee74: c5f8 77e8 

  0x00000254d882ee78: ; ImmutableOopMap {rbp=Oop [48]=Derived_oop_rbp [32]=Oop [40]=Oop [64]=Oop [72]=NarrowOop [88]=Oop [96]=Oop [104]=Oop [120]=Oop [136]=NarrowOop }
                      ;*invokevirtual clone {reexecute=1 rethrow=0 return_oop=1}
                      ; - (reexecute) java.util.Arrays::copyOfRange@18
                      ; - java.lang.StringLatin1::newString@16
                      ; - java.lang.String::substring@41
                      ; - java.net.URLClassLoader::defineClass@28
                      ; - java.net.URLClassLoader$1::run@43
                      ; - java.net.URLClassLoader$1::run@1
                      ; - java.security.AccessController::executePrivileged@29
                      ; - java.security.AccessController::doPrivileged@13
                      ; - java.net.URLClassLoader::findClass@13
  0x00000254d882ee78: 04c7 81ff 

  0x00000254d882ee7c: ;   {other}
  0x00000254d882ee7c: 0f1f 8400 | ec53 0049 | 4c8b f0e9 | 63c1 ffff | 4c8b 4424 | 4845 8b50 | 0c45 85d2 | 0f84 0fd1 
  0x00000254d882ee9c: ffff 4d8b | 5f28 498b | ca4d 85db | 0f84 1425 | 0000 4d8b | 5738 4b89 | 4c1a f849 | 83c3 f84d 
  0x00000254d882eebc: 895f 284c | 8b44 2448 | e9e4 d0ff | ff44 8b5d | 0c45 85db | 0f84 7cd0 | ffff 4d8b | 5728 498b 
  0x00000254d882eedc: cb4d 85d2 | 0f84 bc24 | 0000 4d8b | 5f38 4b89 | 4c13 f849 | 83c2 f84d | 8957 28e9 | 56d0 ffff 
  0x00000254d882eefc: 458b 5010 | 4585 d20f | 8430 d1ff | ff4d 8b5f | 2849 8bca | 4d85 db0f | 84c9 2400 | 004d 8b57 
  0x00000254d882ef1c: 384b 894c | 1af8 4983 | c3f8 4d89 | 5f28 e90a | d1ff ff4c | 8bd5 458b | 5a14 4585 | db0f 846b 
  0x00000254d882ef3c: d1ff ff4d | 8b47 2849 | 8bcb 4d85 | c00f 84bf | 2400 004d | 8b5f 384b | 894c 03f8 | 4983 c0f8 
  0x00000254d882ef5c: 4d89 4728 | e945 d1ff | ff4d 8b57 | 584d 8b5f | 48f0 8344 | 24c0 0080 | 3900 0f84 

  0x00000254d882ef78: ;   {no_reloc}
  0x00000254d882ef78: f0d0 ffff | 4488 214d | 85db 7526 | 498b d849 | 8bd7 c5f8 | 7749 ba00 | a472 b8fc | 7f00 0041 
  0x00000254d882ef98: ;   {other}
  0x00000254d882ef98: ffd2 0f1f | 8400 0000 | 0000 4c8b | c3e9 c2d0 | ffff 4b89 | 4c1a f849 | 83c3 f84d | 895f 48e9 
  0x00000254d882efb8: b0d0 ffff | 4d8b 5748 | 4d8b 5f58 | f083 4424 | c000 8039 | 000f 840a | d0ff ff44 | 8821 4d85 
  0x00000254d882efd8: d275 2649 | 8bd8 498b | d7c5 f877 | 49ba 00a4 | 72b8 fc7f | 0000 41ff 

  0x00000254d882eff0: ;   {other}
  0x00000254d882eff0: d20f 1f84 | 0000 0000 | 004c 8bc3 | e9dc cfff | ff4b 894c | 13f8 4983 | c2f8 4d89 | 5748 e9ca 
  0x00000254d882f010: cfff ff4d | 8b57 584d | 8b5f 48f0 | 8344 24c0 | 0080 3900 | 0f84 73cf | ffff 4488 | 214d 85db 
  0x00000254d882f030: 7520 498b | d7c5 f877 | 49ba 00a4 | 72b8 fc7f | 0000 41ff 

  0x00000254d882f044: ;   {other}
  0x00000254d882f044: d20f 1f84 | 0000 0000 | 00e9 4bcf | ffff 4b89 | 4c1a f849 | 83c3 f84d | 895f 48e9 | 39cf ffff 
  0x00000254d882f064: 4889 5c24 | 204c 896c | 2460 488b 

  0x00000254d882f070: ;   {metadata('java/lang/String')}
  0x00000254d882f070: 6c24 6848 | ba78 e800 | 8054 0200 | 004c 896c | 2430 6690 

  0x00000254d882f084: ;   {runtime_call _new_instance_Java}
  0x00000254d882f084: c5f8 77e8 

  0x00000254d882f088: ; ImmutableOopMap {rbp=Oop [32]=Oop [48]=Oop [96]=Oop [104]=Oop }
                      ;*new {reexecute=0 rethrow=0 return_oop=1}
                      ; - java.lang.StringConcatHelper::simpleConcat@17
                      ; - java.lang.String::concat@11
                      ; - java.net.URLClassLoader$1::run@13
                      ; - java.net.URLClassLoader$1::run@1
                      ; - java.security.AccessController::executePrivileged@29
                      ; - java.security.AccessController::doPrivileged@13
                      ; - java.net.URLClassLoader::findClass@13
  0x00000254d882f088: 74cb 81ff 

  0x00000254d882f08c: ;   {other}
  0x00000254d882f08c: 0f1f 8400 | fc55 004a | 4c8b 6c24 | 3048 8b5c | 2420 e9e0 | bdff ff8b | eae9 4cb5 | ffff 4489 
  0x00000254d882f0ac: 7424 244c | 8b94 24a8 | 0000 004c | 8954 2450 | 4c8b 9424 | 8000 0000 | 4c89 5424 | 484c 895c 
  0x00000254d882f0cc: 2438 4889 | 7424 3044 | 8b9c 2488 | 0000 0044 | 895c 2420 | 4c89 6c24 | 404c 894c 

  0x00000254d882f0e8: ;   {metadata('java/lang/ClassLoader$$Lambda+0x0000025481066078')}
  0x00000254d882f0e8: 2468 48ba | 7860 0681 | 5402 0000 | 4c8b 5424 | 604c 8954 | 2458 6690 

  0x00000254d882f100: ;   {runtime_call _new_instance_Java}
  0x00000254d882f100: c5f8 77e8 

  0x00000254d882f104: ; ImmutableOopMap {rbp=NarrowOop [32]=NarrowOop [36]=NarrowOop [40]=Oop [48]=Oop [56]=Oop [64]=Oop [72]=Oop [80]=Oop [88]=Oop [96]=Oop [104]=Oop }
                      ;*invokevirtual allocateInstance {reexecute=0 rethrow=0 return_oop=1}
                      ; - java.lang.invoke.DirectMethodHandle::allocateInstance@12
                      ; - java.lang.invoke.DirectMethodHandle$Holder::newInvokeSpecial@1
                      ; - java.lang.invoke.Invokers$Holder::linkToTargetMethod@6
                      ; - java.lang.ClassLoader::definePackage@73
                      ; - java.lang.ClassLoader::getDefinedPackage@32
                      ; - java.net.URLClassLoader::getAndVerifyPackage@2
                      ; - java.net.URLClassLoader::defineClass@46
                      ; - java.net.URLClassLoader$1::run@43
                      ; - java.net.URLClassLoader$1::run@1
                      ; - java.security.AccessController::executePrivileged@29
                      ; - java.security.AccessController::doPrivileged@13
                      ; - java.net.URLClassLoader::findClass@13
  0x00000254d882f104: f8ca 81ff 

  0x00000254d882f108: ;   {other}
  0x00000254d882f108: 0f1f 8400 | 7856 004b | 4c8b 4c24 | 684c 8b6c | 2440 448b | 5424 2044 | 8994 2488 | 0000 004c 
  0x00000254d882f128: 8b5c 2438 | 488b 4c24 | 4848 898c | 2480 0000 | 0048 8b4c | 2450 4889 | 8c24 a800 | 0000 448b 
  0x00000254d882f148: 7424 2448 | 8bc8 488b | 7424 30e9 | 03c8 ffff | 41ba 0300 | 0000 4533 | c044 8994 | 24b0 0000 
  0x00000254d882f168: 00e9 09e8 | ffff 4c8b | 9424 8000 | 0000 458b | 5a14 4585 | db0f 841c | dfff ff4d | 8b57 2849 
  0x00000254d882f188: 8bcb 4d85 | d20f 84b5 | 2500 004d | 8b5f 384b | 894c 13f8 | 4983 c2f8 | 4d89 5728 | e9f6 deff 
  0x00000254d882f1a8: ff4c 8b54 | 2478 4d85 | d20f 857e | e1ff ffba | f6ff ffff | 4c8b 5424 | 284c 8954 | 2420 448b 
  0x00000254d882f1c8: 5c24 3044 | 895c 2428 | 448b 5424 | 4044 8954 | 242c 4c8b | 5424 504c | 8954 2438 | 4c8b 5424 
  0x00000254d882f1e8: 584c 8954 | 2450 6690 

  0x00000254d882f1f0: ;   {runtime_call UncommonTrapBlob}
  0x00000254d882f1f0: c5f8 77e8 

  0x00000254d882f1f4: ; ImmutableOopMap {rbp=Oop [32]=Oop [40]=NarrowOop [56]=Oop [80]=Oop [104]=Oop [112]=Oop [128]=Oop }
                      ;*invokevirtual length {reexecute=0 rethrow=0 return_oop=0}
                      ; - java.io.WinNTFileSystem::prefixLength@6
                      ; - java.io.File::<init>@104
                      ; - jdk.internal.loader.URLClassPath$FileLoader::getResource@73
                      ; - jdk.internal.loader.URLClassPath::getResource@53
                      ; - java.net.URLClassLoader$1::run@26
                      ; - java.net.URLClassLoader$1::run@1
                      ; - java.security.AccessController::executePrivileged@29
                      ; - java.security.AccessController::doPrivileged@13
                      ; - java.net.URLClassLoader::findClass@13
  0x00000254d882f1f4: 8851 7fff 

  0x00000254d882f1f8: ;   {other}
  0x00000254d882f1f8: 0f1f 8400 | 6857 004c | 4c8b 9424 | 8000 0000 | 458b 5a10 | 4585 db0f | 84cf e0ff | ff4d 8b57 
  0x00000254d882f218: 2849 8bcb | 4d85 d20f | 8443 2500 | 004d 8b5f | 384b 894c | 13f8 4983 | c2f8 4d89 | 5728 e9a9 
  0x00000254d882f238: e0ff ff4d | 8b57 584d | 8b5f 48f0 | 8344 24c0 | 0080 3900 | 7432 4488 | 214d 85db | 740f 4b89 
  0x00000254d882f258: 4c1a f849 | 83c3 f84d | 895f 48eb | 1b49 8bd7 | c5f8 7749 | ba00 a472 | b8fc 7f00 | 0041 ffd2 
  0x00000254d882f278: ;   {other}
  0x00000254d882f278: 0f1f 8400 | 0000 0000 | 4c8b 9424 | 8000 0000 | 458b 5a10 | 4585 db0f | 8422 ffff | ff4d 8bd3 
  0x00000254d882f298: 4c89 5424 | 78e9 93e0 

  0x00000254d882f2a0: ;   {metadata('java/lang/ref/SoftReference')}
  0x00000254d882f2a0: ffff 48ba | 90df 0380 | 5402 0000 | 4c8b 5424 | 604c 8954 | 2430 6690 

  0x00000254d882f2b8: ;   {runtime_call _new_instance_Java}
  0x00000254d882f2b8: c5f8 77e8 

  0x00000254d882f2bc: ; ImmutableOopMap {rbp=Oop [32]=Oop [40]=Oop [48]=Oop [64]=Oop [80]=Oop [88]=NarrowOop [96]=Oop [104]=Oop [120]=Oop [200]=Oop }
                      ;*new {reexecute=0 rethrow=0 return_oop=1}
                      ; - java.util.jar.JarFile::getManifestFromReference@184
                      ; - java.util.jar.JarFile::getManifest@1
                      ; - jdk.internal.loader.URLClassPath$JarLoader$2::getManifest@22
                      ; - java.net.URLClassLoader::defineClass@34
                      ; - java.net.URLClassLoader$1::run@43
                      ; - java.net.URLClassLoader$1::run@1
                      ; - java.security.AccessController::executePrivileged@29
                      ; - java.security.AccessController::doPrivileged@13
                      ; - java.net.URLClassLoader::findClass@13
  0x00000254d882f2bc: 40c9 81ff 

  0x00000254d882f2c0: ;   {other}
  0x00000254d882f2c0: 0f1f 8400 | 3058 004d | 4c8b c0e9 | 70da ffff | 448b 9424 | a800 0000 | 443b 5424 | 7c0f 8481 
  0x00000254d882f2e0: ;   {oop(a 'java/io/WinNTFileSystem'{0x0000000080744400})}
  0x00000254d882f2e0: 0a00 0048 | ba00 4474 | 8000 0000 | 004c 8b84 | 2488 0000 | 0044 8b8c | 2490 0000 | 008b bc24 
  0x00000254d882f300: ac00 0000 | 488b 6c24 | 6066 6690 

  0x00000254d882f30c: ;   {optimized virtual_call}
  0x00000254d882f30c: c5f8 77e8 

  0x00000254d882f310: ; ImmutableOopMap {rbp=Oop [32]=Oop [40]=Oop [48]=NarrowOop [80]=Oop [88]=Oop [96]=Oop [104]=Oop [112]=Oop [120]=NarrowOop [128]=Oop }
                      ;*invokevirtual normalize {reexecute=0 rethrow=0 return_oop=1}
                      ; - java.io.WinNTFileSystem::normalize@61
                      ; - java.io.File::<init>@73
                      ; - jdk.internal.loader.URLClassPath$FileLoader::getResource@118
                      ; - jdk.internal.loader.URLClassPath::getResource@53
                      ; - java.net.URLClassLoader$1::run@26
                      ; - java.net.URLClassLoader$1::run@1
                      ; - java.security.AccessController::executePrivileged@29
                      ; - java.security.AccessController::doPrivileged@13
                      ; - java.net.URLClassLoader::findClass@13
  0x00000254d882f310: 6cf7 7eff 

  0x00000254d882f314: ;   {other}
  0x00000254d882f314: 0f1f 8400 | 8458 004e | 4c8b c8e9 | 66e6 ffff | 4533 dbe9 | d8e1 ffff | 448b 9424 | ac00 0000 
  0x00000254d882f334: 41ff ca44 | 8994 24ac | 0000 00e9 | 14f0 ffff 

  0x00000254d882f344: ;   {metadata('java/util/jar/JarVerifier')}
  0x00000254d882f344: 48ba 789e | 1680 5402 | 0000 6690 

  0x00000254d882f350: ;   {runtime_call _new_instance_Java}
  0x00000254d882f350: c5f8 77e8 

  0x00000254d882f354: ; ImmutableOopMap {rbp=Oop [32]=Oop [40]=Oop [48]=Oop [64]=Oop [88]=NarrowOop [96]=Oop [104]=Oop [120]=Oop [128]=Oop [136]=Oop [200]=Oop }
                      ;*new {reexecute=0 rethrow=0 return_oop=1}
                      ; - java.util.jar.JarFile::getManifestFromReference@69
                      ; - java.util.jar.JarFile::getManifest@1
                      ; - jdk.internal.loader.URLClassPath$JarLoader$2::getManifest@22
                      ; - java.net.URLClassLoader::defineClass@34
                      ; - java.net.URLClassLoader$1::run@43
                      ; - java.net.URLClassLoader$1::run@1
                      ; - java.security.AccessController::executePrivileged@29
                      ; - java.security.AccessController::doPrivileged@13
                      ; - java.net.URLClassLoader::findClass@13
  0x00000254d882f354: a8c8 81ff 

  0x00000254d882f358: ;   {other}
  0x00000254d882f358: 0f1f 8400 | c858 004f | 4c8b d0e9 | 42ce ffff | 4489 4424 | 304c 898c | 2490 0000 

  0x00000254d882f374: ;   {metadata('java/util/Hashtable')}
  0x00000254d882f374: 0048 bab8 | d300 8054 | 0200 0048 | 8b6c 2460 

  0x00000254d882f384: ;   {runtime_call _new_instance_Java}
  0x00000254d882f384: c5f8 77e8 

  0x00000254d882f388: ; ImmutableOopMap {rbp=Oop [32]=Oop [40]=Oop [48]=NarrowOop [64]=Oop [88]=NarrowOop [96]=Oop [104]=Oop [120]=Oop [128]=Oop [136]=Oop [144]=Oop [200]=Oop }
                      ;*new {reexecute=0 rethrow=0 return_oop=1}
                      ; - java.util.jar.JarVerifier::<init>@35
                      ; - java.util.jar.JarFile::getManifestFromReference@78
                      ; - java.util.jar.JarFile::getManifest@1
                      ; - jdk.internal.loader.URLClassPath$JarLoader$2::getManifest@22
                      ; - java.net.URLClassLoader::defineClass@34
                      ; - java.net.URLClassLoader$1::run@43
                      ; - java.net.URLClassLoader$1::run@1
                      ; - java.security.AccessController::executePrivileged@29
                      ; - java.security.AccessController::doPrivileged@13
                      ; - java.net.URLClassLoader::findClass@13
  0x00000254d882f388: 74c8 81ff 

  0x00000254d882f38c: ;   {other}
  0x00000254d882f38c: 0f1f 8400 | fc58 0050 | 488b e8e9 | 22cf ffff 

  0x00000254d882f39c: ;   {metadata('java/util/Hashtable')}
  0x00000254d882f39c: 48ba b8d3 | 0080 5402 | 0000 488b | 6c24 4890 

  0x00000254d882f3ac: ;   {runtime_call _new_instance_Java}
  0x00000254d882f3ac: c5f8 77e8 

  0x00000254d882f3b0: ; ImmutableOopMap {rbp=Oop [32]=Oop [40]=Oop [48]=NarrowOop [64]=Oop [88]=NarrowOop [96]=Oop [104]=Oop [120]=Oop [128]=Oop [136]=Oop [144]=Oop [200]=Oop }
                      ;*new {reexecute=0 rethrow=0 return_oop=1}
                      ; - java.util.jar.JarVerifier::<init>@46
                      ; - java.util.jar.JarFile::getManifestFromReference@78
                      ; - java.util.jar.JarFile::getManifest@1
                      ; - jdk.internal.loader.URLClassPath$JarLoader$2::getManifest@22
                      ; - java.net.URLClassLoader::defineClass@34
                      ; - java.net.URLClassLoader$1::run@43
                      ; - java.net.URLClassLoader$1::run@1
                      ; - java.security.AccessController::executePrivileged@29
                      ; - java.security.AccessController::doPrivileged@13
                      ; - java.net.URLClassLoader::findClass@13
  0x00000254d882f3b0: 4cc8 81ff 

  0x00000254d882f3b4: ;   {other}
  0x00000254d882f3b4: 0f1f 8400 | 2459 0051 | 488b e8e9 | 74d0 ffff 

  0x00000254d882f3c4: ;   {metadata('java/util/Hashtable$Entry'[])}
  0x00000254d882f3c4: 48ba a87f | 1380 5402 | 0000 41b8 | 0b00 0000 

  0x00000254d882f3d4: ;   {runtime_call _new_array_Java}
  0x00000254d882f3d4: c5f8 77e8 

  0x00000254d882f3d8: ; ImmutableOopMap {rbp=Oop [32]=Oop [40]=Oop [48]=NarrowOop [64]=Oop [72]=Oop [88]=NarrowOop [96]=Oop [104]=Oop [120]=Oop [128]=Oop [136]=Oop [144]=Oop [200]=Oop }
                      ;*anewarray {reexecute=0 rethrow=0 return_oop=1}
                      ; - java.util.Hashtable::<init>@93
                      ; - java.util.Hashtable::<init>@5
                      ; - java.util.jar.JarVerifier::<init>@39
                      ; - java.util.jar.JarFile::getManifestFromReference@78
                      ; - java.util.jar.JarFile::getManifest@1
                      ; - jdk.internal.loader.URLClassPath$JarLoader$2::getManifest@22
                      ; - java.net.URLClassLoader::defineClass@34
                      ; - java.net.URLClassLoader$1::run@43
                      ; - java.net.URLClassLoader$1::run@1
                      ; - java.security.AccessController::executePrivileged@29
                      ; - java.security.AccessController::doPrivileged@13
                      ; - java.net.URLClassLoader::findClass@13
  0x00000254d882f3d8: 24c5 81ff 

  0x00000254d882f3dc: ;   {other}
  0x00000254d882f3dc: 0f1f 8400 | 4c59 0052 | 4c8b d0e9 | 6ccf ffff 

  0x00000254d882f3ec: ;   {metadata('java/util/Hashtable')}
  0x00000254d882f3ec: 48ba b8d3 | 0080 5402 | 0000 488b | 6c24 4890 

  0x00000254d882f3fc: ;   {runtime_call _new_instance_Java}
  0x00000254d882f3fc: c5f8 77e8 

  0x00000254d882f400: ; ImmutableOopMap {rbp=Oop [32]=Oop [40]=Oop [48]=NarrowOop [64]=Oop [88]=NarrowOop [96]=Oop [104]=Oop [120]=Oop [128]=Oop [136]=Oop [144]=Oop [200]=Oop }
                      ;*new {reexecute=0 rethrow=0 return_oop=1}
                      ; - java.util.jar.JarVerifier::<init>@57
                      ; - java.util.jar.JarFile::getManifestFromReference@78
                      ; - java.util.jar.JarFile::getManifest@1
                      ; - jdk.internal.loader.URLClassPath$JarLoader$2::getManifest@22
                      ; - java.net.URLClassLoader::defineClass@34
                      ; - java.net.URLClassLoader$1::run@43
                      ; - java.net.URLClassLoader$1::run@1
                      ; - java.security.AccessController::executePrivileged@29
                      ; - java.security.AccessController::doPrivileged@13
                      ; - java.net.URLClassLoader::findClass@13
  0x00000254d882f400: fcc7 81ff 

  0x00000254d882f404: ;   {other}
  0x00000254d882f404: 0f1f 8400 | 7459 0053 | 488b e8e9 | a0d1 ffff 

  0x00000254d882f414: ;   {metadata('java/util/Hashtable$Entry'[])}
  0x00000254d882f414: 48ba a87f | 1380 5402 | 0000 41b8 | 0b00 0000 

  0x00000254d882f424: ;   {runtime_call _new_array_Java}
  0x00000254d882f424: c5f8 77e8 

  0x00000254d882f428: ; ImmutableOopMap {rbp=Oop [32]=Oop [40]=Oop [48]=NarrowOop [64]=Oop [72]=Oop [88]=NarrowOop [96]=Oop [104]=Oop [120]=Oop [128]=Oop [136]=Oop [144]=Oop [200]=Oop }
                      ;*anewarray {reexecute=0 rethrow=0 return_oop=1}
                      ; - java.util.Hashtable::<init>@93
                      ; - java.util.Hashtable::<init>@5
                      ; - java.util.jar.JarVerifier::<init>@50
                      ; - java.util.jar.JarFile::getManifestFromReference@78
                      ; - java.util.jar.JarFile::getManifest@1
                      ; - jdk.internal.loader.URLClassPath$JarLoader$2::getManifest@22
                      ; - java.net.URLClassLoader::defineClass@34
                      ; - java.net.URLClassLoader$1::run@43
                      ; - java.net.URLClassLoader$1::run@1
                      ; - java.security.AccessController::executePrivileged@29
                      ; - java.security.AccessController::doPrivileged@13
                      ; - java.net.URLClassLoader::findClass@13
  0x00000254d882f428: d4c4 81ff 

  0x00000254d882f42c: ;   {other}
  0x00000254d882f42c: 0f1f 8400 | 9c59 0054 | 4c8b d0e9 | 98d0 ffff 

  0x00000254d882f43c: ;   {metadata('java/util/ArrayList')}
  0x00000254d882f43c: 48ba d089 | 0b80 5402 | 0000 488b | 6c24 6090 

  0x00000254d882f44c: ;   {runtime_call _new_instance_Java}
  0x00000254d882f44c: c5f8 77e8 

  0x00000254d882f450: ; ImmutableOopMap {rbp=Oop [32]=Oop [40]=Oop [48]=NarrowOop [64]=Oop [88]=NarrowOop [92]=NarrowOop [96]=Oop [104]=Oop [120]=Oop [128]=Oop [136]=Oop [144]=Oop [200]=Oop }
                      ;*new {reexecute=0 rethrow=0 return_oop=1}
                      ; - java.util.jar.JarVerifier::<init>@92
                      ; - java.util.jar.JarFile::getManifestFromReference@78
                      ; - java.util.jar.JarFile::getManifest@1
                      ; - jdk.internal.loader.URLClassPath$JarLoader$2::getManifest@22
                      ; - java.net.URLClassLoader::defineClass@34
                      ; - java.net.URLClassLoader$1::run@43
                      ; - java.net.URLClassLoader$1::run@1
                      ; - java.security.AccessController::executePrivileged@29
                      ; - java.security.AccessController::doPrivileged@13
                      ; - java.net.URLClassLoader::findClass@13
  0x00000254d882f450: acc7 81ff 

  0x00000254d882f454: ;   {other}
  0x00000254d882f454: 0f1f 8400 | c459 0055 | 4c8b d0e9 | 77d4 ffff 

  0x00000254d882f464: ;   {metadata('java/io/ByteArrayInputStream')}
  0x00000254d882f464: 48ba a023 | 0580 5402 | 0000 488b | 6c24 6090 

  0x00000254d882f474: ;   {runtime_call _new_instance_Java}
  0x00000254d882f474: c5f8 77e8 

  0x00000254d882f478: ; ImmutableOopMap {rbp=Oop [32]=Oop [40]=Oop [48]=NarrowOop [64]=Oop [72]=Oop [80]=Oop [88]=NarrowOop [92]=NarrowOop [96]=Oop [104]=Oop [120]=Oop [128]=Oop [136]=Oop [200]=Oop }
                      ;*new {reexecute=0 rethrow=0 return_oop=1}
                      ; - java.util.jar.JarFile::getManifestFromReference@109
                      ; - java.util.jar.JarFile::getManifest@1
                      ; - jdk.internal.loader.URLClassPath$JarLoader$2::getManifest@22
                      ; - java.net.URLClassLoader::defineClass@34
                      ; - java.net.URLClassLoader$1::run@43
                      ; - java.net.URLClassLoader$1::run@1
                      ; - java.security.AccessController::executePrivileged@29
                      ; - java.security.AccessController::doPrivileged@13
                      ; - java.net.URLClassLoader::findClass@13
  0x00000254d882f478: 84c7 81ff 

  0x00000254d882f47c: ;   {other}
  0x00000254d882f47c: 0f1f 8400 | ec59 0056 | e935 d6ff 

  0x00000254d882f488: ;   {metadata('java/util/HashMap')}
  0x00000254d882f488: ff48 ba68 | a908 8054 | 0200 0048 | 8b6c 2460 

  0x00000254d882f498: ;   {runtime_call _new_instance_Java}
  0x00000254d882f498: c5f8 77e8 

  0x00000254d882f49c: ; ImmutableOopMap {rbp=Oop [32]=Oop [40]=Oop [48]=NarrowOop [64]=Oop [88]=NarrowOop [92]=NarrowOop [96]=Oop [104]=Oop [120]=Oop [128]=Oop [136]=Oop [144]=Oop [200]=Oop }
                      ;*new {reexecute=0 rethrow=0 return_oop=1}
                      ; - java.util.jar.JarVerifier::<init>@103
                      ; - java.util.jar.JarFile::getManifestFromReference@78
                      ; - java.util.jar.JarFile::getManifest@1
                      ; - jdk.internal.loader.URLClassPath$JarLoader$2::getManifest@22
                      ; - java.net.URLClassLoader::defineClass@34
                      ; - java.net.URLClassLoader$1::run@43
                      ; - java.net.URLClassLoader$1::run@1
                      ; - java.security.AccessController::executePrivileged@29
                      ; - java.security.AccessController::doPrivileged@13
                      ; - java.net.URLClassLoader::findClass@13
  0x00000254d882f49c: 60c7 81ff 

  0x00000254d882f4a0: ;   {other}
  0x00000254d882f4a0: 0f1f 8400 | 105a 0057 | 4c8b d0e9 | bfd4 ffff | 4c89 4424 

  0x00000254d882f4b4: ;   {metadata('java/util/jar/Manifest')}
  0x00000254d882f4b4: 5048 baa0 | e104 8054 | 0200 0048 | 8b6c 2460 

  0x00000254d882f4c4: ;   {runtime_call _new_instance_Java}
  0x00000254d882f4c4: c5f8 77e8 

  0x00000254d882f4c8: ; ImmutableOopMap {rbp=Oop [32]=Oop [40]=Oop [48]=NarrowOop [64]=Oop [80]=Oop [88]=NarrowOop [96]=Oop [104]=Oop [120]=Oop [128]=Oop [200]=Oop }
                      ;*new {reexecute=0 rethrow=0 return_oop=1}
                      ; - java.util.jar.JarFile::getManifestFromReference@101
                      ; - java.util.jar.JarFile::getManifest@1
                      ; - jdk.internal.loader.URLClassPath$JarLoader$2::getManifest@22
                      ; - java.net.URLClassLoader::defineClass@34
                      ; - java.net.URLClassLoader$1::run@43
                      ; - java.net.URLClassLoader$1::run@1
                      ; - java.security.AccessController::executePrivileged@29
                      ; - java.security.AccessController::doPrivileged@13
                      ; - java.net.URLClassLoader::findClass@13
  0x00000254d882f4c8: 34c7 81ff 

  0x00000254d882f4cc: ;   {other}
  0x00000254d882f4cc: 0f1f 8400 | 3c5a 0058 | e97e d5ff | ff41 b820 

  0x00000254d882f4dc: ;   {metadata({type array byte})}
  0x00000254d882f4dc: 0000 0048 | ba18 2300 | 8054 0200 | 004c 8b54 | 2460 4c89 | 5424 4890 

  0x00000254d882f4f4: ;   {runtime_call _new_array_Java}
  0x00000254d882f4f4: c5f8 77e8 

  0x00000254d882f4f8: ; ImmutableOopMap {rbp=Oop [32]=Oop [40]=Oop [48]=NarrowOop [64]=Oop [72]=Oop [88]=NarrowOop [92]=NarrowOop [96]=Oop [104]=Oop [120]=Oop [128]=Oop [136]=Oop [144]=Oop [200]=Oop }
                      ;*newarray {reexecute=0 rethrow=0 return_oop=1}
                      ; - java.io.ByteArrayOutputStream::<init>@37
                      ; - java.io.ByteArrayOutputStream::<init>@3
                      ; - java.util.jar.JarVerifier::<init>@85
                      ; - java.util.jar.JarFile::getManifestFromReference@78
                      ; - java.util.jar.JarFile::getManifest@1
                      ; - jdk.internal.loader.URLClassPath$JarLoader$2::getManifest@22
                      ; - java.net.URLClassLoader::defineClass@34
                      ; - java.net.URLClassLoader$1::run@43
                      ; - java.net.URLClassLoader$1::run@1
                      ; - java.security.AccessController::executePrivileged@29
                      ; - java.security.AccessController::doPrivileged@13
                      ; - java.net.URLClassLoader::findClass@13
  0x00000254d882f4f8: 04c4 81ff 

  0x00000254d882f4fc: ;   {other}
  0x00000254d882f4fc: 0f1f 8400 | 6c5a 0059 | e913 d3ff 

  0x00000254d882f508: ;   {metadata('java/util/Hashtable$Entry'[])}
  0x00000254d882f508: ff48 baa8 | 7f13 8054 | 0200 0041 | b80b 0000 | 0066 6690 

  0x00000254d882f51c: ;   {runtime_call _new_array_Java}
  0x00000254d882f51c: c5f8 77e8 

  0x00000254d882f520: ; ImmutableOopMap {rbp=Oop [32]=Oop [40]=Oop [48]=NarrowOop [64]=Oop [72]=Oop [88]=NarrowOop [96]=Oop [104]=Oop [120]=Oop [128]=Oop [136]=Oop [144]=Oop [200]=Oop }
                      ;*anewarray {reexecute=0 rethrow=0 return_oop=1}
                      ; - java.util.Hashtable::<init>@93
                      ; - java.util.Hashtable::<init>@4
                      ; - java.util.jar.JarVerifier::<init>@63
                      ; - java.util.jar.JarFile::getManifestFromReference@78
                      ; - java.util.jar.JarFile::getManifest@1
                      ; - jdk.internal.loader.URLClassPath$JarLoader$2::getManifest@22
                      ; - java.net.URLClassLoader::defineClass@34
                      ; - java.net.URLClassLoader$1::run@43
                      ; - java.net.URLClassLoader$1::run@1
                      ; - java.security.AccessController::executePrivileged@29
                      ; - java.security.AccessController::doPrivileged@13
                      ; - java.net.URLClassLoader::findClass@13
  0x00000254d882f520: dcc3 81ff 

  0x00000254d882f524: ;   {other}
  0x00000254d882f524: 0f1f 8400 | 945a 005a | 4c8b d0e9 | 1cd1 ffff 

  0x00000254d882f534: ;   {metadata('java/io/ByteArrayOutputStream')}
  0x00000254d882f534: 48ba a000 | 2280 5402 | 0000 488b | 6c24 6090 

  0x00000254d882f544: ;   {runtime_call _new_instance_Java}
  0x00000254d882f544: c5f8 77e8 

  0x00000254d882f548: ; ImmutableOopMap {rbp=Oop [32]=Oop [40]=Oop [48]=NarrowOop [64]=Oop [88]=NarrowOop [92]=NarrowOop [96]=Oop [104]=Oop [120]=Oop [128]=Oop [136]=Oop [144]=Oop [200]=Oop }
                      ;*new {reexecute=0 rethrow=0 return_oop=1}
                      ; - java.util.jar.JarVerifier::<init>@81
                      ; - java.util.jar.JarFile::getManifestFromReference@78
                      ; - java.util.jar.JarFile::getManifest@1
                      ; - jdk.internal.loader.URLClassPath$JarLoader$2::getManifest@22
                      ; - java.net.URLClassLoader::defineClass@34
                      ; - java.net.URLClassLoader$1::run@43
                      ; - java.net.URLClassLoader$1::run@1
                      ; - java.security.AccessController::executePrivileged@29
                      ; - java.security.AccessController::doPrivileged@13
                      ; - java.net.URLClassLoader::findClass@13
  0x00000254d882f548: b4c6 81ff 

  0x00000254d882f54c: ;   {other}
  0x00000254d882f54c: 0f1f 8400 | bc5a 005b | 4c8b d8e9 | 5ed2 ffff 

  0x00000254d882f55c: ;   {metadata('java/util/ArrayList')}
  0x00000254d882f55c: 48ba d089 | 0b80 5402 | 0000 488b | 6c24 4890 

  0x00000254d882f56c: ;   {runtime_call _new_instance_Java}
  0x00000254d882f56c: c5f8 77e8 

  0x00000254d882f570: ; ImmutableOopMap {rbp=Oop [32]=Oop [40]=Oop [48]=NarrowOop [64]=Oop [88]=NarrowOop [92]=NarrowOop [96]=Oop [104]=Oop [120]=Oop [128]=Oop [136]=Oop [144]=Oop [200]=Oop }
                      ;*new {reexecute=0 rethrow=0 return_oop=1}
                      ; - java.util.jar.JarVerifier::<init>@70
                      ; - java.util.jar.JarFile::getManifestFromReference@78
                      ; - java.util.jar.JarFile::getManifest@1
                      ; - jdk.internal.loader.URLClassPath$JarLoader$2::getManifest@22
                      ; - java.net.URLClassLoader::defineClass@34
                      ; - java.net.URLClassLoader$1::run@43
                      ; - java.net.URLClassLoader$1::run@1
                      ; - java.security.AccessController::executePrivileged@29
                      ; - java.security.AccessController::doPrivileged@13
                      ; - java.net.URLClassLoader::findClass@13
  0x00000254d882f570: 8cc6 81ff 

  0x00000254d882f574: ;   {other}
  0x00000254d882f574: 0f1f 8400 | e45a 005c | 4c8b d0e9 | aad1 ffff 

  0x00000254d882f584: ;   {metadata('java/util/jar/Attributes')}
  0x00000254d882f584: 48ba 4088 | 1680 5402 | 0000 488b | 6c24 6090 

  0x00000254d882f594: ;   {runtime_call _new_instance_Java}
  0x00000254d882f594: c5f8 77e8 

  0x00000254d882f598: ; ImmutableOopMap {rbp=Oop [32]=Oop [40]=Oop [48]=Oop [64]=Oop [72]=Oop [80]=Oop [88]=NarrowOop [92]=NarrowOop [96]=Oop [104]=Oop [120]=Oop [128]=NarrowOop [136]=Oop [200]=Oop }
                      ;*new {reexecute=0 rethrow=0 return_oop=1}
                      ; - java.util.jar.Manifest::<init>@5
                      ; - java.util.jar.JarFile::getManifestFromReference@121
                      ; - java.util.jar.JarFile::getManifest@1
                      ; - jdk.internal.loader.URLClassPath$JarLoader$2::getManifest@22
                      ; - java.net.URLClassLoader::defineClass@34
                      ; - java.net.URLClassLoader$1::run@43
                      ; - java.net.URLClassLoader$1::run@1
                      ; - java.security.AccessController::executePrivileged@29
                      ; - java.security.AccessController::doPrivileged@13
                      ; - java.net.URLClassLoader::findClass@13
  0x00000254d882f598: 64c6 81ff 

  0x00000254d882f59c: ;   {other}
  0x00000254d882f59c: 0f1f 8400 | 0c5b 005d | 488b e8e9 | 81d5 ffff 

  0x00000254d882f5ac: ;   {metadata('java/util/HashMap')}
  0x00000254d882f5ac: 48ba 68a9 | 0880 5402 | 0000 488b | 6c24 6090 

  0x00000254d882f5bc: ;   {runtime_call _new_instance_Java}
  0x00000254d882f5bc: c5f8 77e8 

  0x00000254d882f5c0: ; ImmutableOopMap {rbp=Oop [32]=Oop [40]=Oop [48]=Oop [64]=Oop [72]=Oop [80]=Oop [88]=NarrowOop [92]=NarrowOop [96]=Oop [104]=Oop [120]=Oop [128]=NarrowOop [136]=Oop [144]=Oop [200]=Oop }
                      ;*new {reexecute=0 rethrow=0 return_oop=1}
                      ; - java.util.jar.Manifest::<init>@16
                      ; - java.util.jar.JarFile::getManifestFromReference@121
                      ; - java.util.jar.JarFile::getManifest@1
                      ; - jdk.internal.loader.URLClassPath$JarLoader$2::getManifest@22
                      ; - java.net.URLClassLoader::defineClass@34
                      ; - java.net.URLClassLoader$1::run@43
                      ; - java.net.URLClassLoader$1::run@1
                      ; - java.security.AccessController::executePrivileged@29
                      ; - java.security.AccessController::doPrivileged@13
                      ; - java.net.URLClassLoader::findClass@13
  0x00000254d882f5c0: 3cc6 81ff 

  0x00000254d882f5c4: ;   {other}
  0x00000254d882f5c4: 0f1f 8400 | 345b 005e | 4c8b d8e9 | 5dd6 ffff | 8bbc 2490 | 0000 00ff 

  0x00000254d882f5dc: ;   {oop(a 'java/io/WinNTFileSystem'{0x0000000080744400})}
  0x00000254d882f5dc: cf48 ba00 | 4474 8000 | 0000 004c | 8b84 2488 | 0000 0044 | 8b8c 2490 | 0000 0048 | 8b6c 2460 
  0x00000254d882f5fc: ;   {optimized virtual_call}
  0x00000254d882f5fc: c5f8 77e8 

  0x00000254d882f600: ; ImmutableOopMap {rbp=Oop [32]=Oop [40]=Oop [48]=NarrowOop [80]=Oop [88]=Oop [96]=Oop [104]=Oop [112]=Oop [120]=NarrowOop [128]=Oop }
                      ;*invokevirtual normalize {reexecute=0 rethrow=0 return_oop=1}
                      ; - java.io.WinNTFileSystem::normalize@137
                      ; - java.io.File::<init>@73
                      ; - jdk.internal.loader.URLClassPath$FileLoader::getResource@73
                      ; - jdk.internal.loader.URLClassPath::getResource@53
                      ; - java.net.URLClassLoader$1::run@26
                      ; - java.net.URLClassLoader$1::run@1
                      ; - java.security.AccessController::executePrivileged@29
                      ; - java.security.AccessController::doPrivileged@13
                      ; - java.net.URLClassLoader::findClass@13
  0x00000254d882f600: 7cf4 7eff 

  0x00000254d882f604: ;   {other}
  0x00000254d882f604: 0f1f 8400 | 745b 005f | 4c8b c8e9 | 96dc ffff | 4489 4c24 | 5c4c 895c | 2448 4c89 

  0x00000254d882f620: ;   {metadata('java/util/jar/Attributes')}
  0x00000254d882f620: 4424 5048 | ba40 8816 | 8054 0200 | 0048 8b6c | 2460 6690 

  0x00000254d882f634: ;   {runtime_call _new_instance_Java}
  0x00000254d882f634: c5f8 77e8 

  0x00000254d882f638: ; ImmutableOopMap {rbp=Oop [32]=Oop [40]=Oop [48]=Oop [64]=Oop [72]=Oop [80]=Oop [88]=NarrowOop [92]=NarrowOop [96]=Oop [104]=Oop [120]=Oop [200]=Oop }
                      ;*new {reexecute=0 rethrow=0 return_oop=1}
                      ; - java.util.jar.Manifest::<init>@5
                      ; - java.util.jar.Manifest::<init>@4
                      ; - java.util.jar.JarFile::getManifestFromReference@143
                      ; - java.util.jar.JarFile::getManifest@1
                      ; - jdk.internal.loader.URLClassPath$JarLoader$2::getManifest@22
                      ; - java.net.URLClassLoader::defineClass@34
                      ; - java.net.URLClassLoader$1::run@43
                      ; - java.net.URLClassLoader$1::run@1
                      ; - java.security.AccessController::executePrivileged@29
                      ; - java.security.AccessController::doPrivileged@13
                      ; - java.net.URLClassLoader::findClass@13
  0x00000254d882f638: c4c5 81ff 

  0x00000254d882f63c: ;   {other}
  0x00000254d882f63c: 0f1f 8400 | ac5b 0060 | 488b e8e9 | e3c8 ffff 

  0x00000254d882f64c: ;   {metadata('java/util/jar/Manifest')}
  0x00000254d882f64c: 48ba a0e1 | 0480 5402 | 0000 4c8b | 5424 504c | 8954 2448 

  0x00000254d882f660: ;   {runtime_call _new_instance_Java}
  0x00000254d882f660: c5f8 77e8 

  0x00000254d882f664: ; ImmutableOopMap {rbp=Oop [32]=Oop [40]=Oop [48]=Oop [64]=Oop [72]=Oop [88]=NarrowOop [96]=Oop [104]=Oop [120]=Oop [200]=Oop }
                      ;*new {reexecute=0 rethrow=0 return_oop=1}
                      ; - java.util.jar.JarFile::getManifestFromReference@134
                      ; - java.util.jar.JarFile::getManifest@1
                      ; - jdk.internal.loader.URLClassPath$JarLoader$2::getManifest@22
                      ; - java.net.URLClassLoader::defineClass@34
                      ; - java.net.URLClassLoader$1::run@43
                      ; - java.net.URLClassLoader$1::run@1
                      ; - java.security.AccessController::executePrivileged@29
                      ; - java.security.AccessController::doPrivileged@13
                      ; - java.net.URLClassLoader::findClass@13
  0x00000254d882f664: 98c5 81ff 

  0x00000254d882f668: ;   {other}
  0x00000254d882f668: 0f1f 8400 | d85b 0061 | e964 c8ff | ff49 8be8 

  0x00000254d882f678: ;   {metadata('java/util/HashMap')}
  0x00000254d882f678: 48ba 68a9 | 0880 5402 | 0000 4c8b | 5424 604c | 8954 2448 

  0x00000254d882f68c: ;   {runtime_call _new_instance_Java}
  0x00000254d882f68c: c5f8 77e8 

  0x00000254d882f690: ; ImmutableOopMap {rbp=Oop [32]=Oop [40]=Oop [48]=Oop [64]=Oop [72]=Oop [80]=Oop [88]=NarrowOop [92]=NarrowOop [96]=Oop [104]=Oop [120]=Oop [128]=Oop [200]=Oop }
                      ;*new {reexecute=0 rethrow=0 return_oop=1}
                      ; - java.util.jar.Manifest::<init>@16
                      ; - java.util.jar.Manifest::<init>@4
                      ; - java.util.jar.JarFile::getManifestFromReference@143
                      ; - java.util.jar.JarFile::getManifest@1
                      ; - jdk.internal.loader.URLClassPath$JarLoader$2::getManifest@22
                      ; - java.net.URLClassLoader::defineClass@34
                      ; - java.net.URLClassLoader$1::run@43
                      ; - java.net.URLClassLoader$1::run@1
                      ; - java.security.AccessController::executePrivileged@29
                      ; - java.security.AccessController::doPrivileged@13
                      ; - java.net.URLClassLoader::findClass@13
  0x00000254d882f690: 6cc5 81ff 

  0x00000254d882f694: ;   {other}
  0x00000254d882f694: 0f1f 8400 | 045c 0062 | 4c8b c54c | 8bc8 e97f | c9ff ffba | f6ff ffff | 4889 5c24 | 204c 896c 
  0x00000254d882f6b4: 2430 6690 

  0x00000254d882f6b8: ;   {runtime_call UncommonTrapBlob}
  0x00000254d882f6b8: c5f8 77e8 

  0x00000254d882f6bc: ; ImmutableOopMap {[32]=Oop [48]=Oop [80]=Oop [104]=Oop }
                      ;*invokevirtual getResource {reexecute=0 rethrow=0 return_oop=0}
                      ; - java.net.URLClassLoader$1::run@26
                      ; - java.net.URLClassLoader$1::run@1
                      ; - java.security.AccessController::executePrivileged@29
                      ; - java.security.AccessController::doPrivileged@13
                      ; - java.net.URLClassLoader::findClass@13
  0x00000254d882f6bc: c04c 7fff 

  0x00000254d882f6c0: ;   {other}
  0x00000254d882f6c0: 0f1f 8400 | 305c 0063 | ba76 ffff | ff49 8bed | 4889 5c24 | 2044 895c | 2430 4489 | 4424 3890 
  0x00000254d882f6e0: ;   {runtime_call UncommonTrapBlob}
  0x00000254d882f6e0: c5f8 77e8 

  0x00000254d882f6e4: ; ImmutableOopMap {rbp=Oop [32]=Oop [48]=NarrowOop [104]=Oop }
                      ;*if_icmpge {reexecute=1 rethrow=0 return_oop=0}
                      ; - (reexecute) java.lang.StringLatin1::replace@19
                      ; - java.lang.String::replace@18
                      ; - java.net.URLClassLoader$1::run@8
                      ; - java.net.URLClassLoader$1::run@1
                      ; - java.security.AccessController::executePrivileged@29
                      ; - java.security.AccessController::doPrivileged@13
                      ; - java.net.URLClassLoader::findClass@13
  0x00000254d882f6e4: 984c 7fff 

  0x00000254d882f6e8: ;   {other}
  0x00000254d882f6e8: 0f1f 8400 | 585c 0064 | ba01 0000 | 00e9 a9b1 | ffff 4863 | d5e9 22b2 | ffff bacc | ffff ff48 
  0x00000254d882f708: 895c 2420 | 4c89 6c24 | 284c 895c | 2438 4889 | 7424 4848 | 897c 2450 | 4489 4c24 | 5866 6690 
  0x00000254d882f728: ;   {runtime_call UncommonTrapBlob}
  0x00000254d882f728: c5f8 77e8 

  0x00000254d882f72c: ; ImmutableOopMap {[32]=Oop [40]=Oop [56]=Oop [80]=Oop [104]=Oop }
                      ;*invokestatic arraycopy {reexecute=0 rethrow=0 return_oop=0}
                      ; - java.lang.String::getBytes@22
                      ; - java.lang.StringConcatHelper::prepend@21
                      ; - java.lang.StringConcatHelper::simpleConcat@71
                      ; - java.lang.String::concat@11
                      ; - java.net.URLClassLoader$1::run@13
                      ; - java.net.URLClassLoader$1::run@1
                      ; - java.security.AccessController::executePrivileged@29
                      ; - java.security.AccessController::doPrivileged@13
                      ; - java.net.URLClassLoader::findClass@13
  0x00000254d882f72c: 504c 7fff 

  0x00000254d882f730: ;   {other}
  0x00000254d882f730: 0f1f 8400 | a05c 0065 | bacc ffff | ff48 895c | 2420 4c89 | 5424 284c | 896c 2430 | 4889 7c24 
  0x00000254d882f750: 4889 4c24 | 5066 6690 

  0x00000254d882f758: ;   {runtime_call UncommonTrapBlob}
  0x00000254d882f758: c5f8 77e8 

  0x00000254d882f75c: ; ImmutableOopMap {[32]=Oop [40]=Oop [48]=Oop [72]=Oop [104]=Oop }
                      ;*invokestatic arraycopy {reexecute=0 rethrow=0 return_oop=0}
                      ; - java.lang.String::getBytes@22
                      ; - java.lang.StringConcatHelper::prepend@21
                      ; - java.lang.StringConcatHelper::simpleConcat@81
                      ; - java.lang.String::concat@11
                      ; - java.net.URLClassLoader$1::run@13
                      ; - java.net.URLClassLoader$1::run@1
                      ; - java.security.AccessController::executePrivileged@29
                      ; - java.security.AccessController::doPrivileged@13
                      ; - java.net.URLClassLoader::findClass@13
  0x00000254d882f75c: 204c 7fff 

  0x00000254d882f760: ;   {other}
  0x00000254d882f760: 0f1f 8400 | d05c 0066 | baf6 ffff | ff48 8b6c | 2458 4c8b | 5424 284c | 8954 2420 | 448b 5424 
  0x00000254d882f780: 3044 8954 | 2428 4c8b | 5424 5044 | 8b44 2440 | 4489 4424 | 2c4c 895c | 2438 4c89 | 5424 404c 
  0x00000254d882f7a0: 8954 2448 

  0x00000254d882f7a4: ;   {runtime_call UncommonTrapBlob}
  0x00000254d882f7a4: c5f8 77e8 

  0x00000254d882f7a8: ; ImmutableOopMap {rbp=Oop [32]=Oop [40]=NarrowOop [56]=Oop [64]=Oop [72]=Oop [104]=Oop }
                      ;*invokevirtual getJarEntry {reexecute=0 rethrow=0 return_oop=0}
                      ; - jdk.internal.loader.URLClassPath$JarLoader::getResource@22
                      ; - jdk.internal.loader.URLClassPath::getResource@53
                      ; - java.net.URLClassLoader$1::run@26
                      ; - java.net.URLClassLoader$1::run@1
                      ; - java.security.AccessController::executePrivileged@29
                      ; - java.security.AccessController::doPrivileged@13
                      ; - java.net.URLClassLoader::findClass@13
  0x00000254d882f7a8: d44b 7fff 

  0x00000254d882f7ac: ;   {other}
  0x00000254d882f7ac: 0f1f 8400 | 1c5d 0067 | ba76 ffff | ff48 895c | 2428 4c89 | 6c24 3044 | 895c 2438 | 4c89 5424 
  0x00000254d882f7cc: 4044 8944 | 244c 4c89 | 6c24 5090 

  0x00000254d882f7d8: ;   {runtime_call UncommonTrapBlob}
  0x00000254d882f7d8: c5f8 77e8 

  0x00000254d882f7dc: ; ImmutableOopMap {[40]=Oop [48]=Oop [56]=NarrowOop [64]=Oop [80]=Oop [104]=Oop }
                      ;*if_icmpge {reexecute=1 rethrow=0 return_oop=0}
                      ; - (reexecute) java.lang.StringLatin1::replace@82
                      ; - java.lang.String::replace@18
                      ; - java.net.URLClassLoader$1::run@8
                      ; - java.net.URLClassLoader$1::run@1
                      ; - java.security.AccessController::executePrivileged@29
                      ; - java.security.AccessController::doPrivileged@13
                      ; - java.net.URLClassLoader::findClass@13
  0x00000254d882f7dc: a04b 7fff 

  0x00000254d882f7e0: ;   {other}
  0x00000254d882f7e0: 0f1f 8400 | 505d 0068 | 498b d244 | 8b84 24ac | 0000 0048 | 8b6c 2460 

  0x00000254d882f7f8: ;   {static_call}
  0x00000254d882f7f8: c5f8 77e8 

  0x00000254d882f7fc: ; ImmutableOopMap {rbp=Oop [32]=Oop [40]=Oop [48]=NarrowOop [80]=Oop [88]=Oop [96]=Oop [104]=Oop [112]=Oop [120]=NarrowOop [128]=Oop [136]=Oop }
                      ;*invokestatic charAt {reexecute=0 rethrow=0 return_oop=0}
                      ; - java.lang.String::charAt@21
                      ; - java.io.WinNTFileSystem::normalize@31
                      ; - java.io.File::<init>@73
                      ; - jdk.internal.loader.URLClassPath$FileLoader::getResource@73
                      ; - jdk.internal.loader.URLClassPath::getResource@53
                      ; - java.net.URLClassLoader$1::run@26
                      ; - java.net.URLClassLoader$1::run@1
                      ; - java.security.AccessController::executePrivileged@29
                      ; - java.security.AccessController::doPrivileged@13
                      ; - java.net.URLClassLoader::findClass@13
  0x00000254d882f7fc: 80f8 7eff 

  0x00000254d882f800: ;   {other}
  0x00000254d882f800: 0f1f 8400 | 705d 0069 | 448b c0e9 | add9 ffff 

  0x00000254d882f810: ;   {metadata('java/net/URL')}
  0x00000254d882f810: 48ba 80a9 | 0180 5402 | 0000 488b | 6c24 6090 

  0x00000254d882f820: ;   {runtime_call _new_instance_Java}
  0x00000254d882f820: c5f8 77e8 

  0x00000254d882f824: ; ImmutableOopMap {rbp=Oop [32]=Oop [40]=Oop [48]=NarrowOop [80]=Oop [88]=Oop [96]=Oop [104]=Oop }
                      ;*new {reexecute=0 rethrow=0 return_oop=1}
                      ; - jdk.internal.loader.URLClassPath$FileLoader::getResource@0
                      ; - jdk.internal.loader.URLClassPath::getResource@53
                      ; - java.net.URLClassLoader$1::run@26
                      ; - java.net.URLClassLoader$1::run@1
                      ; - java.security.AccessController::executePrivileged@29
                      ; - java.security.AccessController::doPrivileged@13
                      ; - java.net.URLClassLoader::findClass@13
  0x00000254d882f824: d8c3 81ff 

  0x00000254d882f828: ;   {other}
  0x00000254d882f828: 0f1f 8400 | 985d 006a | e91a d7ff | ff4c 8b94 | 2480 0000 | 0045 8b5a | 1445 85db | 0f84 35df 
  0x00000254d882f848: ffff 4d8b | 5728 498b | cb4d 85d2 | 0f84 9623 | 0000 4d8b | 5f38 4b89 | 4c13 f849 | 83c2 f84d 
  0x00000254d882f868: 8957 28e9 | 0fdf ffff | 4c8b 5424 | 784d 85d2 | 0f85 97e1 | ffff baf6 | ffff ff4c | 8b54 2428 
  0x00000254d882f888: 4c89 5424 | 2044 8b5c | 2430 4489 | 5c24 2844 | 8b54 2440 | 4489 5424 | 2c4c 8b54 | 2450 4c89 
  0x00000254d882f8a8: 5424 384c | 8b54 2458 | 4c89 5424 | 5066 6690 

  0x00000254d882f8b8: ;   {runtime_call UncommonTrapBlob}
  0x00000254d882f8b8: c5f8 77e8 

  0x00000254d882f8bc: ; ImmutableOopMap {rbp=Oop [32]=Oop [40]=NarrowOop [56]=Oop [80]=Oop [104]=Oop [112]=Oop [128]=Oop }
                      ;*invokevirtual length {reexecute=0 rethrow=0 return_oop=0}
                      ; - java.io.WinNTFileSystem::prefixLength@6
                      ; - java.io.File::<init>@104
                      ; - jdk.internal.loader.URLClassPath$FileLoader::getResource@118
                      ; - jdk.internal.loader.URLClassPath::getResource@53
                      ; - java.net.URLClassLoader$1::run@26
                      ; - java.net.URLClassLoader$1::run@1
                      ; - java.security.AccessController::executePrivileged@29
                      ; - java.security.AccessController::doPrivileged@13
                      ; - java.net.URLClassLoader::findClass@13
  0x00000254d882f8bc: c04a 7fff 

  0x00000254d882f8c0: ;   {other}
  0x00000254d882f8c0: 0f1f 8400 | 305e 006b | 4c8b 9424 | 8000 0000 | 458b 5a10 | 4585 db0f | 84e7 e0ff | ff4d 8b57 
  0x00000254d882f8e0: 2849 8bcb | 4d85 d20f | 8423 2300 | 004d 8b5f | 384b 894c | 13f8 4983 | c2f8 4d89 | 5728 e9c1 
  0x00000254d882f900: e0ff ff4d | 8b57 584d | 8b5f 48f0 | 8344 24c0 | 0080 3900 | 7432 4488 | 214d 85db | 740f 4b89 
  0x00000254d882f920: 4c1a f849 | 83c3 f84d | 895f 48eb | 1b49 8bd7 | c5f8 7749 | ba00 a472 | b8fc 7f00 | 0041 ffd2 
  0x00000254d882f940: ;   {other}
  0x00000254d882f940: 0f1f 8400 | 0000 0000 | 4c8b 9424 | 8000 0000 | 458b 5a10 | 4585 db0f | 8421 ffff | ff4d 8bd3 
  0x00000254d882f960: 4c89 5424 | 78e9 abe0 | ffff 4533 | d245 8bca | e96e daff 

  0x00000254d882f974: ;   {metadata('java/io/File')}
  0x00000254d882f974: ff48 ba10 | f604 8054 | 0200 0090 

  0x00000254d882f980: ;   {runtime_call _new_instance_Java}
  0x00000254d882f980: c5f8 77e8 

  0x00000254d882f984: ; ImmutableOopMap {rbp=Oop [32]=Oop [40]=Oop [48]=NarrowOop [80]=Oop [88]=Oop [96]=Oop [104]=Oop [112]=Oop [120]=NarrowOop }
                      ;*new {reexecute=0 rethrow=0 return_oop=1}
                      ; - jdk.internal.loader.URLClassPath$FileLoader::getResource@56
                      ; - jdk.internal.loader.URLClassPath::getResource@53
                      ; - java.net.URLClassLoader$1::run@26
                      ; - java.net.URLClassLoader$1::run@1
                      ; - java.security.AccessController::executePrivileged@29
                      ; - java.security.AccessController::doPrivileged@13
                      ; - java.net.URLClassLoader::findClass@13
  0x00000254d882f984: 78c2 81ff 

  0x00000254d882f988: ;   {other}
  0x00000254d882f988: 0f1f 8400 | f85e 006c | e9c9 d6ff | ff33 ed45 | 85d2 400f | 94c5 ba45 | ffff ff48 | 895c 2428 
  0x00000254d882f9a8: 4c89 6c24 | 304c 896c | 2438 6690 

  0x00000254d882f9b4: ;   {runtime_call UncommonTrapBlob}
  0x00000254d882f9b4: c5f8 77e8 

  0x00000254d882f9b8: ; ImmutableOopMap {[40]=Oop [48]=Oop [56]=Oop [104]=Oop }
                      ;*ifeq {reexecute=1 rethrow=0 return_oop=0}
                      ; - (reexecute) java.lang.String::replace@9
                      ; - java.net.URLClassLoader$1::run@8
                      ; - java.net.URLClassLoader$1::run@1
                      ; - java.security.AccessController::executePrivileged@29
                      ; - java.security.AccessController::doPrivileged@13
                      ; - java.net.URLClassLoader::findClass@13
  0x00000254d882f9b8: c449 7fff 

  0x00000254d882f9bc: ;   {other}
  0x00000254d882f9bc: 0f1f 8400 | 2c5f 006d | ba76 ffff | ff48 8b6c | 2460 4c8b | 5424 284c | 8954 2420 | 4c8b 5424 
  0x00000254d882f9dc: 684c 8954 | 2430 4c89 | 6c24 4044 | 8944 2448 | 895c 2450 

  0x00000254d882f9f0: ;   {runtime_call UncommonTrapBlob}
  0x00000254d882f9f0: c5f8 77e8 

  0x00000254d882f9f4: ; ImmutableOopMap {rbp=Oop [32]=Oop [48]=Oop [64]=Oop [72]=NarrowOop }
                      ;*iflt {reexecute=1 rethrow=0 return_oop=0}
                      ; - (reexecute) java.lang.StringLatin1::lastIndexOf@19
                      ; - java.lang.String::lastIndexOf@13
                      ; - java.lang.String::lastIndexOf@8
                      ; - java.net.URLClassLoader::defineClass@7
                      ; - java.net.URLClassLoader$1::run@43
                      ; - java.net.URLClassLoader$1::run@1
                      ; - java.security.AccessController::executePrivileged@29
                      ; - java.security.AccessController::doPrivileged@13
                      ; - java.net.URLClassLoader::findClass@13
  0x00000254d882f9f4: 8849 7fff 

  0x00000254d882f9f8: ;   {other}
  0x00000254d882f9f8: 0f1f 8400 | 685f 006e | baf6 ffff | ff48 8b6c | 2460 4c8b | 5424 284c | 8954 2420 | 4c89 6c24 
  0x00000254d882fa18: 284c 8b54 | 2468 4c89 | 5424 3090 

  0x00000254d882fa24: ;   {runtime_call UncommonTrapBlob}
  0x00000254d882fa24: c5f8 77e8 

  0x00000254d882fa28: ; ImmutableOopMap {rbp=Oop [32]=Oop [40]=Oop [48]=Oop [128]=Oop [136]=NarrowOop [200]=Oop }
                      ;*invokevirtual ensureInitialization {reexecute=0 rethrow=0 return_oop=0}
                      ; - java.util.jar.JavaUtilJarAccessImpl::ensureInitialization@1
                      ; - jdk.internal.loader.URLClassPath$JarLoader$2::getManifest@10
                      ; - java.net.URLClassLoader::defineClass@34
                      ; - java.net.URLClassLoader$1::run@43
                      ; - java.net.URLClassLoader$1::run@1
                      ; - java.security.AccessController::executePrivileged@29
                      ; - java.security.AccessController::doPrivileged@13
                      ; - java.net.URLClassLoader::findClass@13
  0x00000254d882fa28: 5449 7fff 

  0x00000254d882fa2c: ;   {other}
  0x00000254d882fa2c: 0f1f 8400 | 9c5f 006f | baf6 ffff | ff48 8b6c | 2460 4c8b | 5424 284c | 8954 2420 | 4c89 6c24 
  0x00000254d882fa4c: 284c 894c | 2448 4c8b | 5424 704c | 8954 2458 

  0x00000254d882fa5c: ;   {runtime_call UncommonTrapBlob}
  0x00000254d882fa5c: c5f8 77e8 

  0x00000254d882fa60: ; ImmutableOopMap {rbp=Oop [32]=Oop [40]=Oop [72]=Oop [128]=Oop [136]=NarrowOop [168]=Oop [200]=Oop }
                      ;*invokevirtual get {reexecute=0 rethrow=0 return_oop=0}
                      ; - java.lang.ClassLoader::getDefinedPackage@13
                      ; - java.net.URLClassLoader::getAndVerifyPackage@2
                      ; - java.net.URLClassLoader::defineClass@46
                      ; - java.net.URLClassLoader$1::run@43
                      ; - java.net.URLClassLoader$1::run@1
                      ; - java.security.AccessController::executePrivileged@29
                      ; - java.security.AccessController::doPrivileged@13
                      ; - java.net.URLClassLoader::findClass@13
  0x00000254d882fa60: 1c49 7fff 

  0x00000254d882fa64: ;   {other}
  0x00000254d882fa64: 0f1f 8400 | d45f 0070 | ba76 ffff | ff48 895c | 2428 4c89 | 6c24 3044 | 895c 2438 | 4489 4424 
  0x00000254d882fa84: 3c4c 8954 | 2440 4c89 | 6c24 5090 

  0x00000254d882fa90: ;   {runtime_call UncommonTrapBlob}
  0x00000254d882fa90: c5f8 77e8 

  0x00000254d882fa94: ; ImmutableOopMap {[40]=Oop [48]=Oop [56]=NarrowOop [64]=Oop [80]=Oop [104]=Oop }
                      ;*if_icmpge {reexecute=1 rethrow=0 return_oop=0}
                      ; - (reexecute) java.lang.StringLatin1::replace@61
                      ; - java.lang.String::replace@18
                      ; - java.net.URLClassLoader$1::run@8
                      ; - java.net.URLClassLoader$1::run@1
                      ; - java.security.AccessController::executePrivileged@29
                      ; - java.security.AccessController::doPrivileged@13
                      ; - java.net.URLClassLoader::findClass@13
  0x00000254d882fa94: e848 7fff 

  0x00000254d882fa98: ;   {other}
  0x00000254d882fa98: 0f1f 8400 | 0860 0071 | ba01 0000 | 00e9 75ac | ffff ba6e | ffff ff48 | 8b6c 2460 | 4c8b 5424 
  0x00000254d882fab8: 284c 8954 | 2420 4c8b | 5424 684c | 8954 2430 | 4c89 6c24 | 4044 8944 | 2448 895c | 2450 6690 
  0x00000254d882fad8: ;   {runtime_call UncommonTrapBlob}
  0x00000254d882fad8: c5f8 77e8 

  0x00000254d882fadc: ; ImmutableOopMap {rbp=Oop [32]=Oop [48]=Oop [64]=Oop [72]=NarrowOop }
                      ;*iflt {reexecute=1 rethrow=0 return_oop=0}
                      ; - (reexecute) java.lang.StringLatin1::lastIndexOf@19
                      ; - java.lang.String::lastIndexOf@13
                      ; - java.lang.String::lastIndexOf@8
                      ; - java.net.URLClassLoader::defineClass@7
                      ; - java.net.URLClassLoader$1::run@43
                      ; - java.net.URLClassLoader$1::run@1
                      ; - java.security.AccessController::executePrivileged@29
                      ; - java.security.AccessController::doPrivileged@13
                      ; - java.net.URLClassLoader::findClass@13
  0x00000254d882fadc: a048 7fff 

  0x00000254d882fae0: ;   {other}
  0x00000254d882fae0: 0f1f 8400 | 5060 0072 | bade ffff | ff48 8b6c | 2460 4c8b | 5424 284c | 8954 2420 | 4c8b 5424 
  0x00000254d882fb00: 684c 8954 | 2430 4c89 | 6c24 404c | 896c 2448 | 4c8b 5424 | 704c 8954 | 2460 6690 

  0x00000254d882fb1c: ;   {runtime_call UncommonTrapBlob}
  0x00000254d882fb1c: c5f8 77e8 

  0x00000254d882fb20: ; ImmutableOopMap {rbp=Oop [32]=Oop [48]=Oop [64]=Oop [72]=Oop [136]=NarrowOop [200]=Oop }
                      ;*invokevirtual getManifest {reexecute=0 rethrow=0 return_oop=0}
                      ; - java.net.URLClassLoader::defineClass@34
                      ; - java.net.URLClassLoader$1::run@43
                      ; - java.net.URLClassLoader$1::run@1
                      ; - java.security.AccessController::executePrivileged@29
                      ; - java.security.AccessController::doPrivileged@13
                      ; - java.net.URLClassLoader::findClass@13
  0x00000254d882fb20: 5c48 7fff 

  0x00000254d882fb24: ;   {other}
  0x00000254d882fb24: 0f1f 8400 | 9460 0073 | bade ffff | ff48 8b6c | 2460 4c8b | 5424 284c | 8954 2420 | 4c89 6c24 
  0x00000254d882fb44: 284c 8b54 | 2468 4c89 | 5424 304c | 8b94 2480 | 0000 004c | 8954 2450 | 4c8b 5424 | 704c 8954 
  0x00000254d882fb64: 2458 4489 | 5c24 6444 | 8944 2478 

  0x00000254d882fb70: ;   {runtime_call UncommonTrapBlob}
  0x00000254d882fb70: c5f8 77e8 

  0x00000254d882fb74: ; ImmutableOopMap {rbp=Oop [32]=Oop [40]=Oop [48]=Oop [80]=Oop [100]=NarrowOop [120]=NarrowOop [136]=NarrowOop [200]=Oop }
                      ;*invokeinterface ensureInitialization {reexecute=0 rethrow=0 return_oop=0}
                      ; - jdk.internal.loader.URLClassPath$JarLoader$2::getManifest@10
                      ; - java.net.URLClassLoader::defineClass@34
                      ; - java.net.URLClassLoader$1::run@43
                      ; - java.net.URLClassLoader$1::run@1
                      ; - java.security.AccessController::executePrivileged@29
                      ; - java.security.AccessController::doPrivileged@13
                      ; - java.net.URLClassLoader::findClass@13
  0x00000254d882fb74: 0848 7fff 

  0x00000254d882fb78: ;   {other}
  0x00000254d882fb78: 0f1f 8400 | e860 0074 | 4c89 5c24 | 5044 8944 | 2434 4c8b | 9424 8000 | 0000 4c89 | 5424 4848 
  0x00000254d882fb98: 8974 2440 | 448b 9c24 | 8800 0000 | 4489 5c24 | 304c 896c | 2420 488b | 6c24 6048 | 8b54 2450 
  0x00000254d882fbb8: 4c8d 8424 | e000 0000 

  0x00000254d882fbc0: ;   {runtime_call _complete_monitor_locking_Java}
  0x00000254d882fbc0: c5f8 77e8 

  0x00000254d882fbc4: ; ImmutableOopMap {rbp=Oop [32]=Oop [40]=Oop [48]=NarrowOop [52]=NarrowOop [64]=Oop [72]=Oop [80]=Oop [96]=Oop [104]=Oop [128]=Oop [200]=Oop }
                      ;*synchronization entry
                      ; - java.util.jar.JarFile::ensureInitialization@-1
                      ; - java.util.jar.JavaUtilJarAccessImpl::ensureInitialization@1
                      ; - jdk.internal.loader.URLClassPath$JarLoader$2::getManifest@10
                      ; - java.net.URLClassLoader::defineClass@34
                      ; - java.net.URLClassLoader$1::run@43
                      ; - java.net.URLClassLoader$1::run@1
                      ; - java.security.AccessController::executePrivileged@29
                      ; - java.security.AccessController::doPrivileged@13
                      ; - java.net.URLClassLoader::findClass@13
  0x00000254d882fbc4: 3817 82ff 

  0x00000254d882fbc8: ;   {other}
  0x00000254d882fbc8: 0f1f 8400 | 3861 0075 | 4c8b 6c24 | 2044 8b54 | 2430 4489 | 9424 8800 | 0000 448b | 4424 344c 
  0x00000254d882fbe8: 8b5c 2450 | 488b 7424 | 40e9 1eb6 | ffff 488b | ee49 8bcb | 488d 9424 | e000 0000 | 4d8b c7c5 
  0x00000254d882fc08: f877 49ba | 40d9 b3b8 | fc7f 0000 

  0x00000254d882fc14: ;   {other}
  0x00000254d882fc14: 41ff d20f | 1f84 0000 | 0000 0048 | 8bf5 e9a2 | b6ff ffba | deff ffff | 4c8b 5424 | 604c 8954 
  0x00000254d882fc34: 2420 4c89 | 6c24 304c | 8b54 2468 | 4c89 5424 | 384c 8b54 | 2470 4c89 | 5424 6090 

  0x00000254d882fc50: ;   {runtime_call UncommonTrapBlob}
  0x00000254d882fc50: c5f8 77e8 

  0x00000254d882fc54: ; ImmutableOopMap {rbp=NarrowOop [32]=Oop [40]=Oop [48]=Oop [56]=Oop [128]=Oop [136]=NarrowOop [200]=Oop }
                      ;*invokevirtual getManifest {reexecute=0 rethrow=0 return_oop=0}
                      ; - jdk.internal.loader.URLClassPath$JarLoader$2::getManifest@22
                      ; - java.net.URLClassLoader::defineClass@34
                      ; - java.net.URLClassLoader$1::run@43
                      ; - java.net.URLClassLoader$1::run@1
                      ; - java.security.AccessController::executePrivileged@29
                      ; - java.security.AccessController::doPrivileged@13
                      ; - java.net.URLClassLoader::findClass@13
  0x00000254d882fc54: 2847 7fff 

  0x00000254d882fc58: ;   {other}
  0x00000254d882fc58: 0f1f 8400 | c861 0076 

  0x00000254d882fc60: ;   {metadata('jdk/internal/loader/URLClassPath$FileLoader$1')}
  0x00000254d882fc60: 48ba 0869 | 5781 5402 | 0000 6690 

  0x00000254d882fc6c: ;   {runtime_call _new_instance_Java}
  0x00000254d882fc6c: c5f8 77e8 

  0x00000254d882fc70: ; ImmutableOopMap {rbp=Oop [32]=Oop [40]=Oop [48]=NarrowOop [80]=Oop [88]=Oop [96]=Oop [104]=Oop [112]=Oop [120]=Oop }
                      ;*new {reexecute=0 rethrow=0 return_oop=1}
                      ; - jdk.internal.loader.URLClassPath$FileLoader::getResource@131
                      ; - jdk.internal.loader.URLClassPath::getResource@53
                      ; - java.net.URLClassLoader$1::run@26
                      ; - java.net.URLClassLoader$1::run@1
                      ; - java.security.AccessController::executePrivileged@29
                      ; - java.security.AccessController::doPrivileged@13
                      ; - java.net.URLClassLoader::findClass@13
  0x00000254d882fc70: 8cbf 81ff 

  0x00000254d882fc74: ;   {other}
  0x00000254d882fc74: 0f1f 8400 | e461 0077 | e953 d9ff | ffba 45ff | ffff 4889 | 5c24 204c | 896c 2428 | 4c89 5c24 
  0x00000254d882fc94: 3844 894c | 2440 6690 

  0x00000254d882fc9c: ;   {runtime_call UncommonTrapBlob}
  0x00000254d882fc9c: c5f8 77e8 

  0x00000254d882fca0: ; ImmutableOopMap {[32]=Oop [40]=Oop [56]=Oop [104]=Oop }
                      ;*iflt {reexecute=1 rethrow=0 return_oop=0}
                      ; - (reexecute) java.lang.StringConcatHelper::checkOverflow@2
                      ; - java.lang.StringConcatHelper::mix@23
                      ; - java.lang.StringConcatHelper::simpleConcat@46
                      ; - java.lang.String::concat@11
                      ; - java.net.URLClassLoader$1::run@13
                      ; - java.net.URLClassLoader$1::run@1
                      ; - java.security.AccessController::executePrivileged@29
                      ; - java.security.AccessController::doPrivileged@13
                      ; - java.net.URLClassLoader::findClass@13
  0x00000254d882fca0: dc46 7fff 

  0x00000254d882fca4: ;   {other}
  0x00000254d882fca4: 0f1f 8400 | 1462 0078 | ba45 ffff | ff48 895c | 2428 4c89 | 6c24 304c | 895c 2440 

  0x00000254d882fcc0: ;   {runtime_call UncommonTrapBlob}
  0x00000254d882fcc0: c5f8 77e8 

  0x00000254d882fcc4: ; ImmutableOopMap {[40]=Oop [48]=Oop [64]=Oop [104]=Oop }
                      ;*iflt {reexecute=1 rethrow=0 return_oop=0}
                      ; - (reexecute) java.lang.StringConcatHelper::checkOverflow@2
                      ; - java.lang.StringConcatHelper::mix@23
                      ; - java.lang.StringConcatHelper::simpleConcat@54
                      ; - java.lang.String::concat@11
                      ; - java.net.URLClassLoader$1::run@13
                      ; - java.net.URLClassLoader$1::run@1
                      ; - java.security.AccessController::executePrivileged@29
                      ; - java.security.AccessController::doPrivileged@13
                      ; - java.net.URLClassLoader::findClass@13
  0x00000254d882fcc4: b846 7fff 

  0x00000254d882fcc8: ;   {other}
  0x00000254d882fcc8: 0f1f 8400 | 3862 0079 | ba45 ffff | ff48 895c | 2420 4c89 | 6c24 284c | 895c 2440 | 4889 7c24 
  0x00000254d882fce8: 4844 8944 | 2450 6690 

  0x00000254d882fcf0: ;   {runtime_call UncommonTrapBlob}
  0x00000254d882fcf0: c5f8 77e8 

  0x00000254d882fcf4: ; ImmutableOopMap {[32]=Oop [40]=Oop [64]=Oop [72]=Oop [104]=Oop }
                      ;*if_icmpne {reexecute=1 rethrow=0 return_oop=0}
                      ; - (reexecute) java.lang.String::getBytes@5
                      ; - java.lang.StringConcatHelper::prepend@21
                      ; - java.lang.StringConcatHelper::simpleConcat@81
                      ; - java.lang.String::concat@11
                      ; - java.net.URLClassLoader$1::run@13
                      ; - java.net.URLClassLoader$1::run@1
                      ; - java.security.AccessController::executePrivileged@29
                      ; - java.security.AccessController::doPrivileged@13
                      ; - java.net.URLClassLoader::findClass@13
  0x00000254d882fcf4: 8846 7fff 

  0x00000254d882fcf8: ;   {other}
  0x00000254d882fcf8: 0f1f 8400 | 6862 007a | ba45 ffff | ff48 895c | 2420 4c89 | 6c24 284c | 895c 2438 | 4889 7424 
  0x00000254d882fd18: 4044 8944 | 2448 6690 

  0x00000254d882fd20: ;   {runtime_call UncommonTrapBlob}
  0x00000254d882fd20: c5f8 77e8 

  0x00000254d882fd24: ; ImmutableOopMap {[32]=Oop [40]=Oop [56]=Oop [104]=Oop }
                      ;*if_icmpne {reexecute=1 rethrow=0 return_oop=0}
                      ; - (reexecute) java.lang.StringConcatHelper::mix@13
                      ; - java.lang.StringConcatHelper::simpleConcat@46
                      ; - java.lang.String::concat@11
                      ; - java.net.URLClassLoader$1::run@13
                      ; - java.net.URLClassLoader$1::run@1
                      ; - java.security.AccessController::executePrivileged@29
                      ; - java.security.AccessController::doPrivileged@13
                      ; - java.net.URLClassLoader::findClass@13
  0x00000254d882fd24: 5846 7fff 

  0x00000254d882fd28: ;   {other}
  0x00000254d882fd28: 0f1f 8400 | 9862 007b | ba45 ffff | ff48 895c | 2428 4c89 | 6c24 304c | 895c 2440 | 4889 4424 
  0x00000254d882fd48: 4866 6690 

  0x00000254d882fd4c: ;   {runtime_call UncommonTrapBlob}
  0x00000254d882fd4c: c5f8 77e8 

  0x00000254d882fd50: ; ImmutableOopMap {[40]=Oop [48]=Oop [64]=Oop [104]=Oop }
                      ;*ifge {reexecute=1 rethrow=0 return_oop=0}
                      ; - (reexecute) java.lang.StringConcatHelper::newArray@13
                      ; - java.lang.StringConcatHelper::simpleConcat@61
                      ; - java.lang.String::concat@11
                      ; - java.net.URLClassLoader$1::run@13
                      ; - java.net.URLClassLoader$1::run@1
                      ; - java.security.AccessController::executePrivileged@29
                      ; - java.security.AccessController::doPrivileged@13
                      ; - java.net.URLClassLoader::findClass@13
  0x00000254d882fd50: 2c46 7fff 

  0x00000254d882fd54: ;   {other}
  0x00000254d882fd54: 0f1f 8400 | c462 007c | 4533 c0e9 | 84de ffff | 448b 9c24 | ac00 0000 | 41ff cb44 | 899c 24ac 
  0x00000254d882fd74: 0000 00e9 | 67f5 ffff | baf6 ffff | ff48 8b6c | 2460 4c8b | 5424 284c | 8954 2420 | 4c89 6c24 
  0x00000254d882fd94: 284c 894c | 2448 4c8b | 5424 704c | 8954 2458 | 4c89 5c24 | 7866 6690 

  0x00000254d882fdac: ;   {runtime_call UncommonTrapBlob}
  0x00000254d882fdac: c5f8 77e8 

  0x00000254d882fdb0: ; ImmutableOopMap {rbp=Oop [32]=Oop [40]=Oop [72]=Oop [120]=Oop [128]=Oop [136]=NarrowOop [168]=Oop }
                      ;*invokevirtual get {reexecute=0 rethrow=0 return_oop=0}
                      ; - java.lang.ClassLoader::definePackage@47
                      ; - java.lang.ClassLoader::getDefinedPackage@32
                      ; - java.net.URLClassLoader::getAndVerifyPackage@2
                      ; - java.net.URLClassLoader::defineClass@46
                      ; - java.net.URLClassLoader$1::run@43
                      ; - java.net.URLClassLoader$1::run@1
                      ; - java.security.AccessController::executePrivileged@29
                      ; - java.security.AccessController::doPrivileged@13
                      ; - java.net.URLClassLoader::findClass@13
  0x00000254d882fdb0: cc45 7fff 

  0x00000254d882fdb4: ;   {other}
  0x00000254d882fdb4: 0f1f 8400 | 2463 007d | ba45 ffff | ff48 8b6c | 2460 4c8b | 5424 284c | 8954 2420 | 4c89 6c24 
  0x00000254d882fdd4: 284c 894c | 2440 4c89 | 4c24 484c | 8b94 2480 | 0000 004c | 8954 2460 | 4c8b 5424 | 704c 8954 
  0x00000254d882fdf4: 2468 448b | 8424 8800 | 0000 4489 | 4424 744c | 899c 2488 | 0000 0044 | 89b4 24a0 | 0000 0090 
  0x00000254d882fe14: ;   {runtime_call UncommonTrapBlob}
  0x00000254d882fe14: c5f8 77e8 

  0x00000254d882fe18: ; ImmutableOopMap {rbp=Oop [32]=Oop [40]=Oop [64]=Oop [72]=Oop [96]=Oop [116]=NarrowOop [136]=Oop [160]=NarrowOop [168]=Oop }
                      ;*ifeq {reexecute=1 rethrow=0 return_oop=0}
                      ; - (reexecute) java.lang.ClassLoader::definePackage@4
                      ; - java.lang.ClassLoader::getDefinedPackage@32
                      ; - java.net.URLClassLoader::getAndVerifyPackage@2
                      ; - java.net.URLClassLoader::defineClass@46
                      ; - java.net.URLClassLoader$1::run@43
                      ; - java.net.URLClassLoader$1::run@1
                      ; - java.security.AccessController::executePrivileged@29
                      ; - java.security.AccessController::doPrivileged@13
                      ; - java.net.URLClassLoader::findClass@13
  0x00000254d882fe18: 6445 7fff 

  0x00000254d882fe1c: ;   {other}
  0x00000254d882fe1c: 0f1f 8400 | 8c63 007e | bae4 ffff | ff4c 8b5c | 2460 4c89 | 5c24 204c | 8b5c 2450 | 448b 4424 
  0x00000254d882fe3c: 4044 8944 | 2434 4c89 | 5c24 404c | 8b5c 2468 | 4c89 5c24 | 504c 8b5c | 2470 4c89 | 5c24 604c 
  0x00000254d882fe5c: 8b9c 2480 | 0000 004c | 895c 2470 | 448b 8424 | a800 0000 | 4489 8424 | 9800 0000 | 4489 9424 
  0x00000254d882fe7c: a000 0000 

  0x00000254d882fe80: ;   {runtime_call UncommonTrapBlob}
  0x00000254d882fe80: c5f8 77e8 

  0x00000254d882fe84: ; ImmutableOopMap {[32]=Oop [40]=Oop [48]=NarrowOop [64]=Oop [80]=Oop [88]=Oop [96]=Oop [112]=Oop [120]=NarrowOop [128]=Oop [136]=Oop [160]=NarrowOop }
                      ;*invokestatic checkIndex {reexecute=0 rethrow=0 return_oop=0}
                      ; - java.lang.String::checkIndex@5
                      ; - java.lang.StringLatin1::charAt@3
                      ; - java.lang.String::charAt@12
                      ; - java.io.WinNTFileSystem::normalize@31
                      ; - java.io.File::<init>@73
                      ; - jdk.internal.loader.URLClassPath$FileLoader::getResource@73
                      ; - jdk.internal.loader.URLClassPath::getResource@53
                      ; - java.net.URLClassLoader$1::run@26
                      ; - java.net.URLClassLoader$1::run@1
                      ; - java.security.AccessController::executePrivileged@29
                      ; - java.security.AccessController::doPrivileged@13
                      ; - java.net.URLClassLoader::findClass@13
  0x00000254d882fe84: f844 7fff 

  0x00000254d882fe88: ;   {other}
  0x00000254d882fe88: 0f1f 8400 | f863 007f | 33ed 85c9 | 400f 94c5 | ba45 ffff | ff4c 8b5c | 2460 4c89 | 5c24 204c 
  0x00000254d882fea8: 8b5c 2468 | 4c89 5c24 | 384c 896c | 2448 4889 | 4424 6844 | 8954 2470 

  0x00000254d882fec0: ;   {runtime_call UncommonTrapBlob}
  0x00000254d882fec0: c5f8 77e8 

  0x00000254d882fec4: ; ImmutableOopMap {[32]=Oop [40]=Oop [56]=Oop [72]=Oop }
                      ;*ifeq {reexecute=1 rethrow=0 return_oop=0}
                      ; - (reexecute) java.lang.String::lastIndexOf@4
                      ; - java.lang.String::lastIndexOf@8
                      ; - java.net.URLClassLoader::defineClass@7
                      ; - java.net.URLClassLoader$1::run@43
                      ; - java.net.URLClassLoader$1::run@1
                      ; - java.security.AccessController::executePrivileged@29
                      ; - java.security.AccessController::doPrivileged@13
                      ; - java.net.URLClassLoader::findClass@13
  0x00000254d882fec4: b844 7fff 

  0x00000254d882fec8: ;   {other}
  0x00000254d882fec8: 0f1f 8400 | 3864 0080 | ba45 ffff | ff48 8b6c | 2460 4c8b | 4424 284c | 8944 2420 | 4c89 6c24 
  0x00000254d882fee8: 4044 8954 | 2454 4489 | 5424 5844 | 895c 247c 

  0x00000254d882fef8: ;   {runtime_call UncommonTrapBlob}
  0x00000254d882fef8: c5f8 77e8 

  0x00000254d882fefc: ; ImmutableOopMap {rbp=Oop [32]=Oop [64]=Oop [104]=Oop [136]=NarrowOop }
                      ;*if_icmpgt {reexecute=1 rethrow=0 return_oop=0}
                      ; - (reexecute) jdk.internal.util.Preconditions::checkFromToIndex@6
                      ; - java.lang.String::checkBoundsBeginEnd@6
                      ; - java.lang.String::substring@8
                      ; - java.net.URLClassLoader::defineClass@28
                      ; - java.net.URLClassLoader$1::run@43
                      ; - java.net.URLClassLoader$1::run@1
                      ; - java.security.AccessController::executePrivileged@29
                      ; - java.security.AccessController::doPrivileged@13
                      ; - java.net.URLClassLoader::findClass@13
  0x00000254d882fefc: 8044 7fff 

  0x00000254d882ff00: ;   {other}
  0x00000254d882ff00: 0f1f 8400 | 7064 0081 | 448b d3e9 | b2af ffff | ba45 ffff | ff48 8b6c | 2460 4c8b | 5424 284c 
  0x00000254d882ff20: 8954 2420 | 4c89 6c24 | 284c 894c | 2440 4c89 | 4c24 484c | 8b94 2480 | 0000 004c | 8954 2460 
  0x00000254d882ff40: 4c8b 5424 | 704c 8954 | 2468 448b | 8c24 8800 | 0000 4489 | 4c24 744c | 899c 2488 | 0000 0044 
  0x00000254d882ff60: 8984 24a0 | 0000 0090 

  0x00000254d882ff68: ;   {runtime_call UncommonTrapBlob}
  0x00000254d882ff68: c5f8 77e8 

  0x00000254d882ff6c: ; ImmutableOopMap {rbp=Oop [32]=Oop [40]=Oop [64]=Oop [72]=Oop [96]=Oop [116]=NarrowOop [136]=Oop [168]=Oop }
                      ;*ifle {reexecute=1 rethrow=0 return_oop=0}
                      ; - (reexecute) java.util.concurrent.ConcurrentHashMap::get@23
                      ; - java.lang.ClassLoader::getDefinedPackage@13
                      ; - java.net.URLClassLoader::getAndVerifyPackage@2
                      ; - java.net.URLClassLoader::defineClass@46
                      ; - java.net.URLClassLoader$1::run@43
                      ; - java.net.URLClassLoader$1::run@1
                      ; - java.security.AccessController::executePrivileged@29
                      ; - java.security.AccessController::doPrivileged@13
                      ; - java.net.URLClassLoader::findClass@13
  0x00000254d882ff6c: 1044 7fff 

  0x00000254d882ff70: ;   {other}
  0x00000254d882ff70: 0f1f 8400 | e064 0082 | 8bbc 2490 | 0000 00ff 

  0x00000254d882ff80: ;   {oop(a 'java/io/WinNTFileSystem'{0x0000000080744400})}
  0x00000254d882ff80: cf48 ba00 | 4474 8000 | 0000 004c | 8b84 2488 | 0000 0044 | 8b8c 2490 | 0000 0048 | 8b6c 2460 
  0x00000254d882ffa0: ;   {optimized virtual_call}
  0x00000254d882ffa0: c5f8 77e8 

  0x00000254d882ffa4: ; ImmutableOopMap {rbp=Oop [32]=Oop [40]=Oop [48]=NarrowOop [80]=Oop [88]=Oop [96]=Oop [104]=Oop [112]=Oop [120]=NarrowOop [128]=Oop }
                      ;*invokevirtual normalize {reexecute=0 rethrow=0 return_oop=1}
                      ; - java.io.WinNTFileSystem::normalize@137
                      ; - java.io.File::<init>@73
                      ; - jdk.internal.loader.URLClassPath$FileLoader::getResource@118
                      ; - jdk.internal.loader.URLClassPath::getResource@53
                      ; - java.net.URLClassLoader$1::run@26
                      ; - java.net.URLClassLoader$1::run@1
                      ; - java.security.AccessController::executePrivileged@29
                      ; - java.security.AccessController::doPrivileged@13
                      ; - java.net.URLClassLoader::findClass@13
  0x00000254d882ffa4: d8ea 7eff 

  0x00000254d882ffa8: ;   {other}
  0x00000254d882ffa8: 0f1f 8400 | 1865 0083 | 4c8b c8e9 | d2d9 ffff | ba45 ffff | ff48 8b6c | 2438 4c8b | 5424 284c 
  0x00000254d882ffc8: 8954 2420 | 4c8b 5424 | 684c 8954 | 2450 4c8b | 5424 704c | 8954 2458 | 4889 4424 | 7066 6690 
  0x00000254d882ffe8: ;   {runtime_call UncommonTrapBlob}
  0x00000254d882ffe8: c5f8 77e8 

  0x00000254d882ffec: ; ImmutableOopMap {rbp=Oop [32]=Oop [64]=Oop [80]=Oop [112]=Oop [136]=NarrowOop }
                      ;*ifnull {reexecute=1 rethrow=0 return_oop=0}
                      ; - (reexecute) java.net.URLClassLoader::defineClass@139
                      ; - java.net.URLClassLoader$1::run@43
                      ; - java.net.URLClassLoader$1::run@1
                      ; - java.security.AccessController::executePrivileged@29
                      ; - java.security.AccessController::doPrivileged@13
                      ; - java.net.URLClassLoader::findClass@13
  0x00000254d882ffec: 9043 7fff 

  0x00000254d882fff0: ;   {other}
  0x00000254d882fff0: 0f1f 8400 | 6065 0084 | ba45 ffff | ff48 8b6c | 2460 4c8b | 4424 284c | 8944 2420 | 4c89 6c24 
  0x00000254d8830010: 4044 8954 | 2454 4489 | 5424 5844 | 895c 247c | 4489 9c24 | 8000 0000 

  0x00000254d8830028: ;   {runtime_call UncommonTrapBlob}
  0x00000254d8830028: c5f8 77e8 

  0x00000254d883002c: ; ImmutableOopMap {rbp=Oop [32]=Oop [64]=Oop [104]=Oop [136]=NarrowOop }
                      ;*if_icmple {reexecute=1 rethrow=0 return_oop=0}
                      ; - (reexecute) jdk.internal.util.Preconditions::checkFromToIndex@11
                      ; - java.lang.String::checkBoundsBeginEnd@6
                      ; - java.lang.String::substring@8
                      ; - java.net.URLClassLoader::defineClass@28
                      ; - java.net.URLClassLoader$1::run@43
                      ; - java.net.URLClassLoader$1::run@1
                      ; - java.security.AccessController::executePrivileged@29
                      ; - java.security.AccessController::doPrivileged@13
                      ; - java.net.URLClassLoader::findClass@13
  0x00000254d883002c: 5043 7fff 

  0x00000254d8830030: ;   {other}
  0x00000254d8830030: 0f1f 8400 | a065 0085 | ba45 ffff | ff4c 8b54 | 2460 4c89 | 5424 204c | 896c 2430 | 4c8b 5424 
  0x00000254d8830050: 684c 8954 | 2438 4c8b | 9424 8000 | 0000 4c89 | 5424 584c | 8b54 2470 | 4c89 5424 | 6044 8984 
  0x00000254d8830070: 2480 0000 | 0066 6690 

  0x00000254d8830078: ;   {runtime_call UncommonTrapBlob}
  0x00000254d8830078: c5f8 77e8 

  0x00000254d883007c: ; ImmutableOopMap {rbp=NarrowOop [32]=Oop [40]=Oop [48]=Oop [56]=Oop [88]=Oop [128]=NarrowOop [136]=NarrowOop [200]=Oop }
                      ;*ifnull {reexecute=1 rethrow=0 return_oop=0}
                      ; - (reexecute) java.util.jar.JarFile::maybeInstantiateVerifier@4
                      ; - java.util.jar.JarFile::ensureInitialization@1
                      ; - java.util.jar.JavaUtilJarAccessImpl::ensureInitialization@1
                      ; - jdk.internal.loader.URLClassPath$JarLoader$2::getManifest@10
                      ; - java.net.URLClassLoader::defineClass@34
                      ; - java.net.URLClassLoader$1::run@43
                      ; - java.net.URLClassLoader$1::run@1
                      ; - java.security.AccessController::executePrivileged@29
                      ; - java.security.AccessController::doPrivileged@13
                      ; - java.net.URLClassLoader::findClass@13
  0x00000254d883007c: 0043 7fff 

  0x00000254d8830080: ;   {other}
  0x00000254d8830080: 0f1f 8400 | f065 0086 | 4c89 5c24 | 3848 8974 | 2420 498b | d7c5 f877 | 49ba 20a4 | 72b8 fc7f 
  0x00000254d88300a0: 0000 41ff 

  0x00000254d88300a4: ;   {other}
  0x00000254d88300a4: d20f 1f84 | 0000 0000 | 004c 8b5c | 2438 488b | 7424 20e9 | 4eb2 ffff | 4d63 dae9 | 80af ffff 
  0x00000254d88300c4: 4983 c3fe | 498b cb48 | 8bfa 4833 | c048 83f9 | 087f 1048 | ffc9 784f | 4889 04cf | 48ff c97d 
  0x00000254d88300e4: f7eb 44c5 | fdef c0e9 | 0d00 0000 | c5fe 7f07 | c5fe 7f47 | 2048 83c7 | 4048 83e9 | 087d ed48 
  0x00000254d8830104: 83c1 047c | 0cc5 fe7f | 0748 83c7 | 2048 83e9 | 0448 83c1 | 047e 1048 | ffc9 c5f9 | d607 4883 
  0x00000254d8830124: c708 48ff | c97d f3e9 | d6af ffff | bacc ffff | ff48 8b6c | 2460 4c8b | 5c24 284c | 895c 2420 
  0x00000254d8830144: 4c8b 5c24 | 684c 895c | 2430 4c89 | 6c24 4044 | 8944 2448 | 4489 5424 | 504c 8b54 | 2470 4c89 
  0x00000254d8830164: 5424 6848 | 895c 2478 

  0x00000254d883016c: ;   {runtime_call UncommonTrapBlob}
  0x00000254d883016c: c5f8 77e8 

  0x00000254d8830170: ; ImmutableOopMap {rbp=Oop [32]=Oop [48]=Oop [64]=Oop [72]=NarrowOop [120]=Oop [136]=NarrowOop }
                      ;*newarray {reexecute=1 rethrow=0 return_oop=0}
                      ; - (reexecute) java.util.Arrays::copyOfRangeByte@10
                      ; - java.util.Arrays::copyOfRange@13
                      ; - java.lang.StringLatin1::newString@16
                      ; - java.lang.String::substring@41
                      ; - java.net.URLClassLoader::defineClass@28
                      ; - java.net.URLClassLoader$1::run@43
                      ; - java.net.URLClassLoader$1::run@1
                      ; - java.security.AccessController::executePrivileged@29
                      ; - java.security.AccessController::doPrivileged@13
                      ; - java.net.URLClassLoader::findClass@13
  0x00000254d8830170: 0c42 7fff 

  0x00000254d8830174: ;   {other}
  0x00000254d8830174: 0f1f 8400 | e466 0087 | 4c89 7424 | 204c 8bf3 | 498b d7c5 | f877 49ba | 20a4 72b8 | fc7f 0000 
  0x00000254d8830194: ;   {other}
  0x00000254d8830194: 41ff d20f | 1f84 0000 | 0000 0049 | 8bde 4c8b | 7424 20e9 | 65af ffff | ba45 ffff | ff48 8b6c 
  0x00000254d88301b4: 2460 4c8b | 5424 284c | 8954 2420 | 4c89 6c24 | 284c 894c | 2440 4c89 | 4c24 484c | 8b94 2480 
  0x00000254d88301d4: 0000 004c | 8954 2460 | 4c8b 5424 | 704c 8954 | 2468 448b | 8c24 8800 | 0000 4489 | 4c24 744c 
  0x00000254d88301f4: 899c 2488 | 0000 0044 | 89b4 24a0 | 0000 0044 | 8984 24a4 | 0000 0090 

  0x00000254d883020c: ;   {runtime_call UncommonTrapBlob}
  0x00000254d883020c: c5f8 77e8 

  0x00000254d8830210: ; ImmutableOopMap {rbp=Oop [32]=Oop [40]=Oop [64]=Oop [72]=Oop [96]=Oop [116]=NarrowOop [136]=Oop [160]=NarrowOop [168]=Oop }
                      ;*ifle {reexecute=1 rethrow=0 return_oop=0}
                      ; - (reexecute) java.util.concurrent.ConcurrentHashMap::get@23
                      ; - java.lang.ClassLoader::definePackage@47
                      ; - java.lang.ClassLoader::getDefinedPackage@32
                      ; - java.net.URLClassLoader::getAndVerifyPackage@2
                      ; - java.net.URLClassLoader::defineClass@46
                      ; - java.net.URLClassLoader$1::run@43
                      ; - java.net.URLClassLoader$1::run@1
                      ; - java.security.AccessController::executePrivileged@29
                      ; - java.security.AccessController::doPrivileged@13
                      ; - java.net.URLClassLoader::findClass@13
  0x00000254d8830210: 6c41 7fff 

  0x00000254d8830214: ;   {other}
  0x00000254d8830214: 0f1f 8400 | 8467 0088 | ba45 ffff | ff4c 8b54 | 2430 4c89 | 5424 204c | 8b54 2440 | 4c89 5424 
  0x00000254d8830234: 304c 8b94 | 2480 0000 | 004c 8954 | 2460 4c8b | 5424 704c | 8954 2468 | 448b 9c24 | 8800 0000 
  0x00000254d8830254: 4489 5c24 | 7489 8424 | 8800 0000 

  0x00000254d8830260: ;   {runtime_call UncommonTrapBlob}
  0x00000254d8830260: c5f8 77e8 

  0x00000254d8830264: ; ImmutableOopMap {[32]=Oop [40]=Oop [48]=Oop [56]=Oop [88]=Oop [96]=Oop [116]=NarrowOop [120]=Oop [168]=Oop }
                      ;*ifeq {reexecute=1 rethrow=0 return_oop=0}
                      ; - (reexecute) java.net.URLClassLoader::getAndVerifyPackage@17
                      ; - java.net.URLClassLoader::defineClass@46
                      ; - java.net.URLClassLoader$1::run@43
                      ; - java.net.URLClassLoader$1::run@1
                      ; - java.security.AccessController::executePrivileged@29
                      ; - java.security.AccessController::doPrivileged@13
                      ; - java.net.URLClassLoader::findClass@13
  0x00000254d8830264: 1841 7fff 

  0x00000254d8830268: ;   {other}
  0x00000254d8830268: 0f1f 8400 | d867 0089 | ba45 ffff | ff4c 8b54 | 2430 4c89 | 5424 204c | 8b54 2440 | 4c89 5424 
  0x00000254d8830288: 304c 8b94 | 2480 0000 | 004c 8954 | 2460 4c8b | 5424 704c | 8954 2468 | 448b 9424 | 8800 0000 
  0x00000254d88302a8: 4489 5424 | 7066 6690 

  0x00000254d88302b0: ;   {runtime_call UncommonTrapBlob}
  0x00000254d88302b0: c5f8 77e8 

  0x00000254d88302b4: ; ImmutableOopMap {[32]=Oop [40]=Oop [48]=Oop [56]=Oop [88]=Oop [96]=Oop [112]=NarrowOop [120]=Oop [168]=Oop }
                      ;*ifnull {reexecute=1 rethrow=0 return_oop=0}
                      ; - (reexecute) java.net.URLClassLoader::getAndVerifyPackage@62
                      ; - java.net.URLClassLoader::defineClass@46
                      ; - java.net.URLClassLoader$1::run@43
                      ; - java.net.URLClassLoader$1::run@1
                      ; - java.security.AccessController::executePrivileged@29
                      ; - java.security.AccessController::doPrivileged@13
                      ; - java.net.URLClassLoader::findClass@13
  0x00000254d88302b4: c840 7fff 

  0x00000254d88302b8: ;   {other}
  0x00000254d88302b8: 0f1f 8400 | 2868 008a | ba45 ffff | ff48 8b6c | 2438 4c8b | 5424 284c | 8954 2420 | 4c8b 5424 
  0x00000254d88302d8: 404c 8954 | 2428 4c8b | 5424 684c | 8954 2430 | 4c8b 5424 | 704c 8954 | 2468 8944 | 2474 6690 
  0x00000254d88302f8: ;   {runtime_call UncommonTrapBlob}
  0x00000254d88302f8: c5f8 77e8 

  0x00000254d88302fc: ; ImmutableOopMap {rbp=Oop [32]=Oop [40]=Oop [48]=Oop [88]=Oop [128]=Oop [136]=NarrowOop [168]=Oop }
                      ;*ifeq {reexecute=1 rethrow=0 return_oop=0}
                      ; - (reexecute) java.net.URLClassLoader::getAndVerifyPackage@71
                      ; - java.net.URLClassLoader::defineClass@46
                      ; - java.net.URLClassLoader$1::run@43
                      ; - java.net.URLClassLoader$1::run@1
                      ; - java.security.AccessController::executePrivileged@29
                      ; - java.security.AccessController::doPrivileged@13
                      ; - java.net.URLClassLoader::findClass@13
  0x00000254d88302fc: 8040 7fff 

  0x00000254d8830300: ;   {other}
  0x00000254d8830300: 0f1f 8400 | 7068 008b | baf6 ffff | ff48 8b6c | 2460 4c8b | 5424 284c | 8954 2420 | 4c89 6c24 
  0x00000254d8830320: 284c 894c | 2448 4c8b | 9424 8000 | 0000 4c89 | 5424 504c | 8b54 2470 | 4c89 5424 | 584c 895c 
  0x00000254d8830340: 2478 4889 | 8c24 8000 | 0000 6690 

  0x00000254d883034c: ;   {runtime_call UncommonTrapBlob}
  0x00000254d883034c: c5f8 77e8 

  0x00000254d8830350: ; ImmutableOopMap {rbp=Oop [32]=Oop [40]=Oop [72]=Oop [80]=Oop [120]=Oop [128]=Oop [136]=NarrowOop [168]=Oop }
                      ;*invokevirtual compute {reexecute=0 rethrow=0 return_oop=0}
                      ; - java.lang.ClassLoader::definePackage@78
                      ; - java.lang.ClassLoader::getDefinedPackage@32
                      ; - java.net.URLClassLoader::getAndVerifyPackage@2
                      ; - java.net.URLClassLoader::defineClass@46
                      ; - java.net.URLClassLoader$1::run@43
                      ; - java.net.URLClassLoader$1::run@1
                      ; - java.security.AccessController::executePrivileged@29
                      ; - java.security.AccessController::doPrivileged@13
                      ; - java.net.URLClassLoader::findClass@13
  0x00000254d8830350: 2c40 7fff 

  0x00000254d8830354: ;   {other}
  0x00000254d8830354: 0f1f 8400 | c468 008c | 498b d344 | 8b84 24ac | 0000 0048 | 8b6c 2460 

  0x00000254d883036c: ;   {static_call}
  0x00000254d883036c: c5f8 77e8 

  0x00000254d8830370: ; ImmutableOopMap {rbp=Oop [32]=Oop [40]=Oop [48]=NarrowOop [80]=Oop [88]=Oop [96]=Oop [104]=Oop [112]=Oop [120]=NarrowOop [128]=Oop [136]=Oop }
                      ;*invokestatic charAt {reexecute=0 rethrow=0 return_oop=0}
                      ; - java.lang.String::charAt@21
                      ; - java.io.WinNTFileSystem::normalize@31
                      ; - java.io.File::<init>@73
                      ; - jdk.internal.loader.URLClassPath$FileLoader::getResource@118
                      ; - jdk.internal.loader.URLClassPath::getResource@53
                      ; - java.net.URLClassLoader$1::run@26
                      ; - java.net.URLClassLoader$1::run@1
                      ; - java.security.AccessController::executePrivileged@29
                      ; - java.security.AccessController::doPrivileged@13
                      ; - java.net.URLClassLoader::findClass@13
  0x00000254d8830370: 0ced 7eff 

  0x00000254d8830374: ;   {other}
  0x00000254d8830374: 0f1f 8400 | e468 008d | 448b c8e9 | 17d5 ffff | ba45 ffff | ff48 8b5c | 2460 4c89 | 6c24 3048 
  0x00000254d8830394: 895c 2440 | 4c89 4c24 | 484c 894c | 2450 4889 | 5c24 584c | 8b8c 2480 | 0000 004c | 894c 2468 
  0x00000254d88303b4: 8b9c 2488 | 0000 004c | 8b8c 24a8 | 0000 004c | 898c 24a0 | 0000 0089 | 5c24 7c4c | 899c 2488 
  0x00000254d88303d4: 0000 004c | 899c 24a8 | 0000 0044 | 8984 24b0 | 0000 0044 | 8994 24b4 | 0000 0089 | 8c24 b800 
  0x00000254d88303f4: 0000 6690 

  0x00000254d88303f8: ;   {runtime_call UncommonTrapBlob}
  0x00000254d88303f8: c5f8 77e8 

  0x00000254d88303fc: ; ImmutableOopMap {[40]=Oop [48]=Oop [64]=Oop [72]=Oop [80]=Oop [88]=Oop [104]=Oop [124]=NarrowOop [136]=Oop [160]=Oop [168]=Oop [176]=NarrowOop }
                      ;*if_icmpne {reexecute=1 rethrow=0 return_oop=0}
                      ; - (reexecute) java.lang.String::equals@33
                      ; - java.util.concurrent.ConcurrentHashMap::get@73
                      ; - java.lang.ClassLoader::getDefinedPackage@13
                      ; - java.net.URLClassLoader::getAndVerifyPackage@2
                      ; - java.net.URLClassLoader::defineClass@46
                      ; - java.net.URLClassLoader$1::run@43
                      ; - java.net.URLClassLoader$1::run@1
                      ; - java.security.AccessController::executePrivileged@29
                      ; - java.security.AccessController::doPrivileged@13
                      ; - java.net.URLClassLoader::findClass@13
  0x00000254d88303fc: 803f 7fff 

  0x00000254d8830400: ;   {other}
  0x00000254d8830400: 0f1f 8400 | 7069 008e | 4533 db45 | 8bcb e9b6 

  0x00000254d8830410: ;   {metadata('java/io/File')}
  0x00000254d8830410: d6ff ff48 | ba10 f604 | 8054 0200 | 0066 6690 

  0x00000254d8830420: ;   {runtime_call _new_instance_Java}
  0x00000254d8830420: c5f8 77e8 

  0x00000254d8830424: ; ImmutableOopMap {rbp=Oop [32]=Oop [40]=Oop [48]=NarrowOop [80]=Oop [88]=Oop [96]=Oop [104]=Oop [112]=Oop [120]=NarrowOop }
                      ;*new {reexecute=0 rethrow=0 return_oop=1}
                      ; - jdk.internal.loader.URLClassPath$FileLoader::getResource@101
                      ; - jdk.internal.loader.URLClassPath::getResource@53
                      ; - java.net.URLClassLoader$1::run@26
                      ; - java.net.URLClassLoader$1::run@1
                      ; - java.security.AccessController::executePrivileged@29
                      ; - java.security.AccessController::doPrivileged@13
                      ; - java.net.URLClassLoader::findClass@13
  0x00000254d8830424: d8b7 81ff 

  0x00000254d8830428: ;   {other}
  0x00000254d8830428: 0f1f 8400 | 9869 008f | e909 d3ff | ffba 45ff | ffff 488b | 4c24 604c | 896c 2430 | 4889 4c24 
  0x00000254d8830448: 404c 894c | 2448 4c89 | 4c24 5048 | 894c 2458 | 4c8b 8c24 | 8000 0000 | 4c89 4c24 | 688b 8c24 
  0x00000254d8830468: 8800 0000 | 4c8b 8c24 | a800 0000 | 4c89 8c24 | a000 0000 | 894c 247c | 4c89 9c24 | 8800 0000 
  0x00000254d8830488: 4c89 9c24 | a800 0000 | 4489 8424 | b000 0000 | 4489 9424 | b400 0000 

  0x00000254d88304a0: ;   {runtime_call UncommonTrapBlob}
  0x00000254d88304a0: c5f8 77e8 

  0x00000254d88304a4: ; ImmutableOopMap {[40]=Oop [48]=Oop [64]=Oop [72]=Oop [80]=Oop [88]=Oop [104]=Oop [124]=NarrowOop [136]=Oop [160]=Oop [168]=Oop [176]=NarrowOop }
                      ;*ifge {reexecute=1 rethrow=0 return_oop=0}
                      ; - (reexecute) java.util.concurrent.ConcurrentHashMap::get@86
                      ; - java.lang.ClassLoader::getDefinedPackage@13
                      ; - java.net.URLClassLoader::getAndVerifyPackage@2
                      ; - java.net.URLClassLoader::defineClass@46
                      ; - java.net.URLClassLoader$1::run@43
                      ; - java.net.URLClassLoader$1::run@1
                      ; - java.security.AccessController::executePrivileged@29
                      ; - java.security.AccessController::doPrivileged@13
                      ; - java.net.URLClassLoader::findClass@13
  0x00000254d88304a4: d83e 7fff 

  0x00000254d88304a8: ;   {other}
  0x00000254d88304a8: 0f1f 8400 | 186a 0090 | ba45 ffff | ff48 8b4c | 2460 4c89 | 6c24 3048 | 894c 2440 | 4c89 4c24 
  0x00000254d88304c8: 484c 894c | 2450 4889 | 4c24 584c | 8b8c 2480 | 0000 004c | 894c 2468 | 4c8b 8c24 | a800 0000 
  0x00000254d88304e8: 4c89 8c24 | a000 0000 | 448b 8c24 | 8800 0000 | 4489 4c24 | 7c4c 899c | 2488 0000 | 0044 89b4 
  0x00000254d8830508: 24a8 0000 | 004c 899c | 24b0 0000 | 0044 8984 | 24ac 0000 | 0044 8994 | 24b8 0000 | 0089 9c24 
  0x00000254d8830528: bc00 0000 

  0x00000254d883052c: ;   {runtime_call UncommonTrapBlob}
  0x00000254d883052c: c5f8 77e8 

  0x00000254d8830530: ; ImmutableOopMap {[40]=Oop [48]=Oop [64]=Oop [72]=Oop [80]=Oop [88]=Oop [104]=Oop [124]=NarrowOop [136]=Oop [160]=Oop [168]=NarrowOop [172]=NarrowOop [176]=Oop }
                      ;*if_icmpne {reexecute=1 rethrow=0 return_oop=0}
                      ; - (reexecute) java.lang.String::equals@33
                      ; - java.util.concurrent.ConcurrentHashMap::get@73
                      ; - java.lang.ClassLoader::definePackage@47
                      ; - java.lang.ClassLoader::getDefinedPackage@32
                      ; - java.net.URLClassLoader::getAndVerifyPackage@2
                      ; - java.net.URLClassLoader::defineClass@46
                      ; - java.net.URLClassLoader$1::run@43
                      ; - java.net.URLClassLoader$1::run@1
                      ; - java.security.AccessController::executePrivileged@29
                      ; - java.security.AccessController::doPrivileged@13
                      ; - java.net.URLClassLoader::findClass@13
  0x00000254d8830530: 4c3e 7fff 

  0x00000254d8830534: ;   {other}
  0x00000254d8830534: 0f1f 8400 | a46a 0091 | ba45 ffff | ff48 8b4c | 2460 4c89 | 6c24 3048 | 894c 2440 | 4c89 4c24 
  0x00000254d8830554: 484c 894c | 2450 4889 | 4c24 584c | 8b8c 2480 | 0000 004c | 894c 2468 | 8b8c 2488 | 0000 004c 
  0x00000254d8830574: 8b8c 24a8 | 0000 004c | 898c 24a0 | 0000 0089 | 4c24 7c4c | 899c 2488 | 0000 0044 | 89b4 24a8 
  0x00000254d8830594: 0000 004c | 899c 24b0 | 0000 0044 | 8984 24ac | 0000 0044 | 8994 24b8 | 0000 0090 

  0x00000254d88305b0: ;   {runtime_call UncommonTrapBlob}
  0x00000254d88305b0: c5f8 77e8 

  0x00000254d88305b4: ; ImmutableOopMap {[40]=Oop [48]=Oop [64]=Oop [72]=Oop [80]=Oop [88]=Oop [104]=Oop [124]=NarrowOop [136]=Oop [160]=Oop [168]=NarrowOop [172]=NarrowOop [176]=Oop }
                      ;*ifge {reexecute=1 rethrow=0 return_oop=0}
                      ; - (reexecute) java.util.concurrent.ConcurrentHashMap::get@86
                      ; - java.lang.ClassLoader::definePackage@47
                      ; - java.lang.ClassLoader::getDefinedPackage@32
                      ; - java.net.URLClassLoader::getAndVerifyPackage@2
                      ; - java.net.URLClassLoader::defineClass@46
                      ; - java.net.URLClassLoader$1::run@43
                      ; - java.net.URLClassLoader$1::run@1
                      ; - java.security.AccessController::executePrivileged@29
                      ; - java.security.AccessController::doPrivileged@13
                      ; - java.net.URLClassLoader::findClass@13
  0x00000254d88305b4: c83d 7fff 

  0x00000254d88305b8: ;   {other}
  0x00000254d88305b8: 0f1f 8400 | 286b 0092 | bae4 ffff | ff4c 8b54 | 2460 4c89 | 5424 2044 | 8b54 2440 | 4489 5424 
  0x00000254d88305d8: 344c 8b54 | 2450 4c89 | 5424 404c | 8b54 2468 | 4c89 5424 | 504c 8b54 | 2470 4c89 | 5424 604c 
  0x00000254d88305f8: 8b94 2480 | 0000 004c | 8954 2470 | 448b 9424 | a800 0000 | 4489 9424 | 9800 0000 | 4489 8424 
  0x00000254d8830618: a000 0000 

  0x00000254d883061c: ;   {runtime_call UncommonTrapBlob}
  0x00000254d883061c: c5f8 77e8 

  0x00000254d8830620: ; ImmutableOopMap {[32]=Oop [40]=Oop [48]=NarrowOop [64]=Oop [80]=Oop [88]=Oop [96]=Oop [112]=Oop [120]=NarrowOop [128]=Oop [136]=Oop [160]=NarrowOop }
                      ;*invokestatic checkIndex {reexecute=0 rethrow=0 return_oop=0}
                      ; - java.lang.String::checkIndex@5
                      ; - java.lang.StringLatin1::charAt@3
                      ; - java.lang.String::charAt@12
                      ; - java.io.WinNTFileSystem::normalize@31
                      ; - java.io.File::<init>@73
                      ; - jdk.internal.loader.URLClassPath$FileLoader::getResource@118
                      ; - jdk.internal.loader.URLClassPath::getResource@53
                      ; - java.net.URLClassLoader$1::run@26
                      ; - java.net.URLClassLoader$1::run@1
                      ; - java.security.AccessController::executePrivileged@29
                      ; - java.security.AccessController::doPrivileged@13
                      ; - java.net.URLClassLoader::findClass@13
  0x00000254d8830620: 5c3d 7fff 

  0x00000254d8830624: ;   {other}
  0x00000254d8830624: 0f1f 8400 | 946b 0093 | bade ffff | ff4c 8b44 | 2428 4c89 | 4424 204c | 8b44 2440 | 4c89 4424 
  0x00000254d8830644: 284c 8b44 | 2468 4c89 | 4424 304c | 8b44 2478 | 4c89 4424 | 504c 8b44 | 2470 4c89 | 4424 604c 
  0x00000254d8830664: 8b84 2488 | 0000 004c | 8944 2470 | 4c8b 8424 | 8000 0000 | 4c89 4424 | 784c 8994 | 2490 0000 
  0x00000254d8830684: 004c 899c | 2498 0000 | 0066 6690 

  0x00000254d8830690: ;   {runtime_call UncommonTrapBlob}
  0x00000254d8830690: c5f8 77e8 

  0x00000254d8830694: ; ImmutableOopMap {rbp=Oop [32]=Oop [40]=Oop [48]=Oop [80]=Oop [88]=NarrowOop [112]=Oop [120]=Oop [144]=Oop [152]=Oop [200]=Oop }
                      ;*invokevirtual getName {reexecute=0 rethrow=0 return_oop=0}
                      ; - java.util.jar.JarFile::getManifestFromReference@74
                      ; - java.util.jar.JarFile::getManifest@1
                      ; - jdk.internal.loader.URLClassPath$JarLoader$2::getManifest@22
                      ; - java.net.URLClassLoader::defineClass@34
                      ; - java.net.URLClassLoader$1::run@43
                      ; - java.net.URLClassLoader$1::run@1
                      ; - java.security.AccessController::executePrivileged@29
                      ; - java.security.AccessController::doPrivileged@13
                      ; - java.net.URLClassLoader::findClass@13
  0x00000254d8830694: e83c 7fff 

  0x00000254d8830698: ;   {other}
  0x00000254d8830698: 0f1f 8400 | 086c 0094 | ba0f 0000 | 004c 8b54 | 2448 4c89 | 5424 204c | 8b54 2440 | 4c89 5424 
  0x00000254d88306b8: 304c 8b54 | 2468 4c89 | 5424 384c | 8b54 2478 | 4c89 5424 | 604c 8b54 | 2470 4c89 | 5424 6890 
  0x00000254d88306d8: ;   {runtime_call UncommonTrapBlob}
  0x00000254d88306d8: c5f8 77e8 

  0x00000254d88306dc: ; ImmutableOopMap {rbp=Oop [32]=Oop [40]=Oop [48]=Oop [56]=Oop [88]=NarrowOop [96]=Oop [128]=Oop [136]=Oop [144]=Oop [200]=Oop }
                      ;*new {reexecute=0 rethrow=0 return_oop=0}
                      ; - java.util.Hashtable::<init>@53
                      ; - java.util.Hashtable::<init>@5
                      ; - java.util.jar.JarVerifier::<init>@39
                      ; - java.util.jar.JarFile::getManifestFromReference@78
                      ; - java.util.jar.JarFile::getManifest@1
                      ; - jdk.internal.loader.URLClassPath$JarLoader$2::getManifest@22
                      ; - java.net.URLClassLoader::defineClass@34
                      ; - java.net.URLClassLoader$1::run@43
                      ; - java.net.URLClassLoader$1::run@1
                      ; - java.security.AccessController::executePrivileged@29
                      ; - java.security.AccessController::doPrivileged@13
                      ; - java.net.URLClassLoader::findClass@13
  0x00000254d88306dc: a03c 7fff 

  0x00000254d88306e0: ;   {other}
  0x00000254d88306e0: 0f1f 8400 | 506c 0095 | ba0f 0000 | 004c 8b54 | 2448 4c89 | 5424 204c | 8b54 2440 | 4c89 5424 
  0x00000254d8830700: 304c 8b54 | 2468 4c89 | 5424 384c | 8b54 2478 | 4c89 5424 | 604c 8b54 | 2470 4c89 | 5424 6890 
  0x00000254d8830720: ;   {runtime_call UncommonTrapBlob}
  0x00000254d8830720: c5f8 77e8 

  0x00000254d8830724: ; ImmutableOopMap {rbp=Oop [32]=Oop [40]=Oop [48]=Oop [56]=Oop [88]=NarrowOop [96]=Oop [128]=Oop [136]=Oop [144]=Oop [200]=Oop }
                      ;*new {reexecute=0 rethrow=0 return_oop=0}
                      ; - java.util.Hashtable::<init>@53
                      ; - java.util.Hashtable::<init>@5
                      ; - java.util.jar.JarVerifier::<init>@50
                      ; - java.util.jar.JarFile::getManifestFromReference@78
                      ; - java.util.jar.JarFile::getManifest@1
                      ; - jdk.internal.loader.URLClassPath$JarLoader$2::getManifest@22
                      ; - java.net.URLClassLoader::defineClass@34
                      ; - java.net.URLClassLoader$1::run@43
                      ; - java.net.URLClassLoader$1::run@1
                      ; - java.security.AccessController::executePrivileged@29
                      ; - java.security.AccessController::doPrivileged@13
                      ; - java.net.URLClassLoader::findClass@13
  0x00000254d8830724: 583c 7fff 

  0x00000254d8830728: ;   {other}
  0x00000254d8830728: 0f1f 8400 | 986c 0096 | ba0f 0000 | 004c 8b54 | 2448 4c89 | 5424 204c | 8b54 2440 | 4c89 5424 
  0x00000254d8830748: 304c 8b54 | 2468 4c89 | 5424 384c | 8b54 2478 | 4c89 5424 | 604c 8b54 | 2470 4c89 | 5424 6890 
  0x00000254d8830768: ;   {runtime_call UncommonTrapBlob}
  0x00000254d8830768: c5f8 77e8 

  0x00000254d883076c: ; ImmutableOopMap {rbp=Oop [32]=Oop [40]=Oop [48]=Oop [56]=Oop [88]=NarrowOop [96]=Oop [128]=Oop [136]=Oop [144]=Oop [200]=Oop }
                      ;*new {reexecute=0 rethrow=0 return_oop=0}
                      ; - java.util.Hashtable::<init>@53
                      ; - java.util.Hashtable::<init>@4
                      ; - java.util.jar.JarVerifier::<init>@63
                      ; - java.util.jar.JarFile::getManifestFromReference@78
                      ; - java.util.jar.JarFile::getManifest@1
                      ; - jdk.internal.loader.URLClassPath$JarLoader$2::getManifest@22
                      ; - java.net.URLClassLoader::defineClass@34
                      ; - java.net.URLClassLoader$1::run@43
                      ; - java.net.URLClassLoader$1::run@1
                      ; - java.security.AccessController::executePrivileged@29
                      ; - java.security.AccessController::doPrivileged@13
                      ; - java.net.URLClassLoader::findClass@13
  0x00000254d883076c: 103c 7fff 

  0x00000254d8830770: ;   {other}
  0x00000254d8830770: 0f1f 8400 | e06c 0097 | 498b f048 | 8b7c 2450 | 498b d7c5 | f877 49ba | 20a4 72b8 | fc7f 0000 
  0x00000254d8830790: ;   {other}
  0x00000254d8830790: 41ff d20f | 1f84 0000 | 0000 00e9 | 14da ffff | 498b d849 | 8bd7 c5f8 | 7749 ba20 | a472 b8fc 
  0x00000254d88307b0: 7f00 0041 

  0x00000254d88307b4: ;   {other}
  0x00000254d88307b4: ffd2 0f1f | 8400 0000 | 0000 4c8b | c3e9 8cc5 | ffff ba45 | ffff ff4c | 8b44 2460 | 4c89 6c24 
  0x00000254d88307d4: 304c 8944 | 2440 4c89 | 4c24 484c | 894c 2450 | 4c89 4424 | 584c 8b84 | 2480 0000 | 004c 8944 
  0x00000254d88307f4: 2468 448b | 8c24 8800 | 0000 4c8b | 8424 a800 | 0000 4c89 | 8424 a000 | 0000 4489 | 4c24 7c4c 
  0x00000254d8830814: 899c 2488 | 0000 004c | 899c 24a8 | 0000 0048 | 899c 24b0 | 0000 0044 | 8994 24b8 | 0000 0090 
  0x00000254d8830834: ;   {runtime_call UncommonTrapBlob}
  0x00000254d8830834: c5f8 77e8 

  0x00000254d8830838: ; ImmutableOopMap {rbp=NarrowOop [40]=Oop [48]=Oop [64]=Oop [72]=Oop [80]=Oop [88]=Oop [104]=Oop [124]=NarrowOop [136]=Oop [160]=Oop [168]=Oop [176]=Oop }
                      ;*ifnull {reexecute=1 rethrow=0 return_oop=0}
                      ; - (reexecute) java.util.concurrent.ConcurrentHashMap::get@143
                      ; - java.lang.ClassLoader::getDefinedPackage@13
                      ; - java.net.URLClassLoader::getAndVerifyPackage@2
                      ; - java.net.URLClassLoader::defineClass@46
                      ; - java.net.URLClassLoader$1::run@43
                      ; - java.net.URLClassLoader$1::run@1
                      ; - java.security.AccessController::executePrivileged@29
                      ; - java.security.AccessController::doPrivileged@13
                      ; - java.net.URLClassLoader::findClass@13
  0x00000254d8830838: 443b 7fff 

  0x00000254d883083c: ;   {other}
  0x00000254d883083c: 0f1f 8400 | ac6d 0098 | ba45 ffff | ff4c 8b5c | 2428 4c89 | 5c24 204c | 8b5c 2440 | 4c89 5c24 
  0x00000254d883085c: 284c 8b5c | 2468 4c89 | 5c24 304c | 8b9c 2490 | 0000 004c | 895c 2460 | 4c8b 5c24 | 704c 895c 
  0x00000254d883087c: 2468 448b | 4424 7844 | 8944 2474 | 448b 5c24 | 7c44 895c | 2478 8944 | 247c 6690 

  0x00000254d8830898: ;   {runtime_call UncommonTrapBlob}
  0x00000254d8830898: c5f8 77e8 

  0x00000254d883089c: ; ImmutableOopMap {rbp=Oop [32]=Oop [40]=Oop [48]=Oop [96]=Oop [116]=NarrowOop [128]=Oop [136]=Oop [160]=Oop }
                      ;*ifeq {reexecute=1 rethrow=0 return_oop=0}
                      ; - (reexecute) java.util.concurrent.ConcurrentHashMap::get@152
                      ; - java.lang.ClassLoader::getDefinedPackage@13
                      ; - java.net.URLClassLoader::getAndVerifyPackage@2
                      ; - java.net.URLClassLoader::defineClass@46
                      ; - java.net.URLClassLoader$1::run@43
                      ; - java.net.URLClassLoader$1::run@1
                      ; - java.security.AccessController::executePrivileged@29
                      ; - java.security.AccessController::doPrivileged@13
                      ; - java.net.URLClassLoader::findClass@13
  0x00000254d883089c: e03a 7fff 

  0x00000254d88308a0: ;   {other}
  0x00000254d88308a0: 0f1f 8400 | 106e 0099 | bade ffff | ff48 8b6c | 2448 4c8b | 4424 284c | 8944 2420 | 4c8b 4424 
  0x00000254d88308c0: 404c 8944 | 2428 4c8b | 4424 684c | 8944 2430 | 4c8b 4424 | 784c 8944 | 2460 4c8b | 4424 704c 
  0x00000254d88308e0: 8944 2468 | 4c89 5424 | 784c 899c | 2480 0000 | 0066 6690 

  0x00000254d88308f4: ;   {runtime_call UncommonTrapBlob}
  0x00000254d88308f4: c5f8 77e8 

  0x00000254d88308f8: ; ImmutableOopMap {rbp=Oop [32]=Oop [40]=Oop [48]=Oop [80]=Oop [88]=NarrowOop [96]=Oop [120]=Oop [128]=Oop [200]=Oop }
                      ;*invokevirtual close {reexecute=0 rethrow=0 return_oop=0}
                      ; - java.util.jar.JarFile::getManifestFromReference@152
                      ; - java.util.jar.JarFile::getManifest@1
                      ; - jdk.internal.loader.URLClassPath$JarLoader$2::getManifest@22
                      ; - java.net.URLClassLoader::defineClass@34
                      ; - java.net.URLClassLoader$1::run@43
                      ; - java.net.URLClassLoader$1::run@1
                      ; - java.security.AccessController::executePrivileged@29
                      ; - java.security.AccessController::doPrivileged@13
                      ; - java.net.URLClassLoader::findClass@13
  0x00000254d88308f8: 843a 7fff 

  0x00000254d88308fc: ;   {other}
  0x00000254d88308fc: 0f1f 8400 | 6c6e 009a | ba45 ffff | ff4c 8b54 | 2448 4c89 | 5424 204c | 8b54 2440 | 4c89 5424 
  0x00000254d883091c: 304c 8b54 | 2468 4c89 | 5424 384c | 8b54 2478 | 4c89 5424 | 604c 8b54 | 2470 4c89 | 5424 684c 
  0x00000254d883093c: 895c 2478 

  0x00000254d8830940: ;   {runtime_call UncommonTrapBlob}
  0x00000254d8830940: c5f8 77e8 

  0x00000254d8830944: ; ImmutableOopMap {[32]=Oop [40]=Oop [48]=Oop [56]=Oop [88]=NarrowOop [96]=Oop [120]=Oop [128]=Oop [200]=Oop }
                      ;*ifne {reexecute=1 rethrow=0 return_oop=0}
                      ; - (reexecute) java.util.jar.JarFile::getManifestFromReference@52
                      ; - java.util.jar.JarFile::getManifest@1
                      ; - jdk.internal.loader.URLClassPath$JarLoader$2::getManifest@22
                      ; - java.net.URLClassLoader::defineClass@34
                      ; - java.net.URLClassLoader$1::run@43
                      ; - java.net.URLClassLoader$1::run@1
                      ; - java.security.AccessController::executePrivileged@29
                      ; - java.security.AccessController::doPrivileged@13
                      ; - java.net.URLClassLoader::findClass@13
  0x00000254d8830944: 383a 7fff 

  0x00000254d8830948: ;   {other}
  0x00000254d8830948: 0f1f 8400 | b86e 009b | ba45 ffff | ff4c 8b5c | 2428 4c89 | 5c24 204c | 8b5c 2440 | 4c89 5c24 
  0x00000254d8830968: 284c 8b5c | 2468 4c89 | 5c24 304c | 8b5c 2478 | 4c89 5c24 | 504c 8b5c | 2470 4c89 | 5c24 6089 
  0x00000254d8830988: 4424 5c90 

  0x00000254d883098c: ;   {runtime_call UncommonTrapBlob}
  0x00000254d883098c: c5f8 77e8 

  0x00000254d8830990: ; ImmutableOopMap {rbp=Oop [32]=Oop [40]=Oop [48]=Oop [80]=Oop [88]=NarrowOop [128]=Oop [136]=Oop [200]=Oop }
                      ;*if_icmpne {reexecute=1 rethrow=0 return_oop=0}
                      ; - (reexecute) java.util.jar.JarFile::getManifestFromReference@65
                      ; - java.util.jar.JarFile::getManifest@1
                      ; - jdk.internal.loader.URLClassPath$JarLoader$2::getManifest@22
                      ; - java.net.URLClassLoader::defineClass@34
                      ; - java.net.URLClassLoader$1::run@43
                      ; - java.net.URLClassLoader$1::run@1
                      ; - java.security.AccessController::executePrivileged@29
                      ; - java.security.AccessController::doPrivileged@13
                      ; - java.net.URLClassLoader::findClass@13
  0x00000254d8830990: ec39 7fff 

  0x00000254d8830994: ;   {other}
  0x00000254d8830994: 0f1f 8400 | 046f 009c | 498b d7c5 | f877 49ba | 20a4 72b8 | fc7f 0000 

  0x00000254d88309ac: ;   {other}
  0x00000254d88309ac: 41ff d20f | 1f84 0000 | 0000 00e9 | 0dda ffff | 498b d7c5 | f877 49ba | 20a4 72b8 | fc7f 0000 
  0x00000254d88309cc: ;   {other}
  0x00000254d88309cc: 41ff d20f | 1f84 0000 | 0000 00e9 | cbb9 ffff | 498b d7c5 | f877 49ba | 20a4 72b8 | fc7f 0000 
  0x00000254d88309ec: ;   {other}
  0x00000254d88309ec: 41ff d20f | 1f84 0000 | 0000 00e9 | 6ab9 ffff | 498b d7c5 | f877 49ba | 20a4 72b8 | fc7f 0000 
  0x00000254d8830a0c: ;   {other}
  0x00000254d8830a0c: 41ff d20f | 1f84 0000 | 0000 00e9 | c6ba ffff | 498b d7c5 | f877 49ba | 20a4 72b8 | fc7f 0000 
  0x00000254d8830a2c: ;   {other}
  0x00000254d8830a2c: 41ff d20f | 1f84 0000 | 0000 00e9 | e7ba ffff | 498b d7c5 | f877 49ba | 20a4 72b8 | fc7f 0000 
  0x00000254d8830a4c: ;   {other}
  0x00000254d8830a4c: 41ff d20f | 1f84 0000 | 0000 00e9 | 29bf ffff | 498b d7c5 | f877 49ba | 20a4 72b8 | fc7f 0000 
  0x00000254d8830a6c: ;   {other}
  0x00000254d8830a6c: 41ff d20f | 1f84 0000 | 0000 00e9 | 66da ffff | 498b d7c5 | f877 49ba | 20a4 72b8 | fc7f 0000 
  0x00000254d8830a8c: ;   {other}
  0x00000254d8830a8c: 41ff d20f | 1f84 0000 | 0000 00e9 | c2da ffff | 498b d7c5 | f877 49ba | 20a4 72b8 | fc7f 0000 
  0x00000254d8830aac: ;   {other}
  0x00000254d8830aac: 41ff d20f | 1f84 0000 | 0000 00e9 | 58db ffff | 498b d7c5 | f877 49ba | 20a4 72b8 | fc7f 0000 
  0x00000254d8830acc: ;   {other}
  0x00000254d8830acc: 41ff d20f | 1f84 0000 | 0000 00e9 | 81bd ffff | 498b d7c5 | f877 49ba | 20a4 72b8 | fc7f 0000 
  0x00000254d8830aec: ;   {other}
  0x00000254d8830aec: 41ff d20f | 1f84 0000 | 0000 00e9 | 4ddb ffff | 498b d7c5 | f877 49ba | 20a4 72b8 | fc7f 0000 
  0x00000254d8830b0c: ;   {other}
  0x00000254d8830b0c: 41ff d20f | 1f84 0000 | 0000 00e9 | 8dbb ffff | 498b d7c5 | f877 49ba | 20a4 72b8 | fc7f 0000 
  0x00000254d8830b2c: ;   {other}
  0x00000254d8830b2c: 41ff d20f | 1f84 0000 | 0000 00e9 | bbdb ffff | 498b d7c5 | f877 49ba | 20a4 72b8 | fc7f 0000 
  0x00000254d8830b4c: ;   {other}
  0x00000254d8830b4c: 41ff d20f | 1f84 0000 | 0000 00e9 | 4cc0 ffff | 498b d7c5 | f877 49ba | 20a4 72b8 | fc7f 0000 
  0x00000254d8830b6c: ;   {other}
  0x00000254d8830b6c: 41ff d20f | 1f84 0000 | 0000 00e9 | d6bf ffff | 498b d7c5 | f877 49ba | 20a4 72b8 | fc7f 0000 
  0x00000254d8830b8c: ;   {other}
  0x00000254d8830b8c: 41ff d20f | 1f84 0000 | 0000 004c | 8bc5 e91b | c1ff ff45 | 8bd1 498b | d245 33c0 

  0x00000254d8830ba8: ;   {static_call}
  0x00000254d8830ba8: c5f8 77e8 

  0x00000254d8830bac: ; ImmutableOopMap {rbp=Oop [32]=Oop [40]=Oop [48]=NarrowOop [80]=Oop [88]=Oop [96]=Oop [104]=Oop [112]=Oop [120]=Oop [128]=Oop }
                      ;*invokestatic charAt {reexecute=0 rethrow=0 return_oop=0}
                      ; - java.lang.String::charAt@21
                      ; - java.io.WinNTFileSystem::prefixLength@18
                      ; - java.io.File::<init>@104
                      ; - jdk.internal.loader.URLClassPath$FileLoader::getResource@73
                      ; - jdk.internal.loader.URLClassPath::getResource@53
                      ; - java.net.URLClassLoader$1::run@26
                      ; - java.net.URLClassLoader$1::run@1
                      ; - java.security.AccessController::executePrivileged@29
                      ; - java.security.AccessController::doPrivileged@13
                      ; - java.net.URLClassLoader::findClass@13
  0x00000254d8830bac: d0e4 7eff 

  0x00000254d8830bb0: ;   {other}
  0x00000254d8830bb0: 0f1f 8400 | 2071 009d | 8984 2490 | 0000 00e9 | d9c7 ffff | 498b d041 | b801 0000 | 0066 6690 
  0x00000254d8830bd0: ;   {static_call}
  0x00000254d8830bd0: c5f8 77e8 

  0x00000254d8830bd4: ; ImmutableOopMap {rbp=Oop [32]=Oop [40]=Oop [48]=NarrowOop [80]=Oop [88]=Oop [96]=Oop [104]=Oop [112]=Oop [120]=Oop [128]=Oop }
                      ;*invokestatic charAt {reexecute=0 rethrow=0 return_oop=0}
                      ; - java.lang.String::charAt@21
                      ; - java.io.WinNTFileSystem::prefixLength@30
                      ; - java.io.File::<init>@104
                      ; - jdk.internal.loader.URLClassPath$FileLoader::getResource@73
                      ; - jdk.internal.loader.URLClassPath::getResource@53
                      ; - java.net.URLClassLoader$1::run@26
                      ; - java.net.URLClassLoader$1::run@1
                      ; - java.security.AccessController::executePrivileged@29
                      ; - java.security.AccessController::doPrivileged@13
                      ; - java.net.URLClassLoader::findClass@13
  0x00000254d8830bd4: a8e4 7eff 

  0x00000254d8830bd8: ;   {other}
  0x00000254d8830bd8: 0f1f 8400 | 4871 009e | 448b c8e9 | fbc7 ffff | 498b d041 | b802 0000 | 0048 8b6c | 2460 6690 
  0x00000254d8830bf8: ;   {static_call}
  0x00000254d8830bf8: c5f8 77e8 

  0x00000254d8830bfc: ; ImmutableOopMap {rbp=Oop [32]=Oop [40]=Oop [48]=NarrowOop [80]=Oop [88]=Oop [96]=Oop [104]=Oop [112]=Oop [128]=Oop }
                      ;*invokestatic charAt {reexecute=0 rethrow=0 return_oop=0}
                      ; - java.lang.String::charAt@21
                      ; - java.io.WinNTFileSystem::prefixLength@78
                      ; - java.io.File::<init>@104
                      ; - jdk.internal.loader.URLClassPath$FileLoader::getResource@73
                      ; - jdk.internal.loader.URLClassPath::getResource@53
                      ; - java.net.URLClassLoader$1::run@26
                      ; - java.net.URLClassLoader$1::run@1
                      ; - java.security.AccessController::executePrivileged@29
                      ; - java.security.AccessController::doPrivileged@13
                      ; - java.net.URLClassLoader::findClass@13
  0x00000254d8830bfc: 80e4 7eff 

  0x00000254d8830c00: ;   {other}
  0x00000254d8830c00: 0f1f 8400 | 7071 009f | 448b d0e9 | dec8 ffff | ba45 ffff | ff4c 896c | 2430 4889 | 5c24 404c 
  0x00000254d8830c20: 894c 2448 | 4c89 4c24 | 5048 895c | 2458 4c8b | 8424 8000 | 0000 4c89 | 4424 6844 | 8b8c 2488 
  0x00000254d8830c40: 0000 004c | 8b84 24a8 | 0000 004c | 8984 24a0 | 0000 0044 | 894c 247c | 4c89 9c24 | 8800 0000 
  0x00000254d8830c60: 4489 b424 | a800 0000 | 4c89 9c24 | b000 0000 | 4889 8c24 | b800 0000 | 4489 9424 | ac00 0000 
  0x00000254d8830c80: ;   {runtime_call UncommonTrapBlob}
  0x00000254d8830c80: c5f8 77e8 

  0x00000254d8830c84: ; ImmutableOopMap {rbp=NarrowOop [40]=Oop [48]=Oop [64]=Oop [72]=Oop [80]=Oop [88]=Oop [104]=Oop [124]=NarrowOop [136]=Oop [160]=Oop [168]=NarrowOop [176]=Oop [184]=Oop }
                      ;*ifnull {reexecute=1 rethrow=0 return_oop=0}
                      ; - (reexecute) java.util.concurrent.ConcurrentHashMap::get@143
                      ; - java.lang.ClassLoader::definePackage@47
                      ; - java.lang.ClassLoader::getDefinedPackage@32
                      ; - java.net.URLClassLoader::getAndVerifyPackage@2
                      ; - java.net.URLClassLoader::defineClass@46
                      ; - java.net.URLClassLoader$1::run@43
                      ; - java.net.URLClassLoader$1::run@1
                      ; - java.security.AccessController::executePrivileged@29
                      ; - java.security.AccessController::doPrivileged@13
                      ; - java.net.URLClassLoader::findClass@13
  0x00000254d8830c84: f836 7fff 

  0x00000254d8830c88: ;   {other}
  0x00000254d8830c88: 0f1f 8400 | f871 00a0 | ba45 ffff | ff48 8b6c | 2448 4c8b | 5424 284c | 8954 2420 | 4c8b 5424 
  0x00000254d8830ca8: 404c 8954 | 2428 4c8b | 5424 684c | 8954 2430 | 4c8b 9424 | 9000 0000 | 4c89 5424 | 604c 8b54 
  0x00000254d8830cc8: 2470 4c89 | 5424 6844 | 8b94 2488 | 0000 0044 | 8954 2474 | 448b 5c24 | 7c44 895c | 2478 8984 
  0x00000254d8830ce8: 2488 0000 | 0066 6690 

  0x00000254d8830cf0: ;   {runtime_call UncommonTrapBlob}
  0x00000254d8830cf0: c5f8 77e8 

  0x00000254d8830cf4: ; ImmutableOopMap {rbp=Oop [32]=Oop [40]=Oop [48]=Oop [96]=Oop [116]=NarrowOop [120]=NarrowOop [128]=Oop [152]=Oop [160]=Oop }
                      ;*ifeq {reexecute=1 rethrow=0 return_oop=0}
                      ; - (reexecute) java.util.concurrent.ConcurrentHashMap::get@152
                      ; - java.lang.ClassLoader::definePackage@47
                      ; - java.lang.ClassLoader::getDefinedPackage@32
                      ; - java.net.URLClassLoader::getAndVerifyPackage@2
                      ; - java.net.URLClassLoader::defineClass@46
                      ; - java.net.URLClassLoader$1::run@43
                      ; - java.net.URLClassLoader$1::run@1
                      ; - java.security.AccessController::executePrivileged@29
                      ; - java.security.AccessController::doPrivileged@13
                      ; - java.net.URLClassLoader::findClass@13
  0x00000254d8830cf4: 8836 7fff 

  0x00000254d8830cf8: ;   {other}
  0x00000254d8830cf8: 0f1f 8400 | 6872 00a1 | 488b d84c | 8b5c 2430 | 488d 8424 | e000 0000 | 4883 3800 | 0f84 7900 
  0x00000254d8830d18: 0000 4d8b | 1341 f6c2 | 020f 8462 | 0000 0049 | 83ba 8600 | 0000 0074 | 0949 ff8a | 8600 0000 
  0x00000254d8830d38: eb4b 498b | 8296 0000 | 0049 0b82 | 8e00 0000 | 750a 49c7 | 423e 0000 | 0000 eb3d | 4983 ba9e 
  0x00000254d8830d58: 0000 0000 | 7422 4833 | c049 c742 | 3e00 0000 | 00f0 8304 | 2400 4983 | ba9e 0000 | 0000 750d 
  0x00000254d8830d78: f04d 0fb1 | 7a3e 7505 | 83c8 01eb | 0ca8 00eb | 084c 8b10 | f04d 0fb1 | 1375 0a49 | ff8f 5005 
  0x00000254d8830d98: 0000 4533 | d20f 84d2 | 0200 0049 | 8bcb 488d | 9424 e000 | 0000 4d8b | c7c5 f877 | 49ba 40d9 
  0x00000254d8830db8: b3b8 fc7f | 0000 41ff 

  0x00000254d8830dc0: ;   {other}
  0x00000254d8830dc0: d20f 1f84 | 0000 0000 | 00e9 a702 | 0000 4c8b | d044 8b58 | 0849 b800 | 0000 8054 | 0200 004d 
  0x00000254d8830de0: 03c3 4d8b 

  0x00000254d8830de4: ;   {metadata('java/lang/Exception')}
  0x00000254d8830de4: 5840 49b8 | 20c0 0080 | 5402 0000 | 4d3b d80f | 84fa c8ff | ff49 8bda | e948 0400 | 0048 8bd8 
  0x00000254d8830e04: 448b 5008 | 49bb 0000 | 0080 5402 | 0000 4d03 | da4d 8b53 

  0x00000254d8830e18: ;   {metadata('java/io/IOException')}
  0x00000254d8830e18: 4849 bb58 | 5304 8154 | 0200 004d | 3bd3 0f85 | d7fe ffff | 4c8b d849 | 8b87 b801 | 0000 4c8b 
  0x00000254d8830e38: d049 83c2 | 284d 3b97 | c801 0000 | 0f83 2e10 | 0000 4d89 | 97b8 0100 | 0041 0f0d | 8a00 0100 
  0x00000254d8830e58: 0048 c700 | 0100 0000 

  0x00000254d8830e60: ;   {metadata('java/lang/RuntimeException')}
  0x00000254d8830e60: c740 08a8 | b705 0044 | 8960 0c4c | 8960 104c | 8960 184c | 8960 2049 | 8beb 4c8b | d04c 8954 
  0x00000254d8830e80: 2420 498b | d24c 8bc5 | 488b 6c24 | 6066 6690 

  0x00000254d8830e90: ;   {optimized virtual_call}
  0x00000254d8830e90: c5f8 77e8 

  0x00000254d8830e94: ; ImmutableOopMap {rbp=Oop [32]=Oop [40]=Oop [48]=Oop [64]=Oop [88]=NarrowOop [96]=Oop [104]=Oop [120]=Oop [200]=Oop }
                      ;*invokespecial <init> {reexecute=0 rethrow=0 return_oop=0}
                      ; - java.util.jar.JarFile::ensureInitialization@13
                      ; - java.util.jar.JavaUtilJarAccessImpl::ensureInitialization@1
                      ; - jdk.internal.loader.URLClassPath$JarLoader$2::getManifest@10
                      ; - java.net.URLClassLoader::defineClass@34
                      ; - java.net.URLClassLoader$1::run@43
                      ; - java.net.URLClassLoader$1::run@1
                      ; - java.security.AccessController::executePrivileged@29
                      ; - java.security.AccessController::doPrivileged@13
                      ; - java.net.URLClassLoader::findClass@13
  0x00000254d8830e94: e8db 7eff 

  0x00000254d8830e98: ;   {other}
  0x00000254d8830e98: 0f1f 8400 | 0874 00a2 | 4c8b 5c24 | 3048 8d84 | 24e0 0000 | 0048 8338 | 000f 8479 | 0000 004d 
  0x00000254d8830eb8: 8b13 41f6 | c202 0f84 | 6200 0000 | 4983 ba86 | 0000 0000 | 7409 49ff | 8a86 0000 | 00eb 4b49 
  0x00000254d8830ed8: 8b82 9600 | 0000 490b | 828e 0000 | 0075 0a49 | c742 3e00 | 0000 00eb | 3d49 83ba | 9e00 0000 
  0x00000254d8830ef8: 0074 2248 | 33c0 49c7 | 423e 0000 | 0000 f083 | 0424 0049 | 83ba 9e00 | 0000 0075 | 0df0 4d0f 
  0x00000254d8830f18: b17a 3e75 | 0583 c801 | eb0c a800 | eb08 4c8b | 10f0 4d0f | b113 750a | 49ff 8f50 | 0500 0045 
  0x00000254d8830f38: 33d2 0f85 | 1410 0000 | 4c8b 5424 | 2049 8bda | e920 0300 | 004c 8bd0 | e91d 0100 | 004c 8bd0 
  0x00000254d8830f58: e915 0100 | 004c 8bd0 | e9b8 0100 | 004c 8bd0 | e905 0100 | 004c 8bd0 | e9fd 0000 | 004c 8bd0 
  0x00000254d8830f78: e9f5 0000 | 004c 8bd0 | e9ed 0000 | 004c 8bd0 | e9e5 0000 | 004c 8bd0 | e9dd 0000 

  0x00000254d8830f94: ;   {no_reloc}
  0x00000254d8830f94: 004c 8bd0 | e9d5 0000 | 00eb 0048 | 8984 2488 | 0000 004c | 8b54 2430 | 4d85 d274 | 2349 8bd2 
  0x00000254d8830fb4: 488b 6c24 | 6090 c5f8 | 7748 b8ff | ffff ffff 

  0x00000254d8830fc4: ;   {virtual_call}
  0x00000254d8830fc4: ffff ffe8 

  0x00000254d8830fc8: ; ImmutableOopMap {rbp=Oop [40]=Oop [64]=Oop [88]=NarrowOop [96]=Oop [104]=Oop [120]=Oop [136]=Oop [200]=Oop }
                      ;*invokevirtual close {reexecute=0 rethrow=0 return_oop=0}
                      ; - java.util.jar.JarFile::getManifestFromReference@165
                      ; - java.util.jar.JarFile::getManifest@1
                      ; - jdk.internal.loader.URLClassPath$JarLoader$2::getManifest@22
                      ; - java.net.URLClassLoader::defineClass@34
                      ; - java.net.URLClassLoader$1::run@43
                      ; - java.net.URLClassLoader$1::run@1
                      ; - java.security.AccessController::executePrivileged@29
                      ; - java.security.AccessController::doPrivileged@13
                      ; - java.net.URLClassLoader::findClass@13
  0x00000254d8830fc8: b4dd 7eff 

  0x00000254d8830fcc: ;   {other}
  0x00000254d8830fcc: 0f1f 8400 | 3c75 00a3 | 4c8b 9424 | 8800 0000 | e991 0000 | 0048 8bd8 | 448b 5808 | 49b8 0000 
  0x00000254d8830fec: 0080 5402 | 0000 4d03 | c34d 8b50 | 504c 3bd5 | 0f85 2f01 | 0000 4c8b | 8c24 a800 | 0000 488b 
  0x00000254d883100c: 5424 684c | 8b44 2448 | 488b 7c24 | 2048 8b6c | 2460 4c8b | 9424 8000 | 0000 4c89 | 5424 5890 
  0x00000254d883102c: ;   {optimized virtual_call}
  0x00000254d883102c: c5f8 77e8 

  0x00000254d8831030: ; ImmutableOopMap {rbp=Oop [32]=Oop [40]=Oop [64]=Oop [72]=Oop [88]=Oop [96]=Oop [104]=Oop [136]=NarrowOop }
                      ;*invokevirtual getAndVerifyPackage {reexecute=0 rethrow=0 return_oop=1}
                      ; - java.net.URLClassLoader::defineClass@97
                      ; - java.net.URLClassLoader$1::run@43
                      ; - java.net.URLClassLoader$1::run@1
                      ; - java.security.AccessController::executePrivileged@29
                      ; - java.security.AccessController::doPrivileged@13
                      ; - java.net.URLClassLoader::findClass@13
  0x00000254d8831030: 4cda 7eff 

  0x00000254d8831034: ;   {other}
  0x00000254d8831034: 0f1f 8400 | a475 00a4 | 4885 c00f | 84e3 0e00 | 004c 8b6c | 2440 e986 | aaff ff4c | 8bd0 e9c6 
  0x00000254d8831054: 0000 004c | 8bd0 e9be | 0000 004c | 8bd0 e9b6 | 0000 004c | 8bd0 e9ae | 0000 004c | 8bd0 498b 
  0x00000254d8831074: da44 8b5b | 0849 b800 | 0000 8054 | 0200 004d | 03c3 e9a6 | 0000 0048 | 8bd8 448b | 5008 49b8 
  0x00000254d8831094: 0000 0080 | 5402 0000 | 4d03 c2e9 | 8d00 0000 | 488b d844 | 8b58 0849 | b800 0000 | 8054 0200 
  0x00000254d88310b4: 004d 03c3 | eb77 488b | d844 8b58 | 0849 b800 | 0000 8054 | 0200 004d | 03c3 eb61 | 488b d844 
  0x00000254d88310d4: 8b58 0849 | b800 0000 | 8054 0200 | 004d 03c3 | eb4b 4c8b | d049 8bda | 458b 5a08 | 49b8 0000 
  0x00000254d88310f4: 0080 5402 | 0000 4d03 | c3eb 3248 | 8bd8 448b | 5808 49b8 | 0000 0080 | 5402 0000 | 4d03 c3eb 
  0x00000254d8831114: 1c4c 8bd0 | eb03 4c8b | d049 8bda | 458b 5a08 | 49b8 0000 | 0080 5402 | 0000 4d03 

  0x00000254d8831130: ;   {no_reloc}
  0x00000254d8831130: c34d 8b50 

  0x00000254d8831134: ;   {metadata('java/io/IOException')}
  0x00000254d8831134: 4849 bb58 | 5304 8154 | 0200 004d | 3bd3 0f84 | 0d0d 0000 | 4d8b 5050 

  0x00000254d883114c: ;   {metadata('java/lang/ClassFormatError')}
  0x00000254d883114c: 49bb 104b | 4c81 5402 | 0000 4d3b | d30f 85ea | 0000 004c | 8bd3 4c89 | 5424 2048 | 8b54 2440 
  0x00000254d883116c: 488b 6c24 | 6090 c5f8 | 7748 b8ff | ffff ffff 

  0x00000254d883117c: ;   {virtual_call}
  0x00000254d883117c: ffff ffe8 

  0x00000254d8831180: ; ImmutableOopMap {rbp=Oop [32]=Oop [40]=Oop [64]=Oop [96]=Oop }
                      ;*invokevirtual getDataError {reexecute=0 rethrow=0 return_oop=1}
                      ; - java.net.URLClassLoader$1::run@63
                      ; - java.net.URLClassLoader$1::run@1
                      ; - java.security.AccessController::executePrivileged@29
                      ; - java.security.AccessController::doPrivileged@13
                      ; - java.net.URLClassLoader::findClass@13
  0x00000254d8831180: fcdb 7eff 

  0x00000254d8831184: ;   {other}
  0x00000254d8831184: 0f1f 8400 | f476 00a5 | 4885 c074 | 3f48 8b54 | 2440 c5f8 | 7748 b8ff | ffff ffff 

  0x00000254d88311a0: ;   {virtual_call}
  0x00000254d88311a0: ffff ffe8 

  0x00000254d88311a4: ; ImmutableOopMap {rbp=Oop [32]=Oop [40]=Oop [96]=Oop }
                      ;*invokevirtual getDataError {reexecute=0 rethrow=0 return_oop=1}
                      ; - java.net.URLClassLoader$1::run@71
                      ; - java.net.URLClassLoader$1::run@1
                      ; - java.security.AccessController::executePrivileged@29
                      ; - java.security.AccessController::doPrivileged@13
                      ; - java.net.URLClassLoader::findClass@13
  0x00000254d88311a4: d8db 7eff 

  0x00000254d88311a8: ;   {other}
  0x00000254d88311a8: 0f1f 8400 | 1877 00a6 | 488b 6c24 | 2848 8b54 | 2420 4c8b | c066 6690 

  0x00000254d88311c0: ;   {optimized virtual_call}
  0x00000254d88311c0: c5f8 77e8 

  0x00000254d88311c4: ; ImmutableOopMap {rbp=Oop [32]=Oop [96]=Oop }
                      ;*invokevirtual addSuppressed {reexecute=0 rethrow=0 return_oop=0}
                      ; - java.net.URLClassLoader$1::run@74
                      ; - java.net.URLClassLoader$1::run@1
                      ; - java.security.AccessController::executePrivileged@29
                      ; - java.security.AccessController::doPrivileged@13
                      ; - java.net.URLClassLoader::findClass@13
  0x00000254d88311c4: b8d8 7eff 

  0x00000254d88311c8: ;   {other}
  0x00000254d88311c8: 0f1f 8400 | 3877 00a7 | 488b 5424 | 20e9 299a | ffff 488b | d8e9 bb00 | 0000 488b | d844 8b50 
  0x00000254d88311e8: 0849 bb00 | 0000 8054 | 0200 004d | 03da eb62 | 488b d8eb | 4c48 8bd8 | 448b 5808 | 49ba 0000 
  0x00000254d8831208: 0080 5402 | 0000 4d03 | d3eb 1448 | 8bd8 448b | 5808 49ba | 0000 0080 | 5402 0000 | 4d03 d34d 
  0x00000254d8831228: ;   {metadata('java/lang/RuntimeException')}
  0x00000254d8831228: 8b5a 4849 | b8a8 b705 | 8054 0200 | 004d 3bd8 | 756b eb31 | 488b d8eb | 0848 8bd8 | eb03 488b 
  0x00000254d8831248: d844 8b53 | 0849 bb00 | 0000 8054 | 0200 004d | 03da 4d8b 

  0x00000254d883125c: ;   {metadata('java/lang/RuntimeException')}
  0x00000254d883125c: 5348 49b8 | a8b7 0580 | 5402 0000 | 4d3b d075 | 0848 8bd3 | e98e 99ff | ff4d 8b53 

  0x00000254d8831278: ;   {metadata('java/lang/Exception')}
  0x00000254d8831278: 4049 bb20 | c000 8054 | 0200 004d | 3bd3 0f84 | 700b 0000 | 448b 5308 

  0x00000254d8831290: ;   {metadata('java/security/PrivilegedActionException')}
  0x00000254d8831290: 4181 faa0 | 7f12 010f | 8477 0b00 | 0048 8bd3 | e95e 99ff | ff4d 8b52 

  0x00000254d88312a8: ;   {metadata('java/lang/Exception')}
  0x00000254d88312a8: 4049 b820 | c000 8054 | 0200 004d | 3bd0 0f84 | e90b 0000 

  0x00000254d88312bc: ;   {metadata('java/security/PrivilegedActionException')}
  0x00000254d88312bc: 49ba a07f | 1281 5402 | 0000 4d3b | da0f 8419 | 0c00 0044 | 8b5b 0849 | ba00 0000 | 8054 0200 
  0x00000254d88312dc: 004d 03d3 | 4d8b 5248 

  0x00000254d88312e4: ;   {metadata('java/io/IOException')}
  0x00000254d88312e4: 49bb 5853 | 0481 5402 | 0000 4d3b | d30f 8552 | ffff ff4c | 8bdb 498b | 87b8 0100 | 004c 8bd0 
  0x00000254d8831304: 4983 c228 | 4d3b 97c8 | 0100 000f | 8317 0b00 | 004d 8997 | b801 0000 | 410f 0d8a | 0001 0000 
  0x00000254d8831324: 48c7 0001 

  0x00000254d8831328: ;   {metadata('java/lang/InternalError')}
  0x00000254d8831328: 0000 00c7 | 4008 3807 | 0100 4489 | 600c 4c89 | 6010 4c89 | 6018 4c89 | 6020 4c89 | 5c24 384c 
  0x00000254d8831348: 8bd0 4c89 | 5424 4848 | 8b6c 2428 | 448b 5c24 | 3044 895c | 2420 4c8b | 5424 504c | 8954 2428 
  0x00000254d8831368: 448b 5424 | 4044 8954 | 2424 488b | 5424 484c | 8b44 2438 | 4c8b 5424 | 604c 8954 | 2438 6690 
  0x00000254d8831388: ;   {optimized virtual_call}
  0x00000254d8831388: c5f8 77e8 

  0x00000254d883138c: ; ImmutableOopMap {rbp=Oop [32]=NarrowOop [40]=Oop [56]=Oop [72]=Oop [96]=Oop [104]=Oop }
                      ;*invokespecial <init> {reexecute=0 rethrow=0 return_oop=0}
                      ; - jdk.internal.loader.URLClassPath$JarLoader::getResource@13
                      ; - jdk.internal.loader.URLClassPath::getResource@53
                      ; - java.net.URLClassLoader$1::run@26
                      ; - java.net.URLClassLoader$1::run@1
                      ; - java.security.AccessController::executePrivileged@29
                      ; - java.security.AccessController::doPrivileged@13
                      ; - java.net.URLClassLoader::findClass@13
  0x00000254d883138c: f0d6 7eff 

  0x00000254d8831390: ;   {other}
  0x00000254d8831390: 0f1f 8400 | 0079 00a8 | 488b 5424 | 48e9 6198 | ffff 498b | d7c5 f877 | 49ba 20a4 | 72b8 fc7f 
  0x00000254d88313b0: 0000 41ff 

  0x00000254d88313b4: ;   {other}
  0x00000254d88313b4: d20f 1f84 | 0000 0000 | 00e9 90ab | ffff 498b | d7c5 f877 | 49ba 20a4 | 72b8 fc7f | 0000 41ff 
  0x00000254d88313d4: ;   {other}
  0x00000254d88313d4: d20f 1f84 | 0000 0000 | 00e9 ddda | ffff 498b | f949 8bd8 | 498b d7c5 | f877 49ba | 20a4 72b8 
  0x00000254d88313f4: fc7f 0000 

  0x00000254d88313f8: ;   {other}
  0x00000254d88313f8: 41ff d20f | 1f84 0000 | 0000 004c | 8bc3 4c8b | cfe9 2bac | ffff 498b | d7c5 f877 | 49ba 20a4 
  0x00000254d8831418: 72b8 fc7f | 0000 41ff 

  0x00000254d8831420: ;   {other}
  0x00000254d8831420: d20f 1f84 | 0000 0000 | 004c 8bd5 | e979 acff | ffba f6ff | ffff 4c8b | 5424 604c | 8954 2420 
  0x00000254d8831440: 448b 5424 | 4044 8954 | 2434 4c8b | 5424 504c | 8954 2440 

  0x00000254d8831454: ;   {runtime_call UncommonTrapBlob}
  0x00000254d8831454: c5f8 77e8 

  0x00000254d8831458: ; ImmutableOopMap {rbp=NarrowOop [32]=Oop [40]=Oop [48]=NarrowOop [64]=Oop [88]=Oop [104]=Oop [112]=Oop }
                      ;*invokevirtual startsWith {reexecute=0 rethrow=0 return_oop=0}
                      ; - jdk.internal.loader.URLClassPath$FileLoader::getResource@31
                      ; - jdk.internal.loader.URLClassPath::getResource@53
                      ; - java.net.URLClassLoader$1::run@26
                      ; - java.net.URLClassLoader$1::run@1
                      ; - java.security.AccessController::executePrivileged@29
                      ; - java.security.AccessController::doPrivileged@13
                      ; - java.net.URLClassLoader::findClass@13
  0x00000254d8831458: 242f 7fff 

  0x00000254d883145c: ;   {other}
  0x00000254d883145c: 0f1f 8400 | cc79 00a9 | bac6 ffff | ff48 8b6c | 2460 4c8b | 5c24 284c | 895c 2420 | 448b 4424 
  0x00000254d883147c: 3044 8944 | 2428 4c8b | 5c24 5044 | 8954 242c | 4889 4424 | 384c 895c | 2440 6690 

  0x00000254d8831498: ;   {runtime_call UncommonTrapBlob}
  0x00000254d8831498: c5f8 77e8 

  0x00000254d883149c: ; ImmutableOopMap {rbp=Oop [32]=Oop [40]=NarrowOop [56]=Oop [64]=Oop [104]=Oop }
                      ;*invokevirtual getResource {reexecute=0 rethrow=0 return_oop=0}
                      ; - jdk.internal.loader.URLClassPath::getResource@53
                      ; - java.net.URLClassLoader$1::run@26
                      ; - java.net.URLClassLoader$1::run@1
                      ; - java.security.AccessController::executePrivileged@29
                      ; - java.security.AccessController::doPrivileged@13
                      ; - java.net.URLClassLoader::findClass@13
  0x00000254d883149c: e02e 7fff 

  0x00000254d88314a0: ;   {other}
  0x00000254d88314a0: 0f1f 8400 | 107a 00aa | ba45 ffff | ff4c 8b54 | 2428 4c89 | 5424 204c | 8b54 2440 | 4c89 5424 
  0x00000254d88314c0: 284c 8b54 | 2468 4c89 | 5424 304c | 8b54 2478 | 4c89 5424 | 604c 8b54 | 2470 4c89 | 5424 6844 
  0x00000254d88314e0: 8b54 2458 | 4489 5424 | 5448 8984 | 2480 0000 | 0066 6690 

  0x00000254d88314f4: ;   {runtime_call UncommonTrapBlob}
  0x00000254d88314f4: c5f8 77e8 

  0x00000254d88314f8: ; ImmutableOopMap {rbp=Oop [32]=Oop [40]=Oop [48]=Oop [80]=NarrowOop [84]=NarrowOop [96]=Oop [128]=Oop [200]=Oop }
                      ;*ifnull {reexecute=1 rethrow=0 return_oop=0}
                      ; - (reexecute) java.util.jar.JarFile::maybeInstantiateVerifier@27
                      ; - java.util.jar.JarFile::ensureInitialization@1
                      ; - java.util.jar.JavaUtilJarAccessImpl::ensureInitialization@1
                      ; - jdk.internal.loader.URLClassPath$JarLoader$2::getManifest@10
                      ; - java.net.URLClassLoader::defineClass@34
                      ; - java.net.URLClassLoader$1::run@43
                      ; - java.net.URLClassLoader$1::run@1
                      ; - java.security.AccessController::executePrivileged@29
                      ; - java.security.AccessController::doPrivileged@13
                      ; - java.net.URLClassLoader::findClass@13
  0x00000254d88314f8: 842e 7fff 

  0x00000254d88314fc: ;   {other}
  0x00000254d88314fc: 0f1f 8400 | 6c7a 00ab | ba45 ffff | ff4c 8b54 | 2460 4c89 | 5424 204c | 8b54 2440 | 4c89 5424 
  0x00000254d883151c: 304c 8b54 | 2468 4c89 | 5424 384c | 8b54 2470 | 4c89 5424 | 6844 8984 | 2480 0000 | 0066 6690 
  0x00000254d883153c: ;   {runtime_call UncommonTrapBlob}
  0x00000254d883153c: c5f8 77e8 

  0x00000254d8831540: ; ImmutableOopMap {rbp=NarrowOop [32]=Oop [40]=Oop [48]=Oop [56]=Oop [88]=NarrowOop [120]=Oop [128]=NarrowOop [200]=Oop }
                      ;*ifnull {reexecute=1 rethrow=0 return_oop=0}
                      ; - (reexecute) java.util.jar.JarFile::ensureInitialization@21
                      ; - java.util.jar.JavaUtilJarAccessImpl::ensureInitialization@1
                      ; - jdk.internal.loader.URLClassPath$JarLoader$2::getManifest@10
                      ; - java.net.URLClassLoader::defineClass@34
                      ; - java.net.URLClassLoader$1::run@43
                      ; - java.net.URLClassLoader$1::run@1
                      ; - java.security.AccessController::executePrivileged@29
                      ; - java.security.AccessController::doPrivileged@13
                      ; - java.net.URLClassLoader::findClass@13
  0x00000254d8831540: 3c2e 7fff 

  0x00000254d8831544: ;   {other}
  0x00000254d8831544: 0f1f 8400 | b47a 00ac | baf6 ffff | ff4c 8b54 | 2460 4c89 | 5424 204c | 8b54 2450 | 448b 5c24 
  0x00000254d8831564: 4044 895c | 2434 4c89 | 5424 404c | 8b54 2468 | 4c89 5424 | 5066 6690 

  0x00000254d883157c: ;   {runtime_call UncommonTrapBlob}
  0x00000254d883157c: c5f8 77e8 

  0x00000254d8831580: ; ImmutableOopMap {rbp=NarrowOop [32]=Oop [40]=Oop [48]=NarrowOop [64]=Oop [80]=Oop [88]=Oop [112]=Oop [120]=Oop }
                      ;*invokevirtual startsWith {reexecute=0 rethrow=0 return_oop=0}
                      ; - jdk.internal.loader.URLClassPath$FileLoader::getResource@93
                      ; - jdk.internal.loader.URLClassPath::getResource@53
                      ; - java.net.URLClassLoader$1::run@26
                      ; - java.net.URLClassLoader$1::run@1
                      ; - java.security.AccessController::executePrivileged@29
                      ; - java.security.AccessController::doPrivileged@13
                      ; - java.net.URLClassLoader::findClass@13
  0x00000254d8831580: fc2d 7fff 

  0x00000254d8831584: ;   {other}
  0x00000254d8831584: 0f1f 8400 | f47a 00ad | 33ed 4585 | db40 0f96 | c5ba 45ff | ffff 4c8b | 5424 604c | 8954 2420 
  0x00000254d88315a4: 448b 5424 | 4044 8954 | 2434 4c8b | 5424 504c | 8954 2440 | 4c8b 5424 | 684c 8954 | 2450 4c8b 
  0x00000254d88315c4: 5424 704c | 8954 2460 | 4c8b 9424 | 8000 0000 | 4c89 5424 | 7066 6690 

  0x00000254d88315dc: ;   {runtime_call UncommonTrapBlob}
  0x00000254d88315dc: c5f8 77e8 

  0x00000254d88315e0: ; ImmutableOopMap {[32]=Oop [40]=Oop [48]=NarrowOop [64]=Oop [80]=Oop [88]=Oop [96]=Oop [112]=Oop [128]=Oop [136]=Oop }
                      ;*ifeq {reexecute=1 rethrow=0 return_oop=0}
                      ; - (reexecute) java.io.File::<init>@32
                      ; - jdk.internal.loader.URLClassPath$FileLoader::getResource@73
                      ; - jdk.internal.loader.URLClassPath::getResource@53
                      ; - java.net.URLClassLoader$1::run@26
                      ; - java.net.URLClassLoader$1::run@1
                      ; - java.security.AccessController::executePrivileged@29
                      ; - java.security.AccessController::doPrivileged@13
                      ; - java.net.URLClassLoader::findClass@13
  0x00000254d88315e0: 9c2d 7fff 

  0x00000254d88315e4: ;   {other}
  0x00000254d88315e4: 0f1f 8400 | 547b 00ae | bae4 ffff | ff4c 8b54 | 2428 4c89 | 5424 2044 | 8b5c 2430 | 4489 5c24 
  0x00000254d8831604: 284c 8b54 | 2450 448b | 5c24 4044 | 895c 242c | 4c89 5424 | 384c 8b54 | 2468 4c89 | 5424 484c 
  0x00000254d8831624: 8b54 2458 | 4c89 5424 | 504c 8b54 | 2470 4c89 | 5424 584c | 8b94 2480 | 0000 004c | 8954 2468 
  0x00000254d8831644: 4c8b 5424 | 784c 8954 | 2470 4489 | 8c24 8000 | 0000 4489 | 8424 8400 | 0000 6690 

  0x00000254d8831660: ;   {runtime_call UncommonTrapBlob}
  0x00000254d8831660: c5f8 77e8 

  0x00000254d8831664: ; ImmutableOopMap {rbp=Oop [32]=Oop [40]=NarrowOop [56]=Oop [72]=Oop [80]=Oop [88]=Oop [104]=Oop [112]=Oop [128]=NarrowOop }
                      ;*invokestatic checkIndex {reexecute=0 rethrow=0 return_oop=0}
                      ; - java.lang.String::checkIndex@5
                      ; - java.lang.StringLatin1::charAt@3
                      ; - java.lang.String::charAt@12
                      ; - java.io.WinNTFileSystem::prefixLength@18
                      ; - java.io.File::<init>@104
                      ; - jdk.internal.loader.URLClassPath$FileLoader::getResource@73
                      ; - jdk.internal.loader.URLClassPath::getResource@53
                      ; - java.net.URLClassLoader$1::run@26
                      ; - java.net.URLClassLoader$1::run@1
                      ; - java.security.AccessController::executePrivileged@29
                      ; - java.security.AccessController::doPrivileged@13
                      ; - java.net.URLClassLoader::findClass@13
  0x00000254d8831664: 182d 7fff 

  0x00000254d8831668: ;   {other}
  0x00000254d8831668: 0f1f 8400 | d87b 00af | bae4 ffff | ff4c 8b54 | 2460 4c89 | 5424 2044 | 8b54 2440 | 4489 5424 
  0x00000254d8831688: 344c 8b54 | 2450 4c89 | 5424 404c | 8b54 2468 | 4c89 5424 | 504c 8b54 | 2470 4c89 | 5424 604c 
  0x00000254d88316a8: 8b94 2480 | 0000 004c | 8954 2470 | 448b 9424 | 8c00 0000 | 4489 9424 | 8000 0000 | 448b 9c24 
  0x00000254d88316c8: 8800 0000 | 4489 9c24 | 8400 0000 | 4489 8424 | 8c00 0000 

  0x00000254d88316dc: ;   {runtime_call UncommonTrapBlob}
  0x00000254d88316dc: c5f8 77e8 

  0x00000254d88316e0: ; ImmutableOopMap {[32]=Oop [40]=Oop [48]=NarrowOop [64]=Oop [80]=Oop [88]=Oop [96]=Oop [112]=Oop [120]=Oop [140]=NarrowOop }
                      ;*invokestatic checkIndex {reexecute=0 rethrow=0 return_oop=0}
                      ; - java.lang.String::checkIndex@5
                      ; - java.lang.StringLatin1::charAt@3
                      ; - java.lang.String::charAt@12
                      ; - java.io.WinNTFileSystem::prefixLength@30
                      ; - java.io.File::<init>@104
                      ; - jdk.internal.loader.URLClassPath$FileLoader::getResource@73
                      ; - jdk.internal.loader.URLClassPath::getResource@53
                      ; - java.net.URLClassLoader$1::run@26
                      ; - java.net.URLClassLoader$1::run@1
                      ; - java.security.AccessController::executePrivileged@29
                      ; - java.security.AccessController::doPrivileged@13
                      ; - java.net.URLClassLoader::findClass@13
  0x00000254d88316e0: 9c2c 7fff 

  0x00000254d88316e4: ;   {other}
  0x00000254d88316e4: 0f1f 8400 | 547c 00b0 | bae4 ffff | ff4c 8b54 | 2460 4c89 | 5424 204c | 8b54 2450 | 448b 5c24 
  0x00000254d8831704: 4044 895c | 2434 4c89 | 5424 404c | 8b54 2468 | 4c89 5424 | 504c 8b54 | 2470 4c89 | 5424 604c 
  0x00000254d8831724: 8b94 2480 | 0000 004c | 8954 2470 | 4489 4424 | 7c66 6690 

  0x00000254d8831738: ;   {runtime_call UncommonTrapBlob}
  0x00000254d8831738: c5f8 77e8 

  0x00000254d883173c: ; ImmutableOopMap {[32]=Oop [40]=Oop [48]=NarrowOop [64]=Oop [80]=Oop [88]=Oop [96]=Oop [112]=Oop [124]=NarrowOop [128]=Oop }
                      ;*invokestatic checkIndex {reexecute=0 rethrow=0 return_oop=0}
                      ; - java.lang.String::checkIndex@5
                      ; - java.lang.StringLatin1::charAt@3
                      ; - java.lang.String::charAt@12
                      ; - java.io.WinNTFileSystem::prefixLength@78
                      ; - java.io.File::<init>@104
                      ; - jdk.internal.loader.URLClassPath$FileLoader::getResource@73
                      ; - jdk.internal.loader.URLClassPath::getResource@53
                      ; - java.net.URLClassLoader$1::run@26
                      ; - java.net.URLClassLoader$1::run@1
                      ; - java.security.AccessController::executePrivileged@29
                      ; - java.security.AccessController::doPrivileged@13
                      ; - java.net.URLClassLoader::findClass@13
  0x00000254d883173c: 402c 7fff 

  0x00000254d8831740: ;   {other}
  0x00000254d8831740: 0f1f 8400 | b07c 00b1 | 498b d7c5 | f877 49ba | 20a4 72b8 | fc7f 0000 

  0x00000254d8831758: ;   {other}
  0x00000254d8831758: 41ff d20f | 1f84 0000 | 0000 00e9 | 37b9 ffff | 498b d7c5 | f877 49ba | 20a4 72b8 | fc7f 0000 
  0x00000254d8831778: ;   {other}
  0x00000254d8831778: 41ff d20f | 1f84 0000 | 0000 00e9 | 5cbb ffff | ba45 ffff | ff48 8b6c | 2460 4c8b | 5424 284c 
  0x00000254d8831798: 8954 2420 | 448b 5424 | 3044 8954 | 2428 4c8b | 5424 5044 | 8b5c 2440 | 4489 5c24 | 2c4c 8954 
  0x00000254d88317b8: 2438 4c8b | 5424 684c | 8954 2448 | 4c8b 5424 | 584c 8954 | 2450 4c8b | 5424 704c | 8954 2458 
  0x00000254d88317d8: 4c8b 9424 | 8000 0000 | 4c89 5424 | 6866 6690 

  0x00000254d88317e8: ;   {runtime_call UncommonTrapBlob}
  0x00000254d88317e8: c5f8 77e8 

  0x00000254d88317ec: ; ImmutableOopMap {rbp=Oop [32]=Oop [40]=NarrowOop [56]=Oop [72]=Oop [80]=Oop [88]=Oop [104]=Oop [128]=Oop }
                      ;*if_icmple {reexecute=1 rethrow=0 return_oop=0}
                      ; - (reexecute) java.io.WinNTFileSystem::prefixLength@73
                      ; - java.io.File::<init>@104
                      ; - jdk.internal.loader.URLClassPath$FileLoader::getResource@73
                      ; - jdk.internal.loader.URLClassPath::getResource@53
                      ; - java.net.URLClassLoader$1::run@26
                      ; - java.net.URLClassLoader$1::run@1
                      ; - java.security.AccessController::executePrivileged@29
                      ; - java.security.AccessController::doPrivileged@13
                      ; - java.net.URLClassLoader::findClass@13
  0x00000254d88317ec: 902b 7fff 

  0x00000254d88317f0: ;   {other}
  0x00000254d88317f0: 0f1f 8400 | 607d 00b2 | ba45 ffff | ff48 8b6c | 2460 4c8b | 5c24 284c | 895c 2420 | 448b 5c24 
  0x00000254d8831810: 3044 895c | 2428 4c8b | 5c24 5044 | 8b44 2440 | 4489 4424 | 2c4c 895c | 2438 4c8b | 5c24 684c 
  0x00000254d8831830: 895c 2448 | 4c8b 5c24 | 584c 895c | 2450 4c8b | 5c24 704c | 895c 2458 | 4c8b 9c24 | 8000 0000 
  0x00000254d8831850: 4c89 5c24 | 6844 8954 | 2470 6690 

  0x00000254d883185c: ;   {runtime_call UncommonTrapBlob}
  0x00000254d883185c: c5f8 77e8 

  0x00000254d8831860: ; ImmutableOopMap {rbp=Oop [32]=Oop [40]=NarrowOop [56]=Oop [72]=Oop [80]=Oop [88]=Oop [104]=Oop [128]=Oop }
                      ;*if_icmpne {reexecute=1 rethrow=0 return_oop=0}
                      ; - (reexecute) java.io.WinNTFileSystem::prefixLength@82
                      ; - java.io.File::<init>@104
                      ; - jdk.internal.loader.URLClassPath$FileLoader::getResource@73
                      ; - jdk.internal.loader.URLClassPath::getResource@53
                      ; - java.net.URLClassLoader$1::run@26
                      ; - java.net.URLClassLoader$1::run@1
                      ; - java.security.AccessController::executePrivileged@29
                      ; - java.security.AccessController::doPrivileged@13
                      ; - java.net.URLClassLoader::findClass@13
  0x00000254d8831860: 1c2b 7fff 

  0x00000254d8831864: ;   {other}
  0x00000254d8831864: 0f1f 8400 | d47d 00b3 | ba45 ffff | ff4c 8b54 | 2428 4c89 | 5424 2044 | 8b5c 2430 | 4489 5c24 
  0x00000254d8831884: 2844 8b54 | 2440 4489 | 5424 2c4c | 8b54 2450 | 4c89 5424 | 384c 8b54 | 2468 4c89 | 5424 484c 
  0x00000254d88318a4: 8b54 2458 | 4c89 5424 | 504c 8b54 | 2470 4c89 | 5424 584c | 8b94 2480 | 0000 004c | 8954 2468 
  0x00000254d88318c4: ;   {runtime_call UncommonTrapBlob}
  0x00000254d88318c4: c5f8 77e8 

  0x00000254d88318c8: ; ImmutableOopMap {rbp=Oop [32]=Oop [40]=NarrowOop [56]=Oop [72]=Oop [80]=Oop [88]=Oop [104]=Oop [128]=Oop }
                      ;*ifne {reexecute=1 rethrow=0 return_oop=0}
                      ; - (reexecute) java.io.WinNTFileSystem::prefixLength@11
                      ; - java.io.File::<init>@104
                      ; - jdk.internal.loader.URLClassPath$FileLoader::getResource@73
                      ; - jdk.internal.loader.URLClassPath::getResource@53
                      ; - java.net.URLClassLoader$1::run@26
                      ; - java.net.URLClassLoader$1::run@1
                      ; - java.security.AccessController::executePrivileged@29
                      ; - java.security.AccessController::doPrivileged@13
                      ; - java.net.URLClassLoader::findClass@13
  0x00000254d88318c8: b42a 7fff 

  0x00000254d88318cc: ;   {other}
  0x00000254d88318cc: 0f1f 8400 | 3c7e 00b4 | ba45 ffff | ff48 8b6c | 2460 4c8b | 5424 284c | 8954 2420 | 448b 5c24 
  0x00000254d88318ec: 3044 895c | 2428 448b | 5424 4044 | 8954 242c | 4c8b 5424 | 504c 8954 | 2438 4c8b | 5424 684c 
  0x00000254d883190c: 8954 2448 | 4c8b 5424 | 584c 8954 | 2450 4c8b | 5424 704c | 8954 2458 | 4c8b 9424 | 8000 0000 
  0x00000254d883192c: 4c89 5424 | 6844 8b9c | 248c 0000 | 0044 894c | 2474 4489 | 5c24 7c90 

  0x00000254d8831944: ;   {runtime_call UncommonTrapBlob}
  0x00000254d8831944: c5f8 77e8 

  0x00000254d8831948: ; ImmutableOopMap {rbp=Oop [32]=Oop [40]=NarrowOop [56]=Oop [72]=Oop [80]=Oop [88]=Oop [104]=Oop [128]=Oop }
                      ;*if_icmpne {reexecute=1 rethrow=0 return_oop=0}
                      ; - (reexecute) java.io.WinNTFileSystem::prefixLength@42
                      ; - java.io.File::<init>@104
                      ; - jdk.internal.loader.URLClassPath$FileLoader::getResource@73
                      ; - jdk.internal.loader.URLClassPath::getResource@53
                      ; - java.net.URLClassLoader$1::run@26
                      ; - java.net.URLClassLoader$1::run@1
                      ; - java.security.AccessController::executePrivileged@29
                      ; - java.security.AccessController::doPrivileged@13
                      ; - java.net.URLClassLoader::findClass@13
  0x00000254d8831948: 342a 7fff 

  0x00000254d883194c: ;   {other}
  0x00000254d883194c: 0f1f 8400 | bc7e 00b5 | 498b d145 | 33c0 6690 

  0x00000254d883195c: ;   {static_call}
  0x00000254d883195c: c5f8 77e8 

  0x00000254d8831960: ; ImmutableOopMap {rbp=Oop [32]=Oop [40]=Oop [48]=NarrowOop [80]=Oop [88]=Oop [96]=Oop [104]=Oop [112]=Oop [120]=Oop [128]=Oop }
                      ;*invokestatic charAt {reexecute=0 rethrow=0 return_oop=0}
                      ; - java.lang.String::charAt@21
                      ; - java.io.WinNTFileSystem::prefixLength@18
                      ; - java.io.File::<init>@104
                      ; - jdk.internal.loader.URLClassPath$FileLoader::getResource@118
                      ; - jdk.internal.loader.URLClassPath::getResource@53
                      ; - java.net.URLClassLoader$1::run@26
                      ; - java.net.URLClassLoader$1::run@1
                      ; - java.security.AccessController::executePrivileged@29
                      ; - java.security.AccessController::doPrivileged@13
                      ; - java.net.URLClassLoader::findClass@13
  0x00000254d8831960: 1cd7 7eff 

  0x00000254d8831964: ;   {other}
  0x00000254d8831964: 0f1f 8400 | d47e 00b6 | 8984 2490 | 0000 00e9 | 0bc1 ffff | 458b d049 | 8bd2 41b8 | 0100 0000 
  0x00000254d8831984: ;   {static_call}
  0x00000254d8831984: c5f8 77e8 

  0x00000254d8831988: ; ImmutableOopMap {rbp=Oop [32]=Oop [40]=Oop [48]=NarrowOop [80]=Oop [88]=Oop [96]=Oop [104]=Oop [112]=Oop [120]=Oop [128]=Oop }
                      ;*invokestatic charAt {reexecute=0 rethrow=0 return_oop=0}
                      ; - java.lang.String::charAt@21
                      ; - java.io.WinNTFileSystem::prefixLength@30
                      ; - java.io.File::<init>@104
                      ; - jdk.internal.loader.URLClassPath$FileLoader::getResource@118
                      ; - jdk.internal.loader.URLClassPath::getResource@53
                      ; - java.net.URLClassLoader$1::run@26
                      ; - java.net.URLClassLoader$1::run@1
                      ; - java.security.AccessController::executePrivileged@29
                      ; - java.security.AccessController::doPrivileged@13
                      ; - java.net.URLClassLoader::findClass@13
  0x00000254d8831988: f4d6 7eff 

  0x00000254d883198c: ;   {other}
  0x00000254d883198c: 0f1f 8400 | fc7e 00b7 | 448b c8e9 | 2dc1 ffff | 498b d041 | b802 0000 | 0048 8b6c | 2460 6690 
  0x00000254d88319ac: ;   {static_call}
  0x00000254d88319ac: c5f8 77e8 

  0x00000254d88319b0: ; ImmutableOopMap {rbp=Oop [32]=Oop [40]=Oop [48]=NarrowOop [80]=Oop [88]=Oop [96]=Oop [104]=Oop [112]=Oop [128]=Oop }
                      ;*invokestatic charAt {reexecute=0 rethrow=0 return_oop=0}
                      ; - java.lang.String::charAt@21
                      ; - java.io.WinNTFileSystem::prefixLength@78
                      ; - java.io.File::<init>@104
                      ; - jdk.internal.loader.URLClassPath$FileLoader::getResource@118
                      ; - jdk.internal.loader.URLClassPath::getResource@53
                      ; - java.net.URLClassLoader$1::run@26
                      ; - java.net.URLClassLoader$1::run@1
                      ; - java.security.AccessController::executePrivileged@29
                      ; - java.security.AccessController::doPrivileged@13
                      ; - java.net.URLClassLoader::findClass@13
  0x00000254d88319b0: ccd6 7eff 

  0x00000254d88319b4: ;   {other}
  0x00000254d88319b4: 0f1f 8400 | 247f 00b8 | 448b d0e9 | 0ec2 ffff | bac6 ffff | ff48 8b6c | 2460 4c8b | 5c24 284c 
  0x00000254d88319d4: 895c 2420 | 4c8b 5c24 | 684c 895c | 2430 4c89 | 6c24 4044 | 8954 2448 | 4c89 6c24 | 5066 6690 
  0x00000254d88319f4: ;   {runtime_call UncommonTrapBlob}
  0x00000254d88319f4: c5f8 77e8 

  0x00000254d88319f8: ; ImmutableOopMap {rbp=Oop [32]=Oop [48]=Oop [64]=Oop [80]=Oop }
                      ;*invokevirtual getCodeSourceURL {reexecute=0 rethrow=0 return_oop=0}
                      ; - java.net.URLClassLoader::defineClass@13
                      ; - java.net.URLClassLoader$1::run@43
                      ; - java.net.URLClassLoader$1::run@1
                      ; - java.security.AccessController::executePrivileged@29
                      ; - java.security.AccessController::doPrivileged@13
                      ; - java.net.URLClassLoader::findClass@13
  0x00000254d88319f8: 8429 7fff 

  0x00000254d88319fc: ;   {other}
  0x00000254d88319fc: 0f1f 8400 | 6c7f 00b9 | bac6 ffff | ff48 8b6c | 2460 4c8b | 5424 284c | 8954 2420 | 4c8b 5424 
  0x00000254d8831a1c: 684c 8954 | 2450 6690 

  0x00000254d8831a24: ;   {runtime_call UncommonTrapBlob}
  0x00000254d8831a24: c5f8 77e8 

  0x00000254d8831a28: ; ImmutableOopMap {rbp=Oop [32]=Oop [64]=Oop [80]=Oop [88]=Oop [136]=NarrowOop }
                      ;*invokevirtual getCodeSigners {reexecute=0 rethrow=0 return_oop=0}
                      ; - java.net.URLClassLoader::defineClass@185
                      ; - java.net.URLClassLoader$1::run@43
                      ; - java.net.URLClassLoader$1::run@1
                      ; - java.security.AccessController::executePrivileged@29
                      ; - java.security.AccessController::doPrivileged@13
                      ; - java.net.URLClassLoader::findClass@13
  0x00000254d8831a28: 5429 7fff 

  0x00000254d8831a2c: ;   {other}
  0x00000254d8831a2c: 0f1f 8400 | 9c7f 00ba | 33ed 4585 | db40 0f96 | c5ba 45ff | ffff 4c8b | 5424 604c | 8954 2420 
  0x00000254d8831a4c: 448b 5424 | 4044 8954 | 2434 4c8b | 5424 504c | 8954 2440 | 4c8b 5424 | 684c 8954 | 2450 4c8b 
  0x00000254d8831a6c: 5424 704c | 8954 2460 | 4c8b 9424 | 8000 0000 | 4c89 5424 | 7066 6690 

  0x00000254d8831a84: ;   {runtime_call UncommonTrapBlob}
  0x00000254d8831a84: c5f8 77e8 

  0x00000254d8831a88: ; ImmutableOopMap {[32]=Oop [40]=Oop [48]=NarrowOop [64]=Oop [80]=Oop [88]=Oop [96]=Oop [112]=Oop [128]=Oop [136]=Oop }
                      ;*ifeq {reexecute=1 rethrow=0 return_oop=0}
                      ; - (reexecute) java.io.File::<init>@32
                      ; - jdk.internal.loader.URLClassPath$FileLoader::getResource@118
                      ; - jdk.internal.loader.URLClassPath::getResource@53
                      ; - java.net.URLClassLoader$1::run@26
                      ; - java.net.URLClassLoader$1::run@1
                      ; - java.security.AccessController::executePrivileged@29
                      ; - java.security.AccessController::doPrivileged@13
                      ; - java.net.URLClassLoader::findClass@13
  0x00000254d8831a88: f428 7fff 

  0x00000254d8831a8c: ;   {other}
  0x00000254d8831a8c: 0f1f 8400 | fc7f 00bb | bae4 ffff | ff4c 8b54 | 2428 4c89 | 5424 2044 | 8b54 2430 | 4489 5424 
  0x00000254d8831aac: 284c 8b54 | 2450 448b | 5c24 4044 | 895c 242c | 4c89 5424 | 384c 8b54 | 2468 4c89 | 5424 484c 
  0x00000254d8831acc: 8b54 2458 | 4c89 5424 | 504c 8b54 | 2470 4c89 | 5424 584c | 8b94 2480 | 0000 004c | 8954 2468 
  0x00000254d8831aec: 4c8b 5424 | 784c 8954 | 2470 4489 | 8c24 8000 | 0000 4489 | 8424 8400 | 0000 6690 

  0x00000254d8831b08: ;   {runtime_call UncommonTrapBlob}
  0x00000254d8831b08: c5f8 77e8 

  0x00000254d8831b0c: ; ImmutableOopMap {rbp=Oop [32]=Oop [40]=NarrowOop [56]=Oop [72]=Oop [80]=Oop [88]=Oop [104]=Oop [112]=Oop [128]=NarrowOop }
                      ;*invokestatic checkIndex {reexecute=0 rethrow=0 return_oop=0}
                      ; - java.lang.String::checkIndex@5
                      ; - java.lang.StringLatin1::charAt@3
                      ; - java.lang.String::charAt@12
                      ; - java.io.WinNTFileSystem::prefixLength@18
                      ; - java.io.File::<init>@104
                      ; - jdk.internal.loader.URLClassPath$FileLoader::getResource@118
                      ; - jdk.internal.loader.URLClassPath::getResource@53
                      ; - java.net.URLClassLoader$1::run@26
                      ; - java.net.URLClassLoader$1::run@1
                      ; - java.security.AccessController::executePrivileged@29
                      ; - java.security.AccessController::doPrivileged@13
                      ; - java.net.URLClassLoader::findClass@13
  0x00000254d8831b0c: 7028 7fff 

  0x00000254d8831b10: ;   {other}
  0x00000254d8831b10: 0f1f 8400 | 8080 00bc | bae4 ffff | ff4c 8b54 | 2460 4c89 | 5424 204c | 8b54 2450 | 448b 5c24 
  0x00000254d8831b30: 4044 895c | 2434 4c89 | 5424 404c | 8b54 2468 | 4c89 5424 | 504c 8b54 | 2470 4c89 | 5424 604c 
  0x00000254d8831b50: 8b94 2480 | 0000 004c | 8954 2470 | 448b 9424 | 8c00 0000 | 4489 9424 | 8000 0000 | 448b 9c24 
  0x00000254d8831b70: 8800 0000 | 4489 9c24 | 8400 0000 | 4489 8424 | 8c00 0000 

  0x00000254d8831b84: ;   {runtime_call UncommonTrapBlob}
  0x00000254d8831b84: c5f8 77e8 

  0x00000254d8831b88: ; ImmutableOopMap {[32]=Oop [40]=Oop [48]=NarrowOop [64]=Oop [80]=Oop [88]=Oop [96]=Oop [112]=Oop [120]=Oop [140]=NarrowOop }
                      ;*invokestatic checkIndex {reexecute=0 rethrow=0 return_oop=0}
                      ; - java.lang.String::checkIndex@5
                      ; - java.lang.StringLatin1::charAt@3
                      ; - java.lang.String::charAt@12
                      ; - java.io.WinNTFileSystem::prefixLength@30
                      ; - java.io.File::<init>@104
                      ; - jdk.internal.loader.URLClassPath$FileLoader::getResource@118
                      ; - jdk.internal.loader.URLClassPath::getResource@53
                      ; - java.net.URLClassLoader$1::run@26
                      ; - java.net.URLClassLoader$1::run@1
                      ; - java.security.AccessController::executePrivileged@29
                      ; - java.security.AccessController::doPrivileged@13
                      ; - java.net.URLClassLoader::findClass@13
  0x00000254d8831b88: f427 7fff 

  0x00000254d8831b8c: ;   {other}
  0x00000254d8831b8c: 0f1f 8400 | fc80 00bd | bae4 ffff | ff4c 8b54 | 2460 4c89 | 5424 2044 | 8b54 2440 | 4489 5424 
  0x00000254d8831bac: 344c 8b54 | 2450 4c89 | 5424 404c | 8b54 2468 | 4c89 5424 | 504c 8b54 | 2470 4c89 | 5424 604c 
  0x00000254d8831bcc: 8b94 2480 | 0000 004c | 8954 2470 | 4489 4424 | 7c66 6690 

  0x00000254d8831be0: ;   {runtime_call UncommonTrapBlob}
  0x00000254d8831be0: c5f8 77e8 

  0x00000254d8831be4: ; ImmutableOopMap {[32]=Oop [40]=Oop [48]=NarrowOop [64]=Oop [80]=Oop [88]=Oop [96]=Oop [112]=Oop [124]=NarrowOop [128]=Oop }
                      ;*invokestatic checkIndex {reexecute=0 rethrow=0 return_oop=0}
                      ; - java.lang.String::checkIndex@5
                      ; - java.lang.StringLatin1::charAt@3
                      ; - java.lang.String::charAt@12
                      ; - java.io.WinNTFileSystem::prefixLength@78
                      ; - java.io.File::<init>@104
                      ; - jdk.internal.loader.URLClassPath$FileLoader::getResource@118
                      ; - jdk.internal.loader.URLClassPath::getResource@53
                      ; - java.net.URLClassLoader$1::run@26
                      ; - java.net.URLClassLoader$1::run@1
                      ; - java.security.AccessController::executePrivileged@29
                      ; - java.security.AccessController::doPrivileged@13
                      ; - java.net.URLClassLoader::findClass@13
  0x00000254d8831be4: 9827 7fff 

  0x00000254d8831be8: ;   {other}
  0x00000254d8831be8: 0f1f 8400 | 5881 00be | 498b d7c5 | f877 49ba | 20a4 72b8 | fc7f 0000 

  0x00000254d8831c00: ;   {other}
  0x00000254d8831c00: 41ff d20f | 1f84 0000 | 0000 00e9 | 6fbb ffff | 498b d7c5 | f877 49ba | 20a4 72b8 | fc7f 0000 
  0x00000254d8831c20: ;   {other}
  0x00000254d8831c20: 41ff d20f | 1f84 0000 | 0000 00e9 | 94bd ffff | ba45 ffff | ff48 8b6c | 2460 4c8b | 5424 284c 
  0x00000254d8831c40: 8954 2420 | 448b 5c24 | 3044 895c | 2428 448b | 5424 4044 | 8954 242c | 4c8b 5424 | 504c 8954 
  0x00000254d8831c60: 2438 4c8b | 5424 684c | 8954 2448 | 4c8b 5424 | 584c 8954 | 2450 4c8b | 5424 704c | 8954 2458 
  0x00000254d8831c80: 4c8b 9424 | 8000 0000 | 4c89 5424 | 6866 6690 

  0x00000254d8831c90: ;   {runtime_call UncommonTrapBlob}
  0x00000254d8831c90: c5f8 77e8 

  0x00000254d8831c94: ; ImmutableOopMap {rbp=Oop [32]=Oop [40]=NarrowOop [56]=Oop [72]=Oop [80]=Oop [88]=Oop [104]=Oop [128]=Oop }
                      ;*if_icmple {reexecute=1 rethrow=0 return_oop=0}
                      ; - (reexecute) java.io.WinNTFileSystem::prefixLength@73
                      ; - java.io.File::<init>@104
                      ; - jdk.internal.loader.URLClassPath$FileLoader::getResource@118
                      ; - jdk.internal.loader.URLClassPath::getResource@53
                      ; - java.net.URLClassLoader$1::run@26
                      ; - java.net.URLClassLoader$1::run@1
                      ; - java.security.AccessController::executePrivileged@29
                      ; - java.security.AccessController::doPrivileged@13
                      ; - java.net.URLClassLoader::findClass@13
  0x00000254d8831c94: e826 7fff 

  0x00000254d8831c98: ;   {other}
  0x00000254d8831c98: 0f1f 8400 | 0882 00bf | ba45 ffff | ff48 8b6c | 2460 4c8b | 5c24 284c | 895c 2420 | 448b 4424 
  0x00000254d8831cb8: 3044 8944 | 2428 448b | 5c24 4044 | 895c 242c | 4c8b 5c24 | 504c 895c | 2438 4c8b | 5c24 684c 
  0x00000254d8831cd8: 895c 2448 | 4c8b 5c24 | 584c 895c | 2450 4c8b | 5c24 704c | 895c 2458 | 4c8b 9c24 | 8000 0000 
  0x00000254d8831cf8: 4c89 5c24 | 6844 8954 | 2470 6690 

  0x00000254d8831d04: ;   {runtime_call UncommonTrapBlob}
  0x00000254d8831d04: c5f8 77e8 

  0x00000254d8831d08: ; ImmutableOopMap {rbp=Oop [32]=Oop [40]=NarrowOop [56]=Oop [72]=Oop [80]=Oop [88]=Oop [104]=Oop [128]=Oop }
                      ;*if_icmpne {reexecute=1 rethrow=0 return_oop=0}
                      ; - (reexecute) java.io.WinNTFileSystem::prefixLength@82
                      ; - java.io.File::<init>@104
                      ; - jdk.internal.loader.URLClassPath$FileLoader::getResource@118
                      ; - jdk.internal.loader.URLClassPath::getResource@53
                      ; - java.net.URLClassLoader$1::run@26
                      ; - java.net.URLClassLoader$1::run@1
                      ; - java.security.AccessController::executePrivileged@29
                      ; - java.security.AccessController::doPrivileged@13
                      ; - java.net.URLClassLoader::findClass@13
  0x00000254d8831d08: 7426 7fff 

  0x00000254d8831d0c: ;   {other}
  0x00000254d8831d0c: 0f1f 8400 | 7c82 00c0 | ba45 ffff | ff4c 8b54 | 2428 4c89 | 5424 2044 | 8b5c 2430 | 4489 5c24 
  0x00000254d8831d2c: 2844 8b54 | 2440 4489 | 5424 2c4c | 8b54 2450 | 4c89 5424 | 384c 8b54 | 2468 4c89 | 5424 484c 
  0x00000254d8831d4c: 8b54 2458 | 4c89 5424 | 504c 8b54 | 2470 4c89 | 5424 584c | 8b94 2480 | 0000 004c | 8954 2468 
  0x00000254d8831d6c: ;   {runtime_call UncommonTrapBlob}
  0x00000254d8831d6c: c5f8 77e8 

  0x00000254d8831d70: ; ImmutableOopMap {rbp=Oop [32]=Oop [40]=NarrowOop [56]=Oop [72]=Oop [80]=Oop [88]=Oop [104]=Oop [128]=Oop }
                      ;*ifne {reexecute=1 rethrow=0 return_oop=0}
                      ; - (reexecute) java.io.WinNTFileSystem::prefixLength@11
                      ; - java.io.File::<init>@104
                      ; - jdk.internal.loader.URLClassPath$FileLoader::getResource@118
                      ; - jdk.internal.loader.URLClassPath::getResource@53
                      ; - java.net.URLClassLoader$1::run@26
                      ; - java.net.URLClassLoader$1::run@1
                      ; - java.security.AccessController::executePrivileged@29
                      ; - java.security.AccessController::doPrivileged@13
                      ; - java.net.URLClassLoader::findClass@13
  0x00000254d8831d70: 0c26 7fff 

  0x00000254d8831d74: ;   {other}
  0x00000254d8831d74: 0f1f 8400 | e482 00c1 | ba45 ffff | ff48 8b6c | 2460 4c8b | 5424 284c | 8954 2420 | 448b 5c24 
  0x00000254d8831d94: 3044 895c | 2428 448b | 5424 4044 | 8954 242c | 4c8b 5424 | 504c 8954 | 2438 4c8b | 5424 684c 
  0x00000254d8831db4: 8954 2448 | 4c8b 5424 | 584c 8954 | 2450 4c8b | 5424 704c | 8954 2458 | 4c8b 9424 | 8000 0000 
  0x00000254d8831dd4: 4c89 5424 | 6844 8b9c | 248c 0000 | 0044 894c | 2474 4489 | 5c24 7c90 

  0x00000254d8831dec: ;   {runtime_call UncommonTrapBlob}
  0x00000254d8831dec: c5f8 77e8 

  0x00000254d8831df0: ; ImmutableOopMap {rbp=Oop [32]=Oop [40]=NarrowOop [56]=Oop [72]=Oop [80]=Oop [88]=Oop [104]=Oop [128]=Oop }
                      ;*if_icmpne {reexecute=1 rethrow=0 return_oop=0}
                      ; - (reexecute) java.io.WinNTFileSystem::prefixLength@42
                      ; - java.io.File::<init>@104
                      ; - jdk.internal.loader.URLClassPath$FileLoader::getResource@118
                      ; - jdk.internal.loader.URLClassPath::getResource@53
                      ; - java.net.URLClassLoader$1::run@26
                      ; - java.net.URLClassLoader$1::run@1
                      ; - java.security.AccessController::executePrivileged@29
                      ; - java.security.AccessController::doPrivileged@13
                      ; - java.net.URLClassLoader::findClass@13
  0x00000254d8831df0: 8c25 7fff 

  0x00000254d8831df4: ;   {other}
  0x00000254d8831df4: 0f1f 8400 | 6483 00c2 | 488b ebba | 9100 0000 

  0x00000254d8831e04: ;   {runtime_call UncommonTrapBlob}
  0x00000254d8831e04: c5f8 77e8 

  0x00000254d8831e08: ; ImmutableOopMap {rbp=Oop [96]=Oop }
                      ;*new {reexecute=0 rethrow=0 return_oop=0}
                      ; - java.security.AccessController::wrapException@0
                      ; - java.security.AccessController::doPrivileged@22
                      ; - java.net.URLClassLoader::findClass@13
  0x00000254d8831e08: 7425 7fff 

  0x00000254d8831e0c: ;   {other}
  0x00000254d8831e0c: 0f1f 8400 | 7c83 00c3 | 488b ebba | adff ffff 

  0x00000254d8831e1c: ;   {runtime_call UncommonTrapBlob}
  0x00000254d8831e1c: c5f8 77e8 

  0x00000254d8831e20: ; ImmutableOopMap {rbp=Oop }
                      ;*invokevirtual getException {reexecute=0 rethrow=0 return_oop=0}
                      ; - java.net.URLClassLoader::findClass@25
  0x00000254d8831e20: 5c25 7fff 

  0x00000254d8831e24: ;   {other}
  0x00000254d8831e24: 0f1f 8400 | 9483 00c4 | 4c89 5c24 

  0x00000254d8831e30: ;   {metadata('java/lang/InternalError')}
  0x00000254d8831e30: 3848 ba38 | 0701 8054 | 0200 0048 | 8b6c 2460 

  0x00000254d8831e40: ;   {runtime_call _new_instance_Java}
  0x00000254d8831e40: c5f8 77e8 

  0x00000254d8831e44: ; ImmutableOopMap {rbp=Oop [40]=Oop [48]=NarrowOop [56]=Oop [80]=Oop [96]=Oop [104]=Oop }
                      ;*new {reexecute=0 rethrow=0 return_oop=1}
                      ; - jdk.internal.loader.URLClassPath$JarLoader::getResource@8
                      ; - jdk.internal.loader.URLClassPath::getResource@53
                      ; - java.net.URLClassLoader$1::run@26
                      ; - java.net.URLClassLoader$1::run@1
                      ; - java.security.AccessController::executePrivileged@29
                      ; - java.security.AccessController::doPrivileged@13
                      ; - java.net.URLClassLoader::findClass@13
  0x00000254d8831e44: b89d 81ff 

  0x00000254d8831e48: ;   {other}
  0x00000254d8831e48: 0f1f 8400 | b883 00c5 | e9f2 f4ff | ff48 8beb | ba2f 0000 | 004c 8b54 | 2460 4c89 | 5424 3090 
  0x00000254d8831e68: ;   {runtime_call UncommonTrapBlob}
  0x00000254d8831e68: c5f8 77e8 

  0x00000254d8831e6c: ; ImmutableOopMap {rbp=Oop [40]=Oop [48]=Oop [96]=Oop [104]=Oop }
                      ;*new {reexecute=0 rethrow=0 return_oop=0}
                      ; - java.net.URLClassLoader$1::run@48
                      ; - java.net.URLClassLoader$1::run@1
                      ; - java.security.AccessController::executePrivileged@29
                      ; - java.security.AccessController::doPrivileged@13
                      ; - java.net.URLClassLoader::findClass@13
  0x00000254d8831e6c: 1025 7fff 

  0x00000254d8831e70: ;   {other}
  0x00000254d8831e70: 0f1f 8400 | e083 00c6 

  0x00000254d8831e78: ;   {metadata('java/lang/RuntimeException')}
  0x00000254d8831e78: 498b eb48 | baa8 b705 | 8054 0200 | 004c 8b54 | 2460 4c89 | 5424 2090 

  0x00000254d8831e90: ;   {runtime_call _new_instance_Java}
  0x00000254d8831e90: c5f8 77e8 

  0x00000254d8831e94: ; ImmutableOopMap {rbp=Oop [32]=Oop [40]=Oop [48]=Oop [64]=Oop [88]=NarrowOop [96]=Oop [104]=Oop [120]=Oop [200]=Oop }
                      ;*new {reexecute=0 rethrow=0 return_oop=1}
                      ; - java.util.jar.JarFile::ensureInitialization@8
                      ; - java.util.jar.JavaUtilJarAccessImpl::ensureInitialization@1
                      ; - jdk.internal.loader.URLClassPath$JarLoader$2::getManifest@10
                      ; - java.net.URLClassLoader::defineClass@34
                      ; - java.net.URLClassLoader$1::run@43
                      ; - java.net.URLClassLoader$1::run@1
                      ; - java.security.AccessController::executePrivileged@29
                      ; - java.security.AccessController::doPrivileged@13
                      ; - java.net.URLClassLoader::findClass@13
  0x00000254d8831e94: 689d 81ff 

  0x00000254d8831e98: ;   {other}
  0x00000254d8831e98: 0f1f 8400 | 0884 00c7 | e9d5 efff | ff48 8beb | ba91 0000 | 004c 8b54 | 2460 4c89 | 5424 2044 
  0x00000254d8831eb8: 8b5c 2440 | 4489 5c24 | 344c 8b54 | 2448 4c89 | 5424 404c | 8b54 2450 | 4c89 5424 | 4866 6690 
  0x00000254d8831ed8: ;   {runtime_call UncommonTrapBlob}
  0x00000254d8831ed8: c5f8 77e8 

  0x00000254d8831edc: ; ImmutableOopMap {rbp=Oop [32]=Oop [40]=Oop [48]=NarrowOop [64]=Oop [72]=Oop [104]=Oop }
                      ;*new {reexecute=0 rethrow=0 return_oop=0}
                      ; - java.security.AccessController::wrapException@0
                      ; - java.security.AccessController::doPrivileged@22
                      ; - jdk.internal.loader.URLClassPath$JarLoader::ensureOpen@19
                      ; - jdk.internal.loader.URLClassPath$JarLoader::getResource@1
                      ; - jdk.internal.loader.URLClassPath::getResource@53
                      ; - java.net.URLClassLoader$1::run@26
                      ; - java.net.URLClassLoader$1::run@1
                      ; - java.security.AccessController::executePrivileged@29
                      ; - java.security.AccessController::doPrivileged@13
                      ; - java.net.URLClassLoader::findClass@13
  0x00000254d8831edc: a024 7fff 

  0x00000254d8831ee0: ;   {other}
  0x00000254d8831ee0: 0f1f 8400 | 5084 00c8 | 488b ebba | adff ffff | 4c8b 5424 | 604c 8954 | 2420 448b | 5c24 4044 
  0x00000254d8831f00: 895c 2434 | 4c8b 5424 | 484c 8954 | 2440 4c8b | 5424 504c | 8954 2448 

  0x00000254d8831f18: ;   {runtime_call UncommonTrapBlob}
  0x00000254d8831f18: c5f8 77e8 

  0x00000254d8831f1c: ; ImmutableOopMap {rbp=Oop [32]=Oop [40]=Oop [48]=NarrowOop [64]=Oop [72]=Oop [104]=Oop }
                      ;*invokevirtual getException {reexecute=0 rethrow=0 return_oop=0}
                      ; - jdk.internal.loader.URLClassPath$JarLoader::ensureOpen@28
                      ; - jdk.internal.loader.URLClassPath$JarLoader::getResource@1
                      ; - jdk.internal.loader.URLClassPath::getResource@53
                      ; - java.net.URLClassLoader$1::run@26
                      ; - java.net.URLClassLoader$1::run@1
                      ; - java.security.AccessController::executePrivileged@29
                      ; - java.security.AccessController::doPrivileged@13
                      ; - java.net.URLClassLoader::findClass@13
  0x00000254d8831f1c: 6024 7fff 

  0x00000254d8831f20: ;   {other}
  0x00000254d8831f20: 0f1f 8400 | 9084 00c9 | bafd 0000 | 004c 8b54 | 2428 4c89 | 5424 204c | 8b54 2440 | 4c89 5424 
  0x00000254d8831f40: 2866 6690 

  0x00000254d8831f44: ;   {runtime_call UncommonTrapBlob}
  0x00000254d8831f44: c5f8 77e8 

  0x00000254d8831f48: ; ImmutableOopMap {rbp=Oop [32]=Oop [40]=Oop [72]=Oop [104]=Oop }
                      ;*new {reexecute=0 rethrow=0 return_oop=0}
                      ; - java.net.URLClassLoader::defineClass@103
                      ; - java.net.URLClassLoader$1::run@43
                      ; - java.net.URLClassLoader$1::run@1
                      ; - java.security.AccessController::executePrivileged@29
                      ; - java.security.AccessController::doPrivileged@13
                      ; - java.net.URLClassLoader::findClass@13
  0x00000254d8831f48: 3424 7fff 

  0x00000254d8831f4c: ;   {other}
  0x00000254d8831f4c: 0f1f 8400 | bc84 00ca | 498b cb48 | 8d94 24e0 | 0000 004d | 8bc7 c5f8 | 7749 ba40 | d9b3 b8fc 
  0x00000254d8831f6c: 7f00 0041 

  0x00000254d8831f70: ;   {other}
  0x00000254d8831f70: ffd2 0f1f | 8400 0000 | 0000 e9c1 | efff ffba | deff ffff | 4c8b 5424 | 604c 896c | 2430 4c89 
  0x00000254d8831f90: 5424 404c | 894c 2448 | 4c89 4c24 | 504c 8954 | 2458 4c8b | 9424 8000 | 0000 4c89 | 5424 6844 
  0x00000254d8831fb0: 8b84 2488 | 0000 0044 | 8944 247c | 4c89 9c24 | 8800 0000 

  0x00000254d8831fc4: ;   {runtime_call UncommonTrapBlob}
  0x00000254d8831fc4: c5f8 77e8 

  0x00000254d8831fc8: ; ImmutableOopMap {rbp=NarrowOop [40]=Oop [48]=Oop [64]=Oop [72]=Oop [80]=Oop [88]=Oop [104]=Oop [124]=NarrowOop [136]=Oop [168]=Oop }
                      ;*checkcast {reexecute=0 rethrow=0 return_oop=0}
                      ; - java.lang.ClassLoader::getDefinedPackage@16
                      ; - java.net.URLClassLoader::getAndVerifyPackage@2
                      ; - java.net.URLClassLoader::defineClass@46
                      ; - java.net.URLClassLoader$1::run@43
                      ; - java.net.URLClassLoader$1::run@1
                      ; - java.security.AccessController::executePrivileged@29
                      ; - java.security.AccessController::doPrivileged@13
                      ; - java.net.URLClassLoader::findClass@13
  0x00000254d8831fc8: b423 7fff 

  0x00000254d8831fcc: ;   {other}
  0x00000254d8831fcc: 0f1f 8400 | 3c85 00cb | bade ffff | ff48 8b6c | 2460 4c8b | 5424 284c | 8954 2420 | 4c8b 5424 
  0x00000254d8831fec: 404c 8954 | 2428 4c8b | 9424 8000 | 0000 4c89 | 5424 604c | 8b54 2470 | 4c89 5424 | 6844 8b9c 
  0x00000254d883200c: 2488 0000 | 0044 895c | 2474 4889 | 8424 8800 | 0000 6690 

  0x00000254d8832020: ;   {runtime_call UncommonTrapBlob}
  0x00000254d8832020: c5f8 77e8 

  0x00000254d8832024: ; ImmutableOopMap {rbp=Oop [32]=Oop [40]=Oop [48]=Oop [88]=Oop [96]=Oop [116]=NarrowOop [136]=Oop [168]=Oop }
                      ;*checkcast {reexecute=0 rethrow=0 return_oop=0}
                      ; - java.lang.ClassLoader::definePackage@81
                      ; - java.lang.ClassLoader::getDefinedPackage@32
                      ; - java.net.URLClassLoader::getAndVerifyPackage@2
                      ; - java.net.URLClassLoader::defineClass@46
                      ; - java.net.URLClassLoader$1::run@43
                      ; - java.net.URLClassLoader$1::run@1
                      ; - java.security.AccessController::executePrivileged@29
                      ; - java.security.AccessController::doPrivileged@13
                      ; - java.net.URLClassLoader::findClass@13
  0x00000254d8832024: 5823 7fff 

  0x00000254d8832028: ;   {other}
  0x00000254d8832028: 0f1f 8400 | 9885 00cc | bade ffff | ff48 8b4c | 2460 4c89 | 6c24 3048 | 894c 2440 | 4c89 4c24 
  0x00000254d8832048: 484c 894c | 2450 4889 | 4c24 584c | 8b8c 2480 | 0000 004c | 894c 2468 | 4c8b 8c24 | a800 0000 
  0x00000254d8832068: 4c89 8c24 | a000 0000 | 8b8c 2488 | 0000 0089 | 4c24 7c4c | 899c 2488 | 0000 0044 | 89b4 24a8 
  0x00000254d8832088: 0000 004c | 899c 24b0 | 0000 0044 | 8984 24ac | 0000 0044 | 8994 24b8 | 0000 0090 

  0x00000254d88320a4: ;   {runtime_call UncommonTrapBlob}
  0x00000254d88320a4: c5f8 77e8 

  0x00000254d88320a8: ; ImmutableOopMap {rbp=NarrowOop [40]=Oop [48]=Oop [64]=Oop [72]=Oop [80]=Oop [88]=Oop [104]=Oop [124]=NarrowOop [136]=Oop [160]=Oop [168]=NarrowOop [172]=NarrowOop [176]=Oop }
                      ;*instanceof {reexecute=0 rethrow=0 return_oop=0}
                      ; - java.lang.String::equals@8
                      ; - java.util.concurrent.ConcurrentHashMap::get@73
                      ; - java.lang.ClassLoader::definePackage@47
                      ; - java.lang.ClassLoader::getDefinedPackage@32
                      ; - java.net.URLClassLoader::getAndVerifyPackage@2
                      ; - java.net.URLClassLoader::defineClass@46
                      ; - java.net.URLClassLoader$1::run@43
                      ; - java.net.URLClassLoader$1::run@1
                      ; - java.security.AccessController::executePrivileged@29
                      ; - java.security.AccessController::doPrivileged@13
                      ; - java.net.URLClassLoader::findClass@13
  0x00000254d88320a8: d422 7fff 

  0x00000254d88320ac: ;   {other}
  0x00000254d88320ac: 0f1f 8400 | 1c86 00cd | bade ffff | ff48 8b4c | 2460 4c89 | 6c24 3048 | 894c 2440 | 4c89 4c24 
  0x00000254d88320cc: 484c 894c | 2450 4889 | 4c24 584c | 8b8c 2480 | 0000 004c | 894c 2468 | 4c8b 8c24 | a800 0000 
  0x00000254d88320ec: 4c89 8c24 | a000 0000 | 8b8c 2488 | 0000 0089 | 4c24 7c4c | 899c 2488 | 0000 004c | 899c 24a8 
  0x00000254d883210c: 0000 0044 | 8984 24b0 | 0000 0044 | 8994 24b4 | 0000 0090 

  0x00000254d8832120: ;   {runtime_call UncommonTrapBlob}
  0x00000254d8832120: c5f8 77e8 

  0x00000254d8832124: ; ImmutableOopMap {rbp=NarrowOop [40]=Oop [48]=Oop [64]=Oop [72]=Oop [80]=Oop [88]=Oop [104]=Oop [124]=NarrowOop [136]=Oop [160]=Oop [168]=Oop [176]=NarrowOop }
                      ;*instanceof {reexecute=0 rethrow=0 return_oop=0}
                      ; - java.lang.String::equals@8
                      ; - java.util.concurrent.ConcurrentHashMap::get@73
                      ; - java.lang.ClassLoader::getDefinedPackage@13
                      ; - java.net.URLClassLoader::getAndVerifyPackage@2
                      ; - java.net.URLClassLoader::defineClass@46
                      ; - java.net.URLClassLoader$1::run@43
                      ; - java.net.URLClassLoader$1::run@1
                      ; - java.security.AccessController::executePrivileged@29
                      ; - java.security.AccessController::doPrivileged@13
                      ; - java.net.URLClassLoader::findClass@13
  0x00000254d8832124: 5822 7fff 

  0x00000254d8832128: ;   {other}
  0x00000254d8832128: 0f1f 8400 | 9886 00ce | bade ffff | ff4c 8b54 | 2428 4c89 | 5424 2044 | 8b5c 2430 | 4489 5c24 
  0x00000254d8832148: 2844 8b54 | 2440 4489 | 5424 2c4c | 8b54 2448 | 4c89 5424 | 384c 8b54 | 2450 4c89 | 5424 4048 
  0x00000254d8832168: 8944 2448 

  0x00000254d883216c: ;   {runtime_call UncommonTrapBlob}
  0x00000254d883216c: c5f8 77e8 

  0x00000254d8832170: ; ImmutableOopMap {rbp=Oop [32]=Oop [40]=NarrowOop [56]=Oop [64]=Oop [72]=Oop [104]=Oop }
                      ;*checkcast {reexecute=0 rethrow=0 return_oop=0}
                      ; - java.util.jar.JarFile::getJarEntry@5
                      ; - jdk.internal.loader.URLClassPath$JarLoader::getResource@22
                      ; - jdk.internal.loader.URLClassPath::getResource@53
                      ; - java.net.URLClassLoader$1::run@26
                      ; - java.net.URLClassLoader$1::run@1
                      ; - java.security.AccessController::executePrivileged@29
                      ; - java.security.AccessController::doPrivileged@13
                      ; - java.net.URLClassLoader::findClass@13
  0x00000254d8832170: 0c22 7fff 

  0x00000254d8832174: ;   {other}
  0x00000254d8832174: 0f1f 8400 | e486 00cf | bade ffff | ff4c 8b54 | 2460 4c89 | 6c24 304c | 8954 2440 | 4c89 4c24 
  0x00000254d8832194: 484c 894c | 2450 4c89 | 5424 584c | 8b94 2480 | 0000 004c | 8954 2468 | 4c8b 9424 | a800 0000 
  0x00000254d88321b4: 4c89 9424 | a000 0000 | 448b 8424 | 8800 0000 | 4489 4424 | 7c4c 899c | 2488 0000 | 0044 89b4 
  0x00000254d88321d4: 24a8 0000 | 0066 6690 

  0x00000254d88321dc: ;   {runtime_call UncommonTrapBlob}
  0x00000254d88321dc: c5f8 77e8 

  0x00000254d88321e0: ; ImmutableOopMap {rbp=NarrowOop [40]=Oop [48]=Oop [64]=Oop [72]=Oop [80]=Oop [88]=Oop [104]=Oop [124]=NarrowOop [136]=Oop [160]=Oop [168]=NarrowOop }
                      ;*checkcast {reexecute=0 rethrow=0 return_oop=0}
                      ; - java.lang.ClassLoader::definePackage@50
                      ; - java.lang.ClassLoader::getDefinedPackage@32
                      ; - java.net.URLClassLoader::getAndVerifyPackage@2
                      ; - java.net.URLClassLoader::defineClass@46
                      ; - java.net.URLClassLoader$1::run@43
                      ; - java.net.URLClassLoader$1::run@1
                      ; - java.security.AccessController::executePrivileged@29
                      ; - java.security.AccessController::doPrivileged@13
                      ; - java.net.URLClassLoader::findClass@13
  0x00000254d88321e0: 9c21 7fff 

  0x00000254d88321e4: ;   {other}
  0x00000254d88321e4: 0f1f 8400 | 5487 00d0 | bade ffff | ff4c 8b54 | 2460 4c89 | 5424 204c | 896c 2430 | 4c8b 5424 
  0x00000254d8832204: 684c 8954 | 2438 4c8b | 5424 704c | 8954 2460 | 4c89 5c24 | 7866 6690 

  0x00000254d883221c: ;   {runtime_call UncommonTrapBlob}
  0x00000254d883221c: c5f8 77e8 

  0x00000254d8832220: ; ImmutableOopMap {rbp=NarrowOop [32]=Oop [40]=Oop [48]=Oop [56]=Oop [120]=Oop [128]=Oop [136]=NarrowOop [200]=Oop }
                      ;*checkcast {reexecute=0 rethrow=0 return_oop=0}
                      ; - java.util.jar.JarFile::getManifestFromReference@14
                      ; - java.util.jar.JarFile::getManifest@1
                      ; - jdk.internal.loader.URLClassPath$JarLoader$2::getManifest@22
                      ; - java.net.URLClassLoader::defineClass@34
                      ; - java.net.URLClassLoader$1::run@43
                      ; - java.net.URLClassLoader$1::run@1
                      ; - java.security.AccessController::executePrivileged@29
                      ; - java.security.AccessController::doPrivileged@13
                      ; - java.net.URLClassLoader::findClass@13
  0x00000254d8832220: 5c21 7fff 

  0x00000254d8832224: ;   {other}
  0x00000254d8832224: 0f1f 8400 | 9487 00d1 | baf6 ffff | ff49 8bed | 4889 5c24 | 2066 6690 

  0x00000254d883223c: ;   {runtime_call UncommonTrapBlob}
  0x00000254d883223c: c5f8 77e8 

  0x00000254d8832240: ; ImmutableOopMap {rbp=Oop [32]=Oop [104]=Oop }
                      ;*invokevirtual replace {reexecute=0 rethrow=0 return_oop=0}
                      ; - java.net.URLClassLoader$1::run@8
                      ; - java.net.URLClassLoader$1::run@1
                      ; - java.security.AccessController::executePrivileged@29
                      ; - java.security.AccessController::doPrivileged@13
                      ; - java.net.URLClassLoader::findClass@13
  0x00000254d8832240: 3c21 7fff 

  0x00000254d8832244: ;   {other}
  0x00000254d8832244: 0f1f 8400 | b487 00d2 | baf6 ffff | ff49 8bed | 4889 5c24 | 2066 6690 

  0x00000254d883225c: ;   {runtime_call UncommonTrapBlob}
  0x00000254d883225c: c5f8 77e8 

  0x00000254d8832260: ; ImmutableOopMap {rbp=Oop [32]=Oop [104]=Oop }
                      ;*arraylength {reexecute=0 rethrow=0 return_oop=0}
                      ; - java.lang.StringLatin1::replace@8
                      ; - java.lang.String::replace@18
                      ; - java.net.URLClassLoader$1::run@8
                      ; - java.net.URLClassLoader$1::run@1
                      ; - java.security.AccessController::executePrivileged@29
                      ; - java.security.AccessController::doPrivileged@13
                      ; - java.net.URLClassLoader::findClass@13
  0x00000254d8832260: 1c21 7fff 

  0x00000254d8832264: ;   {other}
  0x00000254d8832264: 0f1f 8400 | d487 00d3 | baf6 ffff | ff49 8bea | 4c8b 5424 | 284c 8954 | 2420 4c8b | 5424 684c 
  0x00000254d8832284: 8954 2430 | 4c89 6c24 | 4066 6690 

  0x00000254d8832290: ;   {runtime_call UncommonTrapBlob}
  0x00000254d8832290: c5f8 77e8 

  0x00000254d8832294: ; ImmutableOopMap {rbp=Oop [32]=Oop [48]=Oop [64]=Oop }
                      ;*arraylength {reexecute=0 rethrow=0 return_oop=0}
                      ; - java.lang.String::length@4
                      ; - java.lang.String::lastIndexOf@3
                      ; - java.net.URLClassLoader::defineClass@7
                      ; - java.net.URLClassLoader$1::run@43
                      ; - java.net.URLClassLoader$1::run@1
                      ; - java.security.AccessController::executePrivileged@29
                      ; - java.security.AccessController::doPrivileged@13
                      ; - java.net.URLClassLoader::findClass@13
  0x00000254d8832294: e820 7fff 

  0x00000254d8832298: ;   {other}
  0x00000254d8832298: 0f1f 8400 | 0888 00d4 | baf6 ffff | ff48 8b6c | 2420 4c8b | 5424 284c | 8954 2420 | 4c8b 5424 
  0x00000254d88322b8: 404c 8954 | 2428 6690 

  0x00000254d88322c0: ;   {runtime_call UncommonTrapBlob}
  0x00000254d88322c0: c5f8 77e8 

  0x00000254d88322c4: ; ImmutableOopMap {rbp=Oop [32]=Oop [40]=Oop [80]=Oop [104]=Oop }
                      ;*arraylength {reexecute=0 rethrow=0 return_oop=0}
                      ; - java.net.URLClassLoader::defineClass@217
                      ; - java.net.URLClassLoader$1::run@43
                      ; - java.net.URLClassLoader$1::run@1
                      ; - java.security.AccessController::executePrivileged@29
                      ; - java.security.AccessController::doPrivileged@13
                      ; - java.net.URLClassLoader::findClass@13
  0x00000254d88322c4: b820 7fff 

  0x00000254d88322c8: ;   {other}
  0x00000254d88322c8: 0f1f 8400 | 3888 00d5 | baf6 ffff | ff48 8b6c | 2460 4c8b | 5424 284c | 8954 2420 | 4c89 6c24 
  0x00000254d88322e8: 284c 8b54 | 2468 4c89 | 5424 3090 

  0x00000254d88322f4: ;   {runtime_call UncommonTrapBlob}
  0x00000254d88322f4: c5f8 77e8 

  0x00000254d88322f8: ; ImmutableOopMap {rbp=Oop [32]=Oop [40]=Oop [48]=Oop [128]=Oop [136]=NarrowOop [200]=Oop }
                      ;*getfield jar {reexecute=1 rethrow=0 return_oop=0}
                      ; - (reexecute) jdk.internal.loader.URLClassPath$JarLoader$2::getManifest@7
                      ; - java.net.URLClassLoader::defineClass@34
                      ; - java.net.URLClassLoader$1::run@43
                      ; - java.net.URLClassLoader$1::run@1
                      ; - java.security.AccessController::executePrivileged@29
                      ; - java.security.AccessController::doPrivileged@13
                      ; - java.net.URLClassLoader::findClass@13
  0x00000254d88322f8: 8420 7fff 

  0x00000254d88322fc: ;   {other}
  0x00000254d88322fc: 0f1f 8400 | 6c88 00d6 | baf6 ffff | ff48 8b6c | 2460 4c8b | 5424 284c | 8954 2420 | 4c89 6c24 
  0x00000254d883231c: 284c 8b54 | 2468 4c89 | 5424 3090 

  0x00000254d8832328: ;   {runtime_call UncommonTrapBlob}
  0x00000254d8832328: c5f8 77e8 

  0x00000254d883232c: ; ImmutableOopMap {rbp=Oop [32]=Oop [40]=Oop [48]=Oop [128]=Oop [136]=NarrowOop [200]=Oop }
                      ;*getfield jar {reexecute=1 rethrow=0 return_oop=0}
                      ; - (reexecute) jdk.internal.loader.URLClassPath$JarLoader$2::getManifest@19
                      ; - java.net.URLClassLoader::defineClass@34
                      ; - java.net.URLClassLoader$1::run@43
                      ; - java.net.URLClassLoader$1::run@1
                      ; - java.security.AccessController::executePrivileged@29
                      ; - java.security.AccessController::doPrivileged@13
                      ; - java.net.URLClassLoader::findClass@13
  0x00000254d883232c: 5020 7fff 

  0x00000254d8832330: ;   {other}
  0x00000254d8832330: 0f1f 8400 | a088 00d7 | baf6 ffff | ff48 8b6c | 2460 4c8b | 5424 284c | 8954 2420 | 4c89 6c24 
  0x00000254d8832350: 284c 8b54 | 2468 4c89 | 5424 3090 

  0x00000254d883235c: ;   {runtime_call UncommonTrapBlob}
  0x00000254d883235c: c5f8 77e8 

  0x00000254d8832360: ; ImmutableOopMap {rbp=Oop [32]=Oop [40]=Oop [48]=Oop [128]=Oop [136]=NarrowOop [200]=Oop }
                      ;*invokevirtual getManifest {reexecute=0 rethrow=0 return_oop=0}
                      ; - jdk.internal.loader.URLClassPath$JarLoader$2::getManifest@22
                      ; - java.net.URLClassLoader::defineClass@34
                      ; - java.net.URLClassLoader$1::run@43
                      ; - java.net.URLClassLoader$1::run@1
                      ; - java.security.AccessController::executePrivileged@29
                      ; - java.security.AccessController::doPrivileged@13
                      ; - java.net.URLClassLoader::findClass@13
  0x00000254d8832360: 1c20 7fff 

  0x00000254d8832364: ;   {other}
  0x00000254d8832364: 0f1f 8400 | d488 00d8 | baf6 ffff | ff48 8b6c | 2460 4c8b | 5c24 284c | 895c 2420 | 4c89 6c24 
  0x00000254d8832384: 284c 8b5c | 2468 4c89 | 5c24 3044 | 8954 2440 | 4889 5c24 | 5866 6690 

  0x00000254d883239c: ;   {runtime_call UncommonTrapBlob}
  0x00000254d883239c: c5f8 77e8 

  0x00000254d88323a0: ; ImmutableOopMap {rbp=Oop [32]=Oop [40]=Oop [48]=Oop [88]=Oop }
                      ;*getfield csu {reexecute=1 rethrow=0 return_oop=0}
                      ; - (reexecute) jdk.internal.loader.URLClassPath$JarLoader$2::getCodeSourceURL@4
                      ; - java.net.URLClassLoader::defineClass@13
                      ; - java.net.URLClassLoader$1::run@43
                      ; - java.net.URLClassLoader$1::run@1
                      ; - java.security.AccessController::executePrivileged@29
                      ; - java.security.AccessController::doPrivileged@13
                      ; - java.net.URLClassLoader::findClass@13
  0x00000254d88323a0: dc1f 7fff 

  0x00000254d88323a4: ;   {other}
  0x00000254d88323a4: 0f1f 8400 | 1489 00d9 | baf4 ffff | ff48 8b6c | 2460 4c8b | 5424 284c | 8954 2420 | 4c89 6c24 
  0x00000254d88323c4: 284c 8b54 | 2468 4c89 | 5424 304c | 8b54 2470 | 4c89 5424 | 584c 895c | 2470 6690 

  0x00000254d88323e0: ;   {runtime_call UncommonTrapBlob}
  0x00000254d88323e0: c5f8 77e8 

  0x00000254d88323e4: ; ImmutableOopMap {rbp=Oop [32]=Oop [40]=Oop [48]=Oop [112]=Oop [128]=Oop [136]=NarrowOop [200]=Oop }
                      ;*checkcast {reexecute=0 rethrow=0 return_oop=0}
                      ; - java.util.jar.JarFile::getManifestFromReference@14
                      ; - java.util.jar.JarFile::getManifest@1
                      ; - jdk.internal.loader.URLClassPath$JarLoader$2::getManifest@22
                      ; - java.net.URLClassLoader::defineClass@34
                      ; - java.net.URLClassLoader$1::run@43
                      ; - java.net.URLClassLoader$1::run@1
                      ; - java.security.AccessController::executePrivileged@29
                      ; - java.security.AccessController::doPrivileged@13
                      ; - java.net.URLClassLoader::findClass@13
  0x00000254d88323e4: 981f 7fff 

  0x00000254d88323e8: ;   {other}
  0x00000254d88323e8: 0f1f 8400 | 5889 00da | baf6 ffff | ff48 8b6c | 2460 4c8b | 5424 284c | 8954 2420 | 4c89 6c24 
  0x00000254d8832408: 284c 894c | 2448 4c8b | 5424 704c | 8954 2458 | 4c89 5c24 | 6866 6690 

  0x00000254d8832420: ;   {runtime_call UncommonTrapBlob}
  0x00000254d8832420: c5f8 77e8 

  0x00000254d8832424: ; ImmutableOopMap {rbp=Oop [32]=Oop [40]=Oop [72]=Oop [104]=Oop [128]=Oop [136]=NarrowOop [168]=Oop }
                      ;*arraylength {reexecute=0 rethrow=0 return_oop=0}
                      ; - java.lang.String::isEmpty@4
                      ; - java.lang.ClassLoader::definePackage@1
                      ; - java.lang.ClassLoader::getDefinedPackage@32
                      ; - java.net.URLClassLoader::getAndVerifyPackage@2
                      ; - java.net.URLClassLoader::defineClass@46
                      ; - java.net.URLClassLoader$1::run@43
                      ; - java.net.URLClassLoader$1::run@1
                      ; - java.security.AccessController::executePrivileged@29
                      ; - java.security.AccessController::doPrivileged@13
                      ; - java.net.URLClassLoader::findClass@13
  0x00000254d8832424: 581f 7fff 

  0x00000254d8832428: ;   {other}
  0x00000254d8832428: 0f1f 8400 | 9889 00db | baf6 ffff | ff48 8b6c | 2460 4c8b | 5424 284c | 8954 2420 | 448b 5424 
  0x00000254d8832448: 3044 8954 | 2428 4c8b | 5424 5044 | 8b5c 2440 | 4489 5c24 | 2c4c 8954 | 2438 4c8b | 5424 584c 
  0x00000254d8832468: 8954 2450 

  0x00000254d883246c: ;   {runtime_call UncommonTrapBlob}
  0x00000254d883246c: c5f8 77e8 

  0x00000254d8832470: ; ImmutableOopMap {rbp=Oop [32]=Oop [40]=NarrowOop [56]=Oop [80]=Oop [104]=Oop [112]=Oop [128]=Oop }
                      ;*arraylength {reexecute=0 rethrow=0 return_oop=0}
                      ; - java.lang.StringLatin1::charAt@2
                      ; - java.lang.String::charAt@12
                      ; - java.io.WinNTFileSystem::normalize@31
                      ; - java.io.File::<init>@73
                      ; - jdk.internal.loader.URLClassPath$FileLoader::getResource@73
                      ; - jdk.internal.loader.URLClassPath::getResource@53
                      ; - java.net.URLClassLoader$1::run@26
                      ; - java.net.URLClassLoader$1::run@1
                      ; - java.security.AccessController::executePrivileged@29
                      ; - java.security.AccessController::doPrivileged@13
                      ; - java.net.URLClassLoader::findClass@13
  0x00000254d8832470: 0c1f 7fff 

  0x00000254d8832474: ;   {other}
  0x00000254d8832474: 0f1f 8400 | e489 00dc | ba45 ffff | ff48 8b6c | 2460 4c8b | 5424 284c | 8954 2420 | 4c89 6c24 
  0x00000254d8832494: 284c 8b54 | 2468 4c89 | 5424 304c | 8b94 2480 | 0000 004c | 8954 2450 | 4c8b 5424 | 704c 8954 
  0x00000254d88324b4: 2458 4489 | 5c24 7890 

  0x00000254d88324bc: ;   {runtime_call UncommonTrapBlob}
  0x00000254d88324bc: c5f8 77e8 

  0x00000254d88324c0: ; ImmutableOopMap {rbp=Oop [32]=Oop [40]=Oop [48]=Oop [80]=Oop [120]=NarrowOop [136]=NarrowOop [200]=Oop }
                      ;*ifnonnull {reexecute=1 rethrow=0 return_oop=0}
                      ; - (reexecute) jdk.internal.access.SharedSecrets::javaUtilJarAccess@5
                      ; - jdk.internal.loader.URLClassPath$JarLoader$2::getManifest@0
                      ; - java.net.URLClassLoader::defineClass@34
                      ; - java.net.URLClassLoader$1::run@43
                      ; - java.net.URLClassLoader$1::run@1
                      ; - java.security.AccessController::executePrivileged@29
                      ; - java.security.AccessController::doPrivileged@13
                      ; - java.net.URLClassLoader::findClass@13
  0x00000254d88324c0: bc1e 7fff 

  0x00000254d88324c4: ;   {other}
  0x00000254d88324c4: 0f1f 8400 | 348a 00dd | baf4 ffff | ff48 8b6c | 2460 4c8b | 5424 284c | 8954 2420 | 4c8b 5424 
  0x00000254d88324e4: 404c 8954 | 2428 4c8b | 9424 8000 | 0000 4c89 | 5424 604c | 8b54 2470 | 4c89 5424 | 6866 6690 
  0x00000254d8832504: ;   {runtime_call UncommonTrapBlob}
  0x00000254d8832504: c5f8 77e8 

  0x00000254d8832508: ; ImmutableOopMap {rbp=Oop [32]=Oop [40]=Oop [48]=Oop [88]=Oop [96]=Oop [136]=NarrowOop [168]=Oop }
                      ;*checkcast {reexecute=0 rethrow=0 return_oop=0}
                      ; - java.lang.ClassLoader::definePackage@81
                      ; - java.lang.ClassLoader::getDefinedPackage@32
                      ; - java.net.URLClassLoader::getAndVerifyPackage@2
                      ; - java.net.URLClassLoader::defineClass@46
                      ; - java.net.URLClassLoader$1::run@43
                      ; - java.net.URLClassLoader$1::run@1
                      ; - java.security.AccessController::executePrivileged@29
                      ; - java.security.AccessController::doPrivileged@13
                      ; - java.net.URLClassLoader::findClass@13
  0x00000254d8832508: 741e 7fff 

  0x00000254d883250c: ;   {other}
  0x00000254d883250c: 0f1f 8400 | 7c8a 00de | ba45 ffff | ff48 8b4c | 2460 4c89 | 6c24 3048 | 894c 2440 | 4c89 4c24 
  0x00000254d883252c: 484c 894c | 2450 4889 | 4c24 584c | 8b8c 2480 | 0000 004c | 894c 2468 | 4c8b 8c24 | a800 0000 
  0x00000254d883254c: 4c89 8c24 | a000 0000 | 8b8c 2488 | 0000 0089 | 4c24 7c4c | 899c 2488 | 0000 004c | 899c 24a8 
  0x00000254d883256c: 0000 0044 | 8984 24b0 | 0000 0044 | 8994 24b4 | 0000 0090 

  0x00000254d8832580: ;   {runtime_call UncommonTrapBlob}
  0x00000254d8832580: c5f8 77e8 

  0x00000254d8832584: ; ImmutableOopMap {rbp=NarrowOop [40]=Oop [48]=Oop [64]=Oop [72]=Oop [80]=Oop [88]=Oop [104]=Oop [124]=NarrowOop [136]=Oop [160]=Oop [168]=Oop [176]=NarrowOop }
                      ;*ifnull {reexecute=1 rethrow=0 return_oop=0}
                      ; - (reexecute) java.util.concurrent.ConcurrentHashMap::get@67
                      ; - java.lang.ClassLoader::getDefinedPackage@13
                      ; - java.net.URLClassLoader::getAndVerifyPackage@2
                      ; - java.net.URLClassLoader::defineClass@46
                      ; - java.net.URLClassLoader$1::run@43
                      ; - java.net.URLClassLoader$1::run@1
                      ; - java.security.AccessController::executePrivileged@29
                      ; - java.security.AccessController::doPrivileged@13
                      ; - java.net.URLClassLoader::findClass@13
  0x00000254d8832584: f81d 7fff 

  0x00000254d8832588: ;   {other}
  0x00000254d8832588: 0f1f 8400 | f88a 00df | 4c8b d044 | 8b40 0849 | bb00 0000 | 8054 0200 | 004d 03d8 | 4d8b 5b40 
  0x00000254d88325a8: ;   {metadata('java/lang/Exception')}
  0x00000254d88325a8: 49b8 20c0 | 0080 5402 | 0000 4d3b | d80f 8438 | b1ff ffe9 | 39e8 ffff | 4c8b d044 | 8b58 0849 
  0x00000254d88325c8: b800 0000 | 8054 0200 | 004d 03c3 | 4d8b 5840 

  0x00000254d88325d8: ;   {metadata('java/lang/Exception')}
  0x00000254d88325d8: 49b8 20c0 | 0080 5402 | 0000 4d3b | d80f 8408 | b1ff ffe9 | 09e8 ffff | 4c8b d044 | 8b58 0849 
  0x00000254d88325f8: b800 0000 | 8054 0200 | 004d 03c3 | 4d8b 5840 

  0x00000254d8832608: ;   {metadata('java/lang/Exception')}
  0x00000254d8832608: 49b8 20c0 | 0080 5402 | 0000 4d3b | d80f 84d8 | b0ff ffe9 | d9e7 ffff | 4c8b d044 | 8b58 0849 
  0x00000254d8832628: b800 0000 | 8054 0200 | 004d 03c3 | 4d8b 5840 

  0x00000254d8832638: ;   {metadata('java/lang/Exception')}
  0x00000254d8832638: 49b8 20c0 | 0080 5402 | 0000 4d3b | d80f 84a8 | b0ff ffe9 | a9e7 ffff | 4c8b d044 | 8b58 0849 
  0x00000254d8832658: b800 0000 | 8054 0200 | 004d 03c3 | 4d8b 5840 

  0x00000254d8832668: ;   {metadata('java/lang/Exception')}
  0x00000254d8832668: 49b8 20c0 | 0080 5402 | 0000 4d3b | d80f 8478 | b0ff ffe9 | 79e7 ffff | 4c8b d044 | 8b40 0849 
  0x00000254d8832688: bb00 0000 | 8054 0200 | 004d 03d8 | 4d8b 5b40 

  0x00000254d8832698: ;   {metadata('java/lang/Exception')}
  0x00000254d8832698: 49b8 20c0 | 0080 5402 | 0000 4d3b | d80f 8448 | b0ff ffe9 | 49e7 ffff | ba45 ffff | ff48 8b4c 
  0x00000254d88326b8: 2460 4c89 | 6c24 3048 | 894c 2440 | 4c89 4c24 | 484c 894c | 2450 4889 | 4c24 584c | 8b8c 2480 
  0x00000254d88326d8: 0000 004c | 894c 2468 | 4c8b 8c24 | a800 0000 | 4c89 8c24 | a000 0000 | 8b8c 2488 | 0000 0089 
  0x00000254d88326f8: 4c24 7c4c | 899c 2488 | 0000 0044 | 89b4 24a8 | 0000 004c | 899c 24b0 | 0000 0044 | 8984 24ac 
  0x00000254d8832718: 0000 0044 | 8994 24b8 | 0000 0090 

  0x00000254d8832724: ;   {runtime_call UncommonTrapBlob}
  0x00000254d8832724: c5f8 77e8 

  0x00000254d8832728: ; ImmutableOopMap {rbp=NarrowOop [40]=Oop [48]=Oop [64]=Oop [72]=Oop [80]=Oop [88]=Oop [104]=Oop [124]=NarrowOop [136]=Oop [160]=Oop [168]=NarrowOop [172]=NarrowOop [176]=Oop }
                      ;*ifnull {reexecute=1 rethrow=0 return_oop=0}
                      ; - (reexecute) java.util.concurrent.ConcurrentHashMap::get@67
                      ; - java.lang.ClassLoader::definePackage@47
                      ; - java.lang.ClassLoader::getDefinedPackage@32
                      ; - java.net.URLClassLoader::getAndVerifyPackage@2
                      ; - java.net.URLClassLoader::defineClass@46
                      ; - java.net.URLClassLoader$1::run@43
                      ; - java.net.URLClassLoader$1::run@1
                      ; - java.security.AccessController::executePrivileged@29
                      ; - java.security.AccessController::doPrivileged@13
                      ; - java.net.URLClassLoader::findClass@13
  0x00000254d8832728: 541c 7fff 

  0x00000254d883272c: ;   {other}
  0x00000254d883272c: 0f1f 8400 | 9c8c 00e0 | baf6 ffff | ff48 8b6c | 2460 4c8b | 5424 284c | 8954 2420 | 448b 5c24 
  0x00000254d883274c: 3044 895c | 2428 448b | 5424 4044 | 8954 242c | 4c8b 5424 | 504c 8954 | 2438 4c8b | 5424 584c 
  0x00000254d883276c: 8954 2450 

  0x00000254d8832770: ;   {runtime_call UncommonTrapBlob}
  0x00000254d8832770: c5f8 77e8 

  0x00000254d8832774: ; ImmutableOopMap {rbp=Oop [32]=Oop [40]=NarrowOop [56]=Oop [80]=Oop [104]=Oop [112]=Oop [128]=Oop }
                      ;*arraylength {reexecute=0 rethrow=0 return_oop=0}
                      ; - java.lang.StringLatin1::charAt@2
                      ; - java.lang.String::charAt@12
                      ; - java.io.WinNTFileSystem::normalize@31
                      ; - java.io.File::<init>@73
                      ; - jdk.internal.loader.URLClassPath$FileLoader::getResource@118
                      ; - jdk.internal.loader.URLClassPath::getResource@53
                      ; - java.net.URLClassLoader$1::run@26
                      ; - java.net.URLClassLoader$1::run@1
                      ; - java.security.AccessController::executePrivileged@29
                      ; - java.security.AccessController::doPrivileged@13
                      ; - java.net.URLClassLoader::findClass@13
  0x00000254d8832774: 081c 7fff 

  0x00000254d8832778: ;   {other}
  0x00000254d8832778: 0f1f 8400 | e88c 00e1 | baf6 ffff | ff48 8b6c | 2460 4c8b | 5c24 284c | 895c 2420 | 4c8b 5c24 
  0x00000254d8832798: 404c 895c | 2428 4c8b | 5c24 684c | 895c 2430 | 4c8b 5c24 | 784c 895c | 2460 4c8b | 5c24 704c 
  0x00000254d88327b8: 895c 2468 | 4c8b 9c24 | 8800 0000 | 4c89 9c24 | 8000 0000 | 4c89 9424 | 8800 0000 

  0x00000254d88327d4: ;   {runtime_call UncommonTrapBlob}
  0x00000254d88327d4: c5f8 77e8 

  0x00000254d88327d8: ; ImmutableOopMap {rbp=Oop [32]=Oop [40]=Oop [48]=Oop [80]=Oop [88]=NarrowOop [92]=NarrowOop [96]=Oop [128]=Oop [136]=Oop [200]=Oop }
                      ;*arraylength {reexecute=0 rethrow=0 return_oop=0}
                      ; - java.io.ByteArrayInputStream::<init>@21
                      ; - java.util.jar.JarFile::getManifestFromReference@114
                      ; - java.util.jar.JarFile::getManifest@1
                      ; - jdk.internal.loader.URLClassPath$JarLoader$2::getManifest@22
                      ; - java.net.URLClassLoader::defineClass@34
                      ; - java.net.URLClassLoader$1::run@43
                      ; - java.net.URLClassLoader$1::run@1
                      ; - java.security.AccessController::executePrivileged@29
                      ; - java.security.AccessController::doPrivileged@13
                      ; - java.net.URLClassLoader::findClass@13
  0x00000254d88327d8: a41b 7fff 

  0x00000254d88327dc: ;   {other}
  0x00000254d88327dc: 0f1f 8400 | 4c8d 00e2 | 4c8b d0e9 | fde8 ffff | ba45 ffff | ff48 8b6c | 2448 4c8b | 4424 284c 
  0x00000254d88327fc: 8944 2420 | 4c8b 4424 | 404c 8944 | 2428 4c8b | 4424 684c | 8944 2430 | 4c8b 4424 | 784c 8944 
  0x00000254d883281c: 2460 4c8b | 4424 704c | 8944 2468 | 4c89 5424 | 784c 899c | 2488 0000 | 0066 6690 

  0x00000254d8832838: ;   {runtime_call UncommonTrapBlob}
  0x00000254d8832838: c5f8 77e8 

  0x00000254d883283c: ; ImmutableOopMap {rbp=Oop [32]=Oop [40]=Oop [48]=Oop [80]=Oop [88]=NarrowOop [96]=Oop [120]=Oop [136]=Oop [200]=Oop }
                      ;*ifnull {reexecute=1 rethrow=0 return_oop=0}
                      ; - (reexecute) java.util.jar.JarFile::getManifestFromReference@148
                      ; - java.util.jar.JarFile::getManifest@1
                      ; - jdk.internal.loader.URLClassPath$JarLoader$2::getManifest@22
                      ; - java.net.URLClassLoader::defineClass@34
                      ; - java.net.URLClassLoader$1::run@43
                      ; - java.net.URLClassLoader$1::run@1
                      ; - java.security.AccessController::executePrivileged@29
                      ; - java.security.AccessController::doPrivileged@13
                      ; - java.net.URLClassLoader::findClass@13
  0x00000254d883283c: 401b 7fff 

  0x00000254d8832840: ;   {other}
  0x00000254d8832840: 0f1f 8400 | b08d 00e3 | baf6 ffff | ff48 8b6c | 2460 4c8b | 5c24 284c | 895c 2420 | 448b 4424 
  0x00000254d8832860: 3044 8944 | 2428 448b | 5c24 4044 | 895c 242c | 4c8b 5c24 | 504c 895c | 2438 4c8b | 5c24 584c 
  0x00000254d8832880: 895c 2450 | 4489 5424 | 6066 6690 

  0x00000254d883288c: ;   {runtime_call UncommonTrapBlob}
  0x00000254d883288c: c5f8 77e8 

  0x00000254d8832890: ; ImmutableOopMap {rbp=Oop [32]=Oop [40]=NarrowOop [56]=Oop [80]=Oop [96]=NarrowOop [104]=Oop [112]=Oop }
                      ;*invokevirtual getFile {reexecute=0 rethrow=0 return_oop=0}
                      ; - jdk.internal.loader.URLClassPath$FileLoader::getResource@28
                      ; - jdk.internal.loader.URLClassPath::getResource@53
                      ; - java.net.URLClassLoader$1::run@26
                      ; - java.net.URLClassLoader$1::run@1
                      ; - java.security.AccessController::executePrivileged@29
                      ; - java.security.AccessController::doPrivileged@13
                      ; - java.net.URLClassLoader::findClass@13
  0x00000254d8832890: ec1a 7fff 

  0x00000254d8832894: ;   {other}
  0x00000254d8832894: 0f1f 8400 | 048e 00e4 | 4c8b d044 | 8b58 0849 | b800 0000 | 8054 0200 | 004d 03c3 | 4d8b 5840 
  0x00000254d88328b4: ;   {metadata('java/lang/Exception')}
  0x00000254d88328b4: 49b8 20c0 | 0080 5402 | 0000 4d3b | d80f 842c | aeff ffe9 | 2de5 ffff | baf6 ffff | ff4c 8b54 
  0x00000254d88328d4: 2428 4c89 | 5424 2044 | 8b5c 2430 | 4489 5c24 | 2844 8b54 | 2440 4489 | 5424 2c4c | 8b54 2450 
  0x00000254d88328f4: 4c89 5424 | 384c 8b54 | 2458 4c89 | 5424 5090 

  0x00000254d8832904: ;   {runtime_call UncommonTrapBlob}
  0x00000254d8832904: c5f8 77e8 

  0x00000254d8832908: ; ImmutableOopMap {rbp=Oop [32]=Oop [40]=NarrowOop [56]=Oop [80]=Oop [104]=Oop [112]=Oop [128]=Oop }
                      ;*invokevirtual isEmpty {reexecute=0 rethrow=0 return_oop=0}
                      ; - java.io.File::<init>@29
                      ; - jdk.internal.loader.URLClassPath$FileLoader::getResource@73
                      ; - jdk.internal.loader.URLClassPath::getResource@53
                      ; - java.net.URLClassLoader$1::run@26
                      ; - java.net.URLClassLoader$1::run@1
                      ; - java.security.AccessController::executePrivileged@29
                      ; - java.security.AccessController::doPrivileged@13
                      ; - java.net.URLClassLoader::findClass@13
  0x00000254d8832908: 741a 7fff 

  0x00000254d883290c: ;   {other}
  0x00000254d883290c: 0f1f 8400 | 7c8e 00e5 | baf6 ffff | ff4c 8b54 | 2428 4c89 | 5424 2044 | 8b54 2430 | 4489 5424 
  0x00000254d883292c: 284c 8b54 | 2450 448b | 5c24 4044 | 895c 242c | 4c89 5424 | 384c 8b54 | 2458 4c89 | 5424 5090 
  0x00000254d883294c: ;   {runtime_call UncommonTrapBlob}
  0x00000254d883294c: c5f8 77e8 

  0x00000254d8832950: ; ImmutableOopMap {rbp=Oop [32]=Oop [40]=NarrowOop [56]=Oop [80]=Oop [104]=Oop [112]=Oop [128]=Oop }
                      ;*arraylength {reexecute=0 rethrow=0 return_oop=0}
                      ; - java.lang.String::isEmpty@4
                      ; - java.io.File::<init>@29
                      ; - jdk.internal.loader.URLClassPath$FileLoader::getResource@73
                      ; - jdk.internal.loader.URLClassPath::getResource@53
                      ; - java.net.URLClassLoader$1::run@26
                      ; - java.net.URLClassLoader$1::run@1
                      ; - java.security.AccessController::executePrivileged@29
                      ; - java.security.AccessController::doPrivileged@13
                      ; - java.net.URLClassLoader::findClass@13
  0x00000254d8832950: 2c1a 7fff 

  0x00000254d8832954: ;   {other}
  0x00000254d8832954: 0f1f 8400 | c48e 00e6 | baf6 ffff | ff4c 8b54 | 2428 4c89 | 5424 2044 | 8b54 2430 | 4489 5424 
  0x00000254d8832974: 284c 8b54 | 2450 448b | 5c24 4044 | 895c 242c | 4c89 5424 | 384c 8b54 | 2458 4c89 | 5424 5090 
  0x00000254d8832994: ;   {runtime_call UncommonTrapBlob}
  0x00000254d8832994: c5f8 77e8 

  0x00000254d8832998: ; ImmutableOopMap {rbp=Oop [32]=Oop [40]=NarrowOop [56]=Oop [80]=Oop [104]=Oop [112]=Oop [128]=Oop }
                      ;*arraylength {reexecute=0 rethrow=0 return_oop=0}
                      ; - java.lang.String::length@4
                      ; - java.io.WinNTFileSystem::normalize@1
                      ; - java.io.File::<init>@73
                      ; - jdk.internal.loader.URLClassPath$FileLoader::getResource@73
                      ; - jdk.internal.loader.URLClassPath::getResource@53
                      ; - java.net.URLClassLoader$1::run@26
                      ; - java.net.URLClassLoader$1::run@1
                      ; - java.security.AccessController::executePrivileged@29
                      ; - java.security.AccessController::doPrivileged@13
                      ; - java.net.URLClassLoader::findClass@13
  0x00000254d8832998: e419 7fff 

  0x00000254d883299c: ;   {other}
  0x00000254d883299c: 0f1f 8400 | 0c8f 00e7 | baf6 ffff | ff4c 8b54 | 2428 4c89 | 5424 2044 | 8b54 2430 | 4489 5424 
  0x00000254d88329bc: 284c 8b54 | 2450 448b | 5c24 4044 | 895c 242c | 4c89 5424 | 384c 8b54 | 2458 4c89 | 5424 5090 
  0x00000254d88329dc: ;   {runtime_call UncommonTrapBlob}
  0x00000254d88329dc: c5f8 77e8 

  0x00000254d88329e0: ; ImmutableOopMap {rbp=Oop [32]=Oop [40]=NarrowOop [56]=Oop [80]=Oop [104]=Oop [112]=Oop [128]=Oop }
                      ;*arraylength {reexecute=0 rethrow=0 return_oop=0}
                      ; - java.lang.String::length@4
                      ; - java.io.WinNTFileSystem::prefixLength@6
                      ; - java.io.File::<init>@104
                      ; - jdk.internal.loader.URLClassPath$FileLoader::getResource@73
                      ; - jdk.internal.loader.URLClassPath::getResource@53
                      ; - java.net.URLClassLoader$1::run@26
                      ; - java.net.URLClassLoader$1::run@1
                      ; - java.security.AccessController::executePrivileged@29
                      ; - java.security.AccessController::doPrivileged@13
                      ; - java.net.URLClassLoader::findClass@13
  0x00000254d88329e0: 9c19 7fff 

  0x00000254d88329e4: ;   {other}
  0x00000254d88329e4: 0f1f 8400 | 548f 00e8 | baf6 ffff | ff4c 8b54 | 2428 4c89 | 5424 2044 | 8b5c 2430 | 4489 5c24 
  0x00000254d8832a04: 2844 8b54 | 2440 4489 | 5424 2c4c | 8b54 2450 | 4c89 5424 | 384c 8b54 | 2458 4c89 | 5424 5090 
  0x00000254d8832a24: ;   {runtime_call UncommonTrapBlob}
  0x00000254d8832a24: c5f8 77e8 

  0x00000254d8832a28: ; ImmutableOopMap {rbp=Oop [32]=Oop [40]=NarrowOop [56]=Oop [80]=Oop [104]=Oop [112]=Oop }
                      ;*invokevirtual getPath {reexecute=0 rethrow=0 return_oop=0}
                      ; - jdk.internal.loader.URLClassPath$FileLoader::getResource@83
                      ; - jdk.internal.loader.URLClassPath::getResource@53
                      ; - java.net.URLClassLoader$1::run@26
                      ; - java.net.URLClassLoader$1::run@1
                      ; - java.security.AccessController::executePrivileged@29
                      ; - java.security.AccessController::doPrivileged@13
                      ; - java.net.URLClassLoader::findClass@13
  0x00000254d8832a28: 5419 7fff 

  0x00000254d8832a2c: ;   {other}
  0x00000254d8832a2c: 0f1f 8400 | 9c8f 00e9 | baf6 ffff | ff48 8b6c | 2460 4c8b | 5c24 284c | 895c 2420 | 448b 5c24 
  0x00000254d8832a4c: 3044 895c | 2428 4c8b | 5c24 5044 | 8b44 2440 | 4489 4424 | 2c4c 895c | 2438 4c8b | 5c24 684c 
  0x00000254d8832a6c: 895c 2448 | 4c8b 5c24 | 584c 895c | 2450 4489 | 5424 6890 

  0x00000254d8832a80: ;   {runtime_call UncommonTrapBlob}
  0x00000254d8832a80: c5f8 77e8 

  0x00000254d8832a84: ; ImmutableOopMap {rbp=Oop [32]=Oop [40]=NarrowOop [56]=Oop [72]=Oop [80]=Oop [104]=NarrowOop [112]=Oop [120]=Oop }
                      ;*invokevirtual getPath {reexecute=0 rethrow=0 return_oop=0}
                      ; - jdk.internal.loader.URLClassPath$FileLoader::getResource@90
                      ; - jdk.internal.loader.URLClassPath::getResource@53
                      ; - java.net.URLClassLoader$1::run@26
                      ; - java.net.URLClassLoader$1::run@1
                      ; - java.security.AccessController::executePrivileged@29
                      ; - java.security.AccessController::doPrivileged@13
                      ; - java.net.URLClassLoader::findClass@13
  0x00000254d8832a84: f818 7fff 

  0x00000254d8832a88: ;   {other}
  0x00000254d8832a88: 0f1f 8400 | f88f 00ea | baf6 ffff | ff48 8b6c | 2460 4c8b | 5424 284c | 8954 2420 | 448b 5424 
  0x00000254d8832aa8: 3044 8954 | 2428 4c8b | 5424 5044 | 8b5c 2440 | 4489 5c24 | 2c4c 8954 | 2438 4c8b | 5424 584c 
  0x00000254d8832ac8: 8954 2450 

  0x00000254d8832acc: ;   {runtime_call UncommonTrapBlob}
  0x00000254d8832acc: c5f8 77e8 

  0x00000254d8832ad0: ; ImmutableOopMap {rbp=Oop [32]=Oop [40]=NarrowOop [56]=Oop [80]=Oop [104]=Oop [112]=Oop [128]=Oop }
                      ;*arraylength {reexecute=0 rethrow=0 return_oop=0}
                      ; - java.lang.StringLatin1::charAt@2
                      ; - java.lang.String::charAt@12
                      ; - java.io.WinNTFileSystem::prefixLength@30
                      ; - java.io.File::<init>@104
                      ; - jdk.internal.loader.URLClassPath$FileLoader::getResource@73
                      ; - jdk.internal.loader.URLClassPath::getResource@53
                      ; - java.net.URLClassLoader$1::run@26
                      ; - java.net.URLClassLoader$1::run@1
                      ; - java.security.AccessController::executePrivileged@29
                      ; - java.security.AccessController::doPrivileged@13
                      ; - java.net.URLClassLoader::findClass@13
  0x00000254d8832ad0: ac18 7fff 

  0x00000254d8832ad4: ;   {other}
  0x00000254d8832ad4: 0f1f 8400 | 4490 00eb | baf6 ffff | ff48 8b6c | 2460 4c8b | 5424 284c | 8954 2420 | 448b 5c24 
  0x00000254d8832af4: 3044 895c | 2428 448b | 5424 4044 | 8954 242c | 4c8b 5424 | 504c 8954 | 2438 4c8b | 5424 584c 
  0x00000254d8832b14: 8954 2450 

  0x00000254d8832b18: ;   {runtime_call UncommonTrapBlob}
  0x00000254d8832b18: c5f8 77e8 

  0x00000254d8832b1c: ; ImmutableOopMap {rbp=Oop [32]=Oop [40]=NarrowOop [56]=Oop [80]=Oop [104]=Oop [112]=Oop [128]=Oop }
                      ;*arraylength {reexecute=0 rethrow=0 return_oop=0}
                      ; - java.lang.StringLatin1::charAt@2
                      ; - java.lang.String::charAt@12
                      ; - java.io.WinNTFileSystem::prefixLength@78
                      ; - java.io.File::<init>@104
                      ; - jdk.internal.loader.URLClassPath$FileLoader::getResource@73
                      ; - jdk.internal.loader.URLClassPath::getResource@53
                      ; - java.net.URLClassLoader$1::run@26
                      ; - java.net.URLClassLoader$1::run@1
                      ; - java.security.AccessController::executePrivileged@29
                      ; - java.security.AccessController::doPrivileged@13
                      ; - java.net.URLClassLoader::findClass@13
  0x00000254d8832b1c: 6018 7fff 

  0x00000254d8832b20: ;   {other}
  0x00000254d8832b20: 0f1f 8400 | 9090 00ec | 488b d844 | 8b50 0849 | b800 0000 | 8054 0200 | 004d 03c2 | 4d8b 5050 
  0x00000254d8832b40: 4c3b d50f | 85e8 e5ff | ff45 33c9 | e9b9 e4ff | ffba 45ff | ffff 4c8b | 5424 284c | 8954 2420 
  0x00000254d8832b60: 448b 5c24 | 3044 895c | 2428 448b | 5424 4044 | 8954 242c | 4c8b 5424 | 504c 8954 | 2438 4c8b 
  0x00000254d8832b80: 5424 684c | 8954 2448 | 4c8b 5424 | 584c 8954 | 2450 4c8b | 5424 704c | 8954 2458 | 4c8b 9424 
  0x00000254d8832ba0: 8800 0000 | 4c89 5424 | 7066 6690 

  0x00000254d8832bac: ;   {runtime_call UncommonTrapBlob}
  0x00000254d8832bac: c5f8 77e8 

  0x00000254d8832bb0: ; ImmutableOopMap {rbp=Oop [32]=Oop [40]=NarrowOop [56]=Oop [72]=Oop [80]=Oop [88]=Oop [112]=Oop [128]=Oop [136]=Oop }
                      ;*ifnonnull {reexecute=1 rethrow=0 return_oop=0}
                      ; - (reexecute) java.io.File::<init>@10
                      ; - jdk.internal.loader.URLClassPath$FileLoader::getResource@73
                      ; - jdk.internal.loader.URLClassPath::getResource@53
                      ; - java.net.URLClassLoader$1::run@26
                      ; - java.net.URLClassLoader$1::run@1
                      ; - java.security.AccessController::executePrivileged@29
                      ; - java.security.AccessController::doPrivileged@13
                      ; - java.net.URLClassLoader::findClass@13
  0x00000254d8832bb0: cc17 7fff 

  0x00000254d8832bb4: ;   {other}
  0x00000254d8832bb4: 0f1f 8400 | 2491 00ed | ba45 ffff | ff4c 8b54 | 2428 4c89 | 5424 2044 | 8b5c 2430 | 4489 5c24 
  0x00000254d8832bd4: 2844 8b54 | 2440 4489 | 5424 2c4c | 8b54 2450 | 4c89 5424 | 384c 8b54 | 2468 4c89 | 5424 484c 
  0x00000254d8832bf4: 8b54 2458 | 4c89 5424 | 504c 8b54 | 2470 4c89 | 5424 584c | 8b94 2480 | 0000 004c | 8954 2468 
  0x00000254d8832c14: 448b 5c24 | 7845 8bd3 | 4489 5424 | 7466 6690 

  0x00000254d8832c24: ;   {runtime_call UncommonTrapBlob}
  0x00000254d8832c24: c5f8 77e8 

  0x00000254d8832c28: ; ImmutableOopMap {rbp=Oop [32]=Oop [40]=NarrowOop [56]=Oop [72]=Oop [80]=Oop [88]=Oop [104]=Oop [116]=NarrowOop [120]=NarrowOop [136]=Oop }
                      ;*ifnull {reexecute=1 rethrow=0 return_oop=0}
                      ; - (reexecute) java.io.File::<init>@22
                      ; - jdk.internal.loader.URLClassPath$FileLoader::getResource@73
                      ; - jdk.internal.loader.URLClassPath::getResource@53
                      ; - java.net.URLClassLoader$1::run@26
                      ; - java.net.URLClassLoader$1::run@1
                      ; - java.security.AccessController::executePrivileged@29
                      ; - java.security.AccessController::doPrivileged@13
                      ; - java.net.URLClassLoader::findClass@13
  0x00000254d8832c28: 5417 7fff 

  0x00000254d8832c2c: ;   {other}
  0x00000254d8832c2c: 0f1f 8400 | 9c91 00ee | baf6 ffff | ff48 8b6c | 2460 4c8b | 5c24 284c | 895c 2420 | 4c89 6c24 
  0x00000254d8832c4c: 284c 8b5c | 2468 4c89 | 5c24 3044 | 8954 2440 | 4889 5c24 | 5866 6690 

  0x00000254d8832c64: ;   {runtime_call UncommonTrapBlob}
  0x00000254d8832c64: c5f8 77e8 

  0x00000254d8832c68: ; ImmutableOopMap {rbp=Oop [32]=Oop [40]=Oop [48]=Oop [88]=Oop }
                      ;*invokevirtual getBaseURL {reexecute=0 rethrow=0 return_oop=0}
                      ; - jdk.internal.loader.URLClassPath$FileLoader$1::getCodeSourceURL@4
                      ; - java.net.URLClassLoader::defineClass@13
                      ; - java.net.URLClassLoader$1::run@43
                      ; - java.net.URLClassLoader$1::run@1
                      ; - java.security.AccessController::executePrivileged@29
                      ; - java.security.AccessController::doPrivileged@13
                      ; - java.net.URLClassLoader::findClass@13
  0x00000254d8832c68: 1417 7fff 

  0x00000254d8832c6c: ;   {other}
  0x00000254d8832c6c: 0f1f 8400 | dc91 00ef | 488b d844 

  0x00000254d8832c78: ;   {metadata('java/security/PrivilegedActionException')}
  0x00000254d8832c78: 8b40 0841 | 81f8 a07f | 1201 7412 | 49ba 0000 | 0080 5402 | 0000 4d03 | d0e9 4ae6 | ffff 488b 
  0x00000254d8832c98: e8e9 4df2 | ffff 488b | d8e9 f7e5 | ffff 4c8b | d0eb 034c | 8bd0 498b | dae9 93e5 | ffff baf6 
  0x00000254d8832cb8: ffff ff4c | 8b54 2428 | 4c89 5424 | 2044 8b5c | 2430 4489 | 5c24 2844 | 8b54 2440 | 4489 5424 
  0x00000254d8832cd8: 2c4c 8b54 | 2450 4c89 | 5424 384c | 8b54 2458 | 4c89 5424 | 5066 6690 

  0x00000254d8832cf0: ;   {runtime_call UncommonTrapBlob}
  0x00000254d8832cf0: c5f8 77e8 

  0x00000254d8832cf4: ; ImmutableOopMap {rbp=Oop [32]=Oop [40]=NarrowOop [56]=Oop [80]=Oop [104]=Oop [112]=Oop [128]=Oop }
                      ;*invokevirtual isEmpty {reexecute=0 rethrow=0 return_oop=0}
                      ; - java.io.File::<init>@29
                      ; - jdk.internal.loader.URLClassPath$FileLoader::getResource@118
                      ; - jdk.internal.loader.URLClassPath::getResource@53
                      ; - java.net.URLClassLoader$1::run@26
                      ; - java.net.URLClassLoader$1::run@1
                      ; - java.security.AccessController::executePrivileged@29
                      ; - java.security.AccessController::doPrivileged@13
                      ; - java.net.URLClassLoader::findClass@13
  0x00000254d8832cf4: 8816 7fff 

  0x00000254d8832cf8: ;   {other}
  0x00000254d8832cf8: 0f1f 8400 | 6892 00f0 | baf6 ffff | ff4c 8b54 | 2428 4c89 | 5424 2044 | 8b54 2430 | 4489 5424 
  0x00000254d8832d18: 284c 8b54 | 2450 448b | 5c24 4044 | 895c 242c | 4c89 5424 | 384c 8b54 | 2458 4c89 | 5424 5090 
  0x00000254d8832d38: ;   {runtime_call UncommonTrapBlob}
  0x00000254d8832d38: c5f8 77e8 

  0x00000254d8832d3c: ; ImmutableOopMap {rbp=Oop [32]=Oop [40]=NarrowOop [56]=Oop [80]=Oop [104]=Oop [112]=Oop [128]=Oop }
                      ;*arraylength {reexecute=0 rethrow=0 return_oop=0}
                      ; - java.lang.String::isEmpty@4
                      ; - java.io.File::<init>@29
                      ; - jdk.internal.loader.URLClassPath$FileLoader::getResource@118
                      ; - jdk.internal.loader.URLClassPath::getResource@53
                      ; - java.net.URLClassLoader$1::run@26
                      ; - java.net.URLClassLoader$1::run@1
                      ; - java.security.AccessController::executePrivileged@29
                      ; - java.security.AccessController::doPrivileged@13
                      ; - java.net.URLClassLoader::findClass@13
  0x00000254d8832d3c: 4016 7fff 

  0x00000254d8832d40: ;   {other}
  0x00000254d8832d40: 0f1f 8400 | b092 00f1 | baf6 ffff | ff4c 8b54 | 2428 4c89 | 5424 2044 | 8b54 2430 | 4489 5424 
  0x00000254d8832d60: 284c 8b54 | 2450 448b | 5c24 4044 | 895c 242c | 4c89 5424 | 384c 8b54 | 2458 4c89 | 5424 5090 
  0x00000254d8832d80: ;   {runtime_call UncommonTrapBlob}
  0x00000254d8832d80: c5f8 77e8 

  0x00000254d8832d84: ; ImmutableOopMap {rbp=Oop [32]=Oop [40]=NarrowOop [56]=Oop [80]=Oop [104]=Oop [112]=Oop [128]=Oop }
                      ;*arraylength {reexecute=0 rethrow=0 return_oop=0}
                      ; - java.lang.String::length@4
                      ; - java.io.WinNTFileSystem::normalize@1
                      ; - java.io.File::<init>@73
                      ; - jdk.internal.loader.URLClassPath$FileLoader::getResource@118
                      ; - jdk.internal.loader.URLClassPath::getResource@53
                      ; - java.net.URLClassLoader$1::run@26
                      ; - java.net.URLClassLoader$1::run@1
                      ; - java.security.AccessController::executePrivileged@29
                      ; - java.security.AccessController::doPrivileged@13
                      ; - java.net.URLClassLoader::findClass@13
  0x00000254d8832d84: f815 7fff 

  0x00000254d8832d88: ;   {other}
  0x00000254d8832d88: 0f1f 8400 | f892 00f2 | baf6 ffff | ff4c 8b54 | 2428 4c89 | 5424 2044 | 8b54 2430 | 4489 5424 
  0x00000254d8832da8: 284c 8b54 | 2450 448b | 5c24 4044 | 895c 242c | 4c89 5424 | 384c 8b54 | 2458 4c89 | 5424 5090 
  0x00000254d8832dc8: ;   {runtime_call UncommonTrapBlob}
  0x00000254d8832dc8: c5f8 77e8 

  0x00000254d8832dcc: ; ImmutableOopMap {rbp=Oop [32]=Oop [40]=NarrowOop [56]=Oop [80]=Oop [104]=Oop [112]=Oop [128]=Oop }
                      ;*arraylength {reexecute=0 rethrow=0 return_oop=0}
                      ; - java.lang.String::length@4
                      ; - java.io.WinNTFileSystem::prefixLength@6
                      ; - java.io.File::<init>@104
                      ; - jdk.internal.loader.URLClassPath$FileLoader::getResource@118
                      ; - jdk.internal.loader.URLClassPath::getResource@53
                      ; - java.net.URLClassLoader$1::run@26
                      ; - java.net.URLClassLoader$1::run@1
                      ; - java.security.AccessController::executePrivileged@29
                      ; - java.security.AccessController::doPrivileged@13
                      ; - java.net.URLClassLoader::findClass@13
  0x00000254d8832dcc: b015 7fff 

  0x00000254d8832dd0: ;   {other}
  0x00000254d8832dd0: 0f1f 8400 | 4093 00f3 | baf6 ffff | ff48 8b6c | 2460 4c8b | 5424 284c | 8954 2420 | 448b 5c24 
  0x00000254d8832df0: 3044 895c | 2428 448b | 5424 4044 | 8954 242c | 4c8b 5424 | 504c 8954 | 2438 4c8b | 5424 584c 
  0x00000254d8832e10: 8954 2450 

  0x00000254d8832e14: ;   {runtime_call UncommonTrapBlob}
  0x00000254d8832e14: c5f8 77e8 

  0x00000254d8832e18: ; ImmutableOopMap {rbp=Oop [32]=Oop [40]=NarrowOop [56]=Oop [80]=Oop [104]=Oop [112]=Oop [128]=Oop }
                      ;*arraylength {reexecute=0 rethrow=0 return_oop=0}
                      ; - java.lang.StringLatin1::charAt@2
                      ; - java.lang.String::charAt@12
                      ; - java.io.WinNTFileSystem::prefixLength@30
                      ; - java.io.File::<init>@104
                      ; - jdk.internal.loader.URLClassPath$FileLoader::getResource@118
                      ; - jdk.internal.loader.URLClassPath::getResource@53
                      ; - java.net.URLClassLoader$1::run@26
                      ; - java.net.URLClassLoader$1::run@1
                      ; - java.security.AccessController::executePrivileged@29
                      ; - java.security.AccessController::doPrivileged@13
                      ; - java.net.URLClassLoader::findClass@13
  0x00000254d8832e18: 6415 7fff 

  0x00000254d8832e1c: ;   {other}
  0x00000254d8832e1c: 0f1f 8400 | 8c93 00f4 | baf6 ffff | ff48 8b6c | 2460 4c8b | 5424 284c | 8954 2420 | 448b 5424 
  0x00000254d8832e3c: 3044 8954 | 2428 4c8b | 5424 5044 | 8b5c 2440 | 4489 5c24 | 2c4c 8954 | 2438 4c8b | 5424 584c 
  0x00000254d8832e5c: 8954 2450 

  0x00000254d8832e60: ;   {runtime_call UncommonTrapBlob}
  0x00000254d8832e60: c5f8 77e8 

  0x00000254d8832e64: ; ImmutableOopMap {rbp=Oop [32]=Oop [40]=NarrowOop [56]=Oop [80]=Oop [104]=Oop [112]=Oop [128]=Oop }
                      ;*arraylength {reexecute=0 rethrow=0 return_oop=0}
                      ; - java.lang.StringLatin1::charAt@2
                      ; - java.lang.String::charAt@12
                      ; - java.io.WinNTFileSystem::prefixLength@78
                      ; - java.io.File::<init>@104
                      ; - jdk.internal.loader.URLClassPath$FileLoader::getResource@118
                      ; - jdk.internal.loader.URLClassPath::getResource@53
                      ; - java.net.URLClassLoader$1::run@26
                      ; - java.net.URLClassLoader$1::run@1
                      ; - java.security.AccessController::executePrivileged@29
                      ; - java.security.AccessController::doPrivileged@13
                      ; - java.net.URLClassLoader::findClass@13
  0x00000254d8832e64: 1815 7fff 

  0x00000254d8832e68: ;   {other}
  0x00000254d8832e68: 0f1f 8400 | d893 00f5 | 488b d844 | 8b58 0849 | b800 0000 | 8054 0200 | 004d 03c3 | e9a8 e2ff 
  0x00000254d8832e88: ff4c 8bd0 | eb03 4c8b | d049 8bda | 458b 5208 | 49b8 0000 | 0080 5402 | 0000 4d03 | c2e9 87e2 
  0x00000254d8832ea8: ffff 4c8b | d0e9 6be2 | ffff 488b | d8e9 8fe3 | ffff 488b | d8e9 87e3 | ffff 488b | d8e9 7fe3 
  0x00000254d8832ec8: ffff ba45 | ffff ff4c | 8b54 2428 | 4c89 5424 | 2044 8b5c | 2430 4489 | 5c24 2844 | 8b54 2440 
  0x00000254d8832ee8: 4489 5424 | 2c4c 8b54 | 2450 4c89 | 5424 384c | 8b54 2468 | 4c89 5424 | 484c 8b54 | 2458 4c89 
  0x00000254d8832f08: 5424 504c | 8b54 2470 | 4c89 5424 | 584c 8b94 | 2488 0000 | 004c 8954 | 2470 6690 

  0x00000254d8832f24: ;   {runtime_call UncommonTrapBlob}
  0x00000254d8832f24: c5f8 77e8 

  0x00000254d8832f28: ; ImmutableOopMap {rbp=Oop [32]=Oop [40]=NarrowOop [56]=Oop [72]=Oop [80]=Oop [88]=Oop [112]=Oop [128]=Oop [136]=Oop }
                      ;*ifnonnull {reexecute=1 rethrow=0 return_oop=0}
                      ; - (reexecute) java.io.File::<init>@10
                      ; - jdk.internal.loader.URLClassPath$FileLoader::getResource@118
                      ; - jdk.internal.loader.URLClassPath::getResource@53
                      ; - java.net.URLClassLoader$1::run@26
                      ; - java.net.URLClassLoader$1::run@1
                      ; - java.security.AccessController::executePrivileged@29
                      ; - java.security.AccessController::doPrivileged@13
                      ; - java.net.URLClassLoader::findClass@13
  0x00000254d8832f28: 5414 7fff 

  0x00000254d8832f2c: ;   {other}
  0x00000254d8832f2c: 0f1f 8400 | 9c94 00f6 | ba45 ffff | ff4c 8b54 | 2428 4c89 | 5424 2044 | 8b5c 2430 | 4489 5c24 
  0x00000254d8832f4c: 2844 8b54 | 2440 4489 | 5424 2c4c | 8b54 2450 | 4c89 5424 | 384c 8b54 | 2468 4c89 | 5424 484c 
  0x00000254d8832f6c: 8b54 2458 | 4c89 5424 | 504c 8b54 | 2470 4c89 | 5424 584c | 8b94 2480 | 0000 004c | 8954 2468 
  0x00000254d8832f8c: 448b 5c24 | 7845 8bd3 | 4489 5424 | 7466 6690 

  0x00000254d8832f9c: ;   {runtime_call UncommonTrapBlob}
  0x00000254d8832f9c: c5f8 77e8 

  0x00000254d8832fa0: ; ImmutableOopMap {rbp=Oop [32]=Oop [40]=NarrowOop [56]=Oop [72]=Oop [80]=Oop [88]=Oop [104]=Oop [116]=NarrowOop [120]=NarrowOop [136]=Oop }
                      ;*ifnull {reexecute=1 rethrow=0 return_oop=0}
                      ; - (reexecute) java.io.File::<init>@22
                      ; - jdk.internal.loader.URLClassPath$FileLoader::getResource@118
                      ; - jdk.internal.loader.URLClassPath::getResource@53
                      ; - java.net.URLClassLoader$1::run@26
                      ; - java.net.URLClassLoader$1::run@1
                      ; - java.security.AccessController::executePrivileged@29
                      ; - java.security.AccessController::doPrivileged@13
                      ; - java.net.URLClassLoader::findClass@13
  0x00000254d8832fa0: dc13 7fff 

  0x00000254d8832fa4: ;   {other}
  0x00000254d8832fa4: 0f1f 8400 | 1495 00f7 | 4c8b d0e9 | 69e1 ffff | ba97 ffff | ff48 8b6c | 2458 4c8b | 5424 284c 
  0x00000254d8832fc4: 8954 2420 | 4c8b 5424 | 684c 8954 | 2430 4c8b | 5424 704c | 8954 2460 

  0x00000254d8832fdc: ;   {runtime_call UncommonTrapBlob}
  0x00000254d8832fdc: c5f8 77e8 

  0x00000254d8832fe0: ; ImmutableOopMap {rbp=Oop [32]=Oop [48]=Oop [64]=Oop [72]=NarrowOop [120]=Oop [136]=NarrowOop }
                      ;*invokevirtual clone {reexecute=1 rethrow=0 return_oop=0}
                      ; - (reexecute) java.util.Arrays::copyOfRange@18
                      ; - java.lang.StringLatin1::newString@16
                      ; - java.lang.String::substring@41
                      ; - java.net.URLClassLoader::defineClass@28
                      ; - java.net.URLClassLoader$1::run@43
                      ; - java.net.URLClassLoader$1::run@1
                      ; - java.security.AccessController::executePrivileged@29
                      ; - java.security.AccessController::doPrivileged@13
                      ; - java.net.URLClassLoader::findClass@13
  0x00000254d8832fe0: 9c13 7fff 

  0x00000254d8832fe4: ;   {other}
  0x00000254d8832fe4: 0f1f 8400 | 5495 00f8 | 4c8b d0eb | 084c 8bd0 | eb03 4c8b | d049 8bda | e948 e2ff | ff4c 8bd0 
  0x00000254d8833004: e914 e1ff | ff4c 8bd0 | e961 e0ff | ff4c 8bd0 | e959 e0ff | ff4c 8bd0 | e951 e0ff | ff4c 8bd0 
  0x00000254d8833024: e949 e0ff | ff4c 8bd0 | e941 e0ff | ff4c 8bd0 | e939 e0ff | ff4c 8bd0 | e931 e0ff | ff4c 8bd0 
  0x00000254d8833044: e929 e0ff | ff4c 8bd0 | e921 e0ff | ff4c 8bd0 | e919 e0ff | ff4c 8bd0 | e911 e0ff | ff4c 8bd0 
  0x00000254d8833064: e909 e0ff | ff4c 8bd0 | e901 e0ff | ff4c 8bd0 | e9f9 dfff | ff4c 8bd0 | e9f1 dfff | ff4c 8bd0 
  0x00000254d8833084: e9e9 dfff | ff4c 8bd0 | e9e1 dfff | ff48 8bd8 | e9b0 e1ff | ffe9 01df | ffff 4889 | 8424 8800 
  0x00000254d88330a4: 0000 e9fc | deff ffe9 | efde ffff | 488b d844 | 8b50 0849 | b800 0000 | 8054 0200 | 004d 03c2 
  0x00000254d88330c4: e968 e0ff | ff4c 8bd0 | 448b 5808 | 49b8 0000 | 0080 5402 | 0000 4d03 | c34d 8b58 

  0x00000254d88330e0: ;   {metadata('java/lang/Exception')}
  0x00000254d88330e0: 4049 b820 | c000 8054 | 0200 004d | 3bd8 0f84 | ffa5 ffff | e900 ddff | ff4c 8bd0 | 448b 4008 
  0x00000254d8833100: 49bb 0000 | 0080 5402 | 0000 4d03 | d84d 8b5b 

  0x00000254d8833110: ;   {metadata('java/lang/Exception')}
  0x00000254d8833110: 4049 b820 | c000 8054 | 0200 004d | 3bd8 0f84 | cfa5 ffff | e9d0 dcff | ff4c 8bd0 | 448b 4008 
  0x00000254d8833130: 49bb 0000 | 0080 5402 | 0000 4d03 | d84d 8b5b 

  0x00000254d8833140: ;   {metadata('java/lang/Exception')}
  0x00000254d8833140: 4049 b820 | c000 8054 | 0200 004d | 3bd8 0f84 | 9fa5 ffff | e9a0 dcff | ff48 8b94 | 2488 0000 
  0x00000254d8833160: 004c 8bc0 | 4c8b 5424 | 784c 8954 | 2450 6690 

  0x00000254d8833170: ;   {optimized virtual_call}
  0x00000254d8833170: c5f8 77e8 

  0x00000254d8833174: ; ImmutableOopMap {rbp=Oop [40]=Oop [64]=Oop [80]=Oop [88]=NarrowOop [96]=Oop [104]=Oop [136]=Oop [200]=Oop }
                      ;*invokevirtual addSuppressed {reexecute=0 rethrow=0 return_oop=0}
                      ; - java.util.jar.JarFile::getManifestFromReference@177
                      ; - java.util.jar.JarFile::getManifest@1
                      ; - jdk.internal.loader.URLClassPath$JarLoader$2::getManifest@22
                      ; - java.net.URLClassLoader::defineClass@34
                      ; - java.net.URLClassLoader$1::run@43
                      ; - java.net.URLClassLoader$1::run@1
                      ; - java.security.AccessController::executePrivileged@29
                      ; - java.security.AccessController::doPrivileged@13
                      ; - java.net.URLClassLoader::findClass@13
  0x00000254d8833174: 08b9 7eff 

  0x00000254d8833178: ;   {other}
  0x00000254d8833178: 0f1f 8400 | e896 00f9 | e94f deff | ff4c 8bd0 | 448b 4008 | 49bb 0000 | 0080 5402 | 0000 4d03 
  0x00000254d8833198: d84d 8b5b 

  0x00000254d883319c: ;   {metadata('java/lang/Exception')}
  0x00000254d883319c: 4049 b820 | c000 8054 | 0200 004d | 3bd8 0f84 | 43a5 ffff | e944 dcff | ff4c 8bd0 | 448b 4808 
  0x00000254d88331bc: 49b8 0000 | 0080 5402 | 0000 4d03 | c1eb 654c | 8bd0 448b | 5808 49b8 | 0000 0080 | 5402 0000 
  0x00000254d88331dc: 4d03 c3eb | 4f4c 8bd0 | 448b 4808 | 49b8 0000 | 0080 5402 | 0000 4d03 | c1eb 394c | 8bd0 eb0d 
  0x00000254d88331fc: 4c8b d0eb | 084c 8bd0 | eb03 4c8b | d045 8b4a | 0849 b800 | 0000 8054 | 0200 004d | 03c1 eb14 
  0x00000254d883321c: 4c8b d044 | 8b48 0849 | b800 0000 | 8054 0200 | 004d 03c1 | 4d8b 5840 

  0x00000254d8833234: ;   {metadata('java/lang/Exception')}
  0x00000254d8833234: 49b8 20c0 | 0080 5402 | 0000 4d3b | d80f 84ac | a4ff ffe9 | addb ffff | 4c8b d044 | 8b48 0849 
  0x00000254d8833254: b800 0000 | 8054 0200 | 004d 03c1 | eb65 4c8b | d044 8b58 | 0849 b800 | 0000 8054 | 0200 004d 
  0x00000254d8833274: 03c3 eb4f | 4c8b d044 | 8b48 0849 | b800 0000 | 8054 0200 | 004d 03c1 | eb39 4c8b | d0eb 0d4c 
  0x00000254d8833294: 8bd0 eb08 | 4c8b d0eb | 034c 8bd0 | 458b 4a08 | 49b8 0000 | 0080 5402 | 0000 4d03 | c1eb 144c 
  0x00000254d88332b4: 8bd0 448b | 4808 49b8 | 0000 0080 | 5402 0000 | 4d03 c14d 

  0x00000254d88332c8: ;   {metadata('java/lang/Exception')}
  0x00000254d88332c8: 8b58 4049 | b820 c000 | 8054 0200 | 004d 3bd8 | 0f84 15a4 | ffff e916 | dbff ff48 | 8bd8 e95e 
  0x00000254d88332e8: dfff ff48 | 8bd8 e910 | daff ff4c | 8bd0 e977 

  0x00000254d88332f8: ;   {internal_word}
  0x00000254d88332f8: ddff ff49 | ba48 bc82 | d854 0200 | 004d 8997 | 6804 0000 

  0x00000254d883330c: ;   {runtime_call SafepointBlob}
  0x00000254d883330c: e96f 217f 

  0x00000254d8833310: ;   {runtime_call StubRoutines (final stubs)}
  0x00000254d8833310: ffe8 8a31 | 7dff e9c3 | 71ff fff4 | f4f4 f4f4 
[Stub Code]
  0x00000254d8833320: ;   {no_reloc}
  0x00000254d8833320: 48bb 0000 | 0000 0000 

  0x00000254d8833328: ;   {runtime_call nmethod}
  0x00000254d8833328: 0000 e9fb 

  0x00000254d883332c: ;   {static_stub}
  0x00000254d883332c: ffff ff48 | bb00 0000 | 0000 0000 

  0x00000254d8833338: ;   {runtime_call nmethod}
  0x00000254d8833338: 00e9 fbff 

  0x00000254d883333c: ;   {static_stub}
  0x00000254d883333c: ffff 48bb | 0000 0000 | 0000 0000 

  0x00000254d8833348: ;   {runtime_call nmethod}
  0x00000254d8833348: e9fb ffff 

  0x00000254d883334c: ;   {static_stub}
  0x00000254d883334c: ff48 bb00 | 0000 0000 

  0x00000254d8833354: ;   {runtime_call nmethod}
  0x00000254d8833354: 0000 00e9 | fbff ffff 

  0x00000254d883335c: ;   {static_stub}
  0x00000254d883335c: 48bb 10d2 | 0180 5402 

  0x00000254d8833364: ;   {runtime_call I2C/C2I adapters}
  0x00000254d8833364: 0000 e9f8 

  0x00000254d8833368: ;   {static_stub}
  0x00000254d8833368: 007f ff48 | bb00 0000 | 0000 0000 

  0x00000254d8833374: ;   {runtime_call nmethod}
  0x00000254d8833374: 00e9 fbff 

  0x00000254d8833378: ;   {static_stub}
  0x00000254d8833378: ffff 48bb | a800 1780 | 5402 0000 

  0x00000254d8833384: ;   {runtime_call I2C/C2I adapters}
  0x00000254d8833384: e9da 007f 

  0x00000254d8833388: ;   {static_stub}
  0x00000254d8833388: ff48 bb00 | 0000 0000 

  0x00000254d8833390: ;   {runtime_call nmethod}
  0x00000254d8833390: 0000 00e9 | fbff ffff 

  0x00000254d8833398: ;   {static_stub}
  0x00000254d8833398: 48bb 0000 | 0000 0000 

  0x00000254d88333a0: ;   {runtime_call nmethod}
  0x00000254d88333a0: 0000 e9fb 

  0x00000254d88333a4: ;   {static_stub}
  0x00000254d88333a4: ffff ff48 | bb00 0000 | 0000 0000 

  0x00000254d88333b0: ;   {runtime_call nmethod}
  0x00000254d88333b0: 00e9 fbff 

  0x00000254d88333b4: ;   {static_stub}
  0x00000254d88333b4: ffff 48bb | 0000 0000 | 0000 0000 

  0x00000254d88333c0: ;   {runtime_call nmethod}
  0x00000254d88333c0: e9fb ffff 

  0x00000254d88333c4: ;   {static_stub}
  0x00000254d88333c4: ff48 bb00 | 0000 0000 

  0x00000254d88333cc: ;   {runtime_call nmethod}
  0x00000254d88333cc: 0000 00e9 | fbff ffff 

  0x00000254d88333d4: ;   {static_stub}
  0x00000254d88333d4: 48bb 0000 | 0000 0000 

  0x00000254d88333dc: ;   {runtime_call nmethod}
  0x00000254d88333dc: 0000 e9fb 

  0x00000254d88333e0: ;   {static_stub}
  0x00000254d88333e0: ffff ff48 | bb00 0000 | 0000 0000 

  0x00000254d88333ec: ;   {runtime_call nmethod}
  0x00000254d88333ec: 00e9 fbff 

  0x00000254d88333f0: ;   {static_stub}
  0x00000254d88333f0: ffff 48bb | 0000 0000 | 0000 0000 

  0x00000254d88333fc: ;   {runtime_call nmethod}
  0x00000254d88333fc: e9fb ffff 

  0x00000254d8833400: ;   {static_stub}
  0x00000254d8833400: ff48 bb00 | 0000 0000 

  0x00000254d8833408: ;   {runtime_call nmethod}
  0x00000254d8833408: 0000 00e9 | fbff ffff 

  0x00000254d8833410: ;   {static_stub}
  0x00000254d8833410: 48bb 0000 | 0000 0000 

  0x00000254d8833418: ;   {runtime_call nmethod}
  0x00000254d8833418: 0000 e9fb 

  0x00000254d883341c: ;   {static_stub}
  0x00000254d883341c: ffff ff48 | bb00 0000 | 0000 0000 

  0x00000254d8833428: ;   {runtime_call nmethod}
  0x00000254d8833428: 00e9 fbff 

  0x00000254d883342c: ;   {static_stub}
  0x00000254d883342c: ffff 48bb | 0000 0000 | 0000 0000 

  0x00000254d8833438: ;   {runtime_call nmethod}
  0x00000254d8833438: e9fb ffff 

  0x00000254d883343c: ;   {static_stub}
  0x00000254d883343c: ff48 bb00 | 0000 0000 

  0x00000254d8833444: ;   {runtime_call nmethod}
  0x00000254d8833444: 0000 00e9 | fbff ffff 

  0x00000254d883344c: ;   {static_stub}
  0x00000254d883344c: 48bb 0000 | 0000 0000 

  0x00000254d8833454: ;   {runtime_call nmethod}
  0x00000254d8833454: 0000 e9fb 

  0x00000254d8833458: ;   {static_stub}
  0x00000254d8833458: ffff ff48 | bb00 0000 | 0000 0000 

  0x00000254d8833464: ;   {runtime_call nmethod}
  0x00000254d8833464: 00e9 fbff 

  0x00000254d8833468: ;   {static_stub}
  0x00000254d8833468: ffff 48bb | 0000 0000 | 0000 0000 

  0x00000254d8833474: ;   {runtime_call nmethod}
  0x00000254d8833474: e9fb ffff 

  0x00000254d8833478: ;   {static_stub}
  0x00000254d8833478: ff48 bb00 | 0000 0000 

  0x00000254d8833480: ;   {runtime_call nmethod}
  0x00000254d8833480: 0000 00e9 | fbff ffff 

  0x00000254d8833488: ;   {static_stub}
  0x00000254d8833488: 48bb 0000 | 0000 0000 

  0x00000254d8833490: ;   {runtime_call nmethod}
  0x00000254d8833490: 0000 e9fb 

  0x00000254d8833494: ;   {static_stub}
  0x00000254d8833494: ffff ff48 | bb00 0000 | 0000 0000 

  0x00000254d88334a0: ;   {runtime_call nmethod}
  0x00000254d88334a0: 00e9 fbff 

  0x00000254d88334a4: ;   {static_stub}
  0x00000254d88334a4: ffff 48bb | 0000 0000 | 0000 0000 

  0x00000254d88334b0: ;   {runtime_call nmethod}
  0x00000254d88334b0: e9fb ffff 

  0x00000254d88334b4: ;   {static_stub}
  0x00000254d88334b4: ff48 bb00 | 0000 0000 

  0x00000254d88334bc: ;   {runtime_call nmethod}
  0x00000254d88334bc: 0000 00e9 | fbff ffff 

  0x00000254d88334c4: ;   {static_stub}
  0x00000254d88334c4: 48bb 0000 | 0000 0000 

  0x00000254d88334cc: ;   {runtime_call nmethod}
  0x00000254d88334cc: 0000 e9fb 

  0x00000254d88334d0: ;   {static_stub}
  0x00000254d88334d0: ffff ff48 | bb00 0000 | 0000 0000 

  0x00000254d88334dc: ;   {runtime_call nmethod}
  0x00000254d88334dc: 00e9 fbff 

  0x00000254d88334e0: ;   {static_stub}
  0x00000254d88334e0: ffff 48bb | 0000 0000 | 0000 0000 

  0x00000254d88334ec: ;   {runtime_call nmethod}
  0x00000254d88334ec: e9fb ffff 

  0x00000254d88334f0: ;   {static_stub}
  0x00000254d88334f0: ff48 bb00 | 0000 0000 

  0x00000254d88334f8: ;   {runtime_call nmethod}
  0x00000254d88334f8: 0000 00e9 | fbff ffff 

  0x00000254d8833500: ;   {static_stub}
  0x00000254d8833500: 48bb 0000 | 0000 0000 

  0x00000254d8833508: ;   {runtime_call nmethod}
  0x00000254d8833508: 0000 e9fb 

  0x00000254d883350c: ;   {static_stub}
  0x00000254d883350c: ffff ff48 | bb00 0000 | 0000 0000 

  0x00000254d8833518: ;   {runtime_call nmethod}
  0x00000254d8833518: 00e9 fbff 

  0x00000254d883351c: ;   {static_stub}
  0x00000254d883351c: ffff 48bb | 0000 0000 | 0000 0000 

  0x00000254d8833528: ;   {runtime_call nmethod}
  0x00000254d8833528: e9fb ffff 

  0x00000254d883352c: ;   {static_stub}
  0x00000254d883352c: ff48 bb00 | 0000 0000 

  0x00000254d8833534: ;   {runtime_call nmethod}
  0x00000254d8833534: 0000 00e9 | fbff ffff 

  0x00000254d883353c: ;   {static_stub}
  0x00000254d883353c: 48bb 0000 | 0000 0000 

  0x00000254d8833544: ;   {runtime_call nmethod}
  0x00000254d8833544: 0000 e9fb 

  0x00000254d8833548: ;   {static_stub}
  0x00000254d8833548: ffff ff48 | bb00 0000 | 0000 0000 

  0x00000254d8833554: ;   {runtime_call nmethod}
  0x00000254d8833554: 00e9 fbff 

  0x00000254d8833558: ;   {static_stub}
  0x00000254d8833558: ffff 48bb | 0000 0000 | 0000 0000 

  0x00000254d8833564: ;   {runtime_call nmethod}
  0x00000254d8833564: e9fb ffff 

  0x00000254d8833568: ;   {static_stub}
  0x00000254d8833568: ff48 bb00 | 0000 0000 

  0x00000254d8833570: ;   {runtime_call nmethod}
  0x00000254d8833570: 0000 00e9 | fbff ffff 

  0x00000254d8833578: ;   {static_stub}
  0x00000254d8833578: 48bb 0000 | 0000 0000 

  0x00000254d8833580: ;   {runtime_call nmethod}
  0x00000254d8833580: 0000 e9fb 

  0x00000254d8833584: ;   {static_stub}
  0x00000254d8833584: ffff ff48 | bb00 0000 | 0000 0000 

  0x00000254d8833590: ;   {runtime_call nmethod}
  0x00000254d8833590: 00e9 fbff 

  0x00000254d8833594: ;   {static_stub}
  0x00000254d8833594: ffff 48bb | 0000 0000 | 0000 0000 

  0x00000254d88335a0: ;   {runtime_call nmethod}
  0x00000254d88335a0: e9fb ffff 

  0x00000254d88335a4: ;   {runtime_call ExceptionBlob}
  0x00000254d88335a4: ffe9 5689 | 81ff e800 | 0000 0048 | 832c 2405 

  0x00000254d88335b4: ;   {runtime_call DeoptimizationBlob}
  0x00000254d88335b4: e967 117f | fff4 f4f4 | f4f4 f4f4 
[/MachCode]


---------------  P R O C E S S  ---------------

Threads class SMR info:
_java_thread_list=0x00000254ebf24dd0, length=33, elements={
0x00000254cd88f1b0, 0x00000254e54adae0, 0x00000254e54b0700, 0x00000254e54b3ca0,
0x00000254e54b6900, 0x00000254e54b4700, 0x00000254e54b4ea0, 0x00000254e54b5e90,
0x00000254e5527420, 0x00000254e577d830, 0x00000254e57a4460, 0x00000254ea9ab1b0,
0x00000254ea8163d0, 0x00000254e5609460, 0x00000254e557f130, 0x00000254eaafafa0,
0x00000254eb32f8b0, 0x00000254eb3148c0, 0x00000254eb318000, 0x00000254eb765bc0,
0x00000254eb766f70, 0x00000254eb764ea0, 0x00000254eb766250, 0x00000254eb767600,
0x00000254eb765530, 0x00000254eb764810, 0x00000254eb7668e0, 0x00000254eb64aef0,
0x00000254eb64dce0, 0x00000254eb651e80, 0x00000254eb6517f0, 0x00000254eb64e370,
0x00000254eb651160
}

Java Threads: ( => current thread )
  0x00000254cd88f1b0 JavaThread "main"                              [_thread_blocked, id=10288, stack(0x000000d8a6b00000,0x000000d8a6c00000) (1024K)]
  0x00000254e54adae0 JavaThread "Reference Handler"          daemon [_thread_blocked, id=37620, stack(0x000000d8a7300000,0x000000d8a7400000) (1024K)]
  0x00000254e54b0700 JavaThread "Finalizer"                  daemon [_thread_blocked, id=37548, stack(0x000000d8a7400000,0x000000d8a7500000) (1024K)]
  0x00000254e54b3ca0 JavaThread "Signal Dispatcher"          daemon [_thread_blocked, id=37544, stack(0x000000d8a7500000,0x000000d8a7600000) (1024K)]
  0x00000254e54b6900 JavaThread "Attach Listener"            daemon [_thread_blocked, id=37564, stack(0x000000d8a7600000,0x000000d8a7700000) (1024K)]
  0x00000254e54b4700 JavaThread "Service Thread"             daemon [_thread_blocked, id=37068, stack(0x000000d8a7700000,0x000000d8a7800000) (1024K)]
  0x00000254e54b4ea0 JavaThread "Monitor Deflation Thread"   daemon [_thread_blocked, id=32156, stack(0x000000d8a7800000,0x000000d8a7900000) (1024K)]
  0x00000254e54b5e90 JavaThread "C2 CompilerThread0"         daemon [_thread_blocked, id=19344, stack(0x000000d8a7900000,0x000000d8a7a00000) (1024K)]
  0x00000254e5527420 JavaThread "C1 CompilerThread0"         daemon [_thread_blocked, id=26276, stack(0x000000d8a7a00000,0x000000d8a7b00000) (1024K)]
  0x00000254e577d830 JavaThread "Common-Cleaner"             daemon [_thread_blocked, id=26488, stack(0x000000d8a7b00000,0x000000d8a7c00000) (1024K)]
  0x00000254e57a4460 JavaThread "Notification Thread"        daemon [_thread_blocked, id=21668, stack(0x000000d8a7c00000,0x000000d8a7d00000) (1024K)]
  0x00000254ea9ab1b0 JavaThread "Daemon health stats"               [_thread_blocked, id=39208, stack(0x000000d8a6900000,0x000000d8a6a00000) (1024K)]
  0x00000254ea8163d0 JavaThread "Incoming local TCP Connector on port 51187"        [_thread_in_native, id=33036, stack(0x000000d8a8200000,0x000000d8a8300000) (1024K)]
  0x00000254e5609460 JavaThread "Daemon periodic checks"            [_thread_blocked, id=41412, stack(0x000000d8a8300000,0x000000d8a8400000) (1024K)]
  0x00000254e557f130 JavaThread "Daemon"                            [_thread_blocked, id=32668, stack(0x000000d8a8400000,0x000000d8a8500000) (1024K)]
  0x00000254eaafafa0 JavaThread "Handler for socket connection from /127.0.0.1:51187 to /127.0.0.1:51189"        [_thread_in_native, id=32660, stack(0x000000d8a8500000,0x000000d8a8600000) (1024K)]
  0x00000254eb32f8b0 JavaThread "Cancel handler"                    [_thread_blocked, id=20688, stack(0x000000d8a8600000,0x000000d8a8700000) (1024K)]
=>0x00000254eb3148c0 JavaThread "Daemon worker"                     [_thread_in_vm, id=21144, stack(0x000000d8a8700000,0x000000d8a8800000) (1024K)]
  0x00000254eb318000 JavaThread "Asynchronous log dispatcher for DefaultDaemonConnection: socket connection from /127.0.0.1:51187 to /127.0.0.1:51189"        [_thread_blocked, id=41136, stack(0x000000d8a8800000,0x000000d8a8900000) (1024K)]
  0x00000254eb765bc0 JavaThread "Stdin handler"                     [_thread_blocked, id=25340, stack(0x000000d8a8900000,0x000000d8a8a00000) (1024K)]
  0x00000254eb766f70 JavaThread "Daemon client event forwarder"        [_thread_blocked, id=13296, stack(0x000000d8a8a00000,0x000000d8a8b00000) (1024K)]
  0x00000254eb764ea0 JavaThread "Cache worker for journal cache (C:\Users\KUNAL\.gradle\caches\journal-1)"        [_thread_blocked, id=6408, stack(0x000000d8a8b00000,0x000000d8a8c00000) (1024K)]
  0x00000254eb766250 JavaThread "File lock request listener"        [_thread_in_native, id=23444, stack(0x000000d8a8c00000,0x000000d8a8d00000) (1024K)]
  0x00000254eb767600 JavaThread "File lock release action executor"        [_thread_blocked, id=37980, stack(0x000000d8a8d00000,0x000000d8a8e00000) (1024K)]
  0x00000254eb765530 JavaThread "Cache worker for file hash cache (C:\Users\KUNAL\.gradle\caches\8.9\fileHashes)"        [_thread_blocked, id=39120, stack(0x000000d8a6800000,0x000000d8a6900000) (1024K)]
  0x00000254eb764810 JavaThread "Cache worker for file hash cache (D:\Projects\KnowItAll\.gradle\8.9\fileHashes)"        [_thread_blocked, id=30264, stack(0x000000d8a9300000,0x000000d8a9400000) (1024K)]
  0x00000254eb7668e0 JavaThread "Cache worker for Build Output Cleanup Cache (D:\Projects\KnowItAll\.gradle\buildOutputCleanup)"        [_thread_blocked, id=4976, stack(0x000000d8a9400000,0x000000d8a9500000) (1024K)]
  0x00000254eb64aef0 JavaThread "File watcher server"        daemon [_thread_in_native, id=41648, stack(0x000000d8a9500000,0x000000d8a9600000) (1024K)]
  0x00000254eb64dce0 JavaThread "File watcher consumer"      daemon [_thread_blocked, id=39728, stack(0x000000d8a9600000,0x000000d8a9700000) (1024K)]
  0x00000254eb651e80 JavaThread "Cache worker for checksums cache (D:\Projects\KnowItAll\.gradle\8.9\checksums)"        [_thread_blocked, id=21976, stack(0x000000d8a9700000,0x000000d8a9800000) (1024K)]
  0x00000254eb6517f0 JavaThread "Cache worker for file content cache (C:\Users\KUNAL\.gradle\caches\8.9\fileContent)"        [_thread_blocked, id=3928, stack(0x000000d8a9800000,0x000000d8a9900000) (1024K)]
  0x00000254eb64e370 JavaThread "Cache worker for cache directory md-rule (C:\Users\KUNAL\.gradle\caches\8.9\md-rule)"        [_thread_blocked, id=33644, stack(0x000000d8a9900000,0x000000d8a9a00000) (1024K)]
  0x00000254eb651160 JavaThread "Cache worker for cache directory md-supplier (C:\Users\KUNAL\.gradle\caches\8.9\md-supplier)"        [_thread_blocked, id=20280, stack(0x000000d8a9a00000,0x000000d8a9b00000) (1024K)]
Total: 33

Other Threads:
  0x00000254e548dbf0 VMThread "VM Thread"                           [id=27624, stack(0x000000d8a7200000,0x000000d8a7300000) (1024K)] _threads_hazard_ptr=0x00000254ebf24dd0
  0x00000254e5482330 WatcherThread "VM Periodic Task Thread"        [id=41536, stack(0x000000d8a7100000,0x000000d8a7200000) (1024K)]
  0x00000254cd8e68f0 WorkerThread "GC Thread#0"                     [id=10212, stack(0x000000d8a6c00000,0x000000d8a6d00000) (1024K)]
  0x00000254e57ed570 WorkerThread "GC Thread#1"                     [id=35488, stack(0x000000d8a7d00000,0x000000d8a7e00000) (1024K)]
  0x00000254ea588230 WorkerThread "GC Thread#2"                     [id=35584, stack(0x000000d8a7e00000,0x000000d8a7f00000) (1024K)]
  0x00000254ea5885e0 WorkerThread "GC Thread#3"                     [id=35588, stack(0x000000d8a7f00000,0x000000d8a8000000) (1024K)]
  0x00000254ea588990 WorkerThread "GC Thread#4"                     [id=34352, stack(0x000000d8a8000000,0x000000d8a8100000) (1024K)]
  0x00000254ea4fd1e0 WorkerThread "GC Thread#5"                     [id=33452, stack(0x000000d8a8100000,0x000000d8a8200000) (1024K)]
  0x00000254eb583130 WorkerThread "GC Thread#6"                     [id=24336, stack(0x000000d8a6a00000,0x000000d8a6b00000) (1024K)]
  0x00000254eb5834e0 WorkerThread "GC Thread#7"                     [id=21340, stack(0x000000d8a8e00000,0x000000d8a8f00000) (1024K)]
  0x00000254eb585260 WorkerThread "GC Thread#8"                     [id=4128, stack(0x000000d8a8f00000,0x000000d8a9000000) (1024K)]
  0x00000254eb582d80 WorkerThread "GC Thread#9"                     [id=10568, stack(0x000000d8a9000000,0x000000d8a9100000) (1024K)]
  0x00000254cd8f78e0 ConcurrentGCThread "G1 Main Marker"            [id=21356, stack(0x000000d8a6d00000,0x000000d8a6e00000) (1024K)]
  0x00000254cd8f9400 WorkerThread "G1 Conc#0"                       [id=25960, stack(0x000000d8a6e00000,0x000000d8a6f00000) (1024K)]
  0x00000254eb5843a0 WorkerThread "G1 Conc#1"                       [id=32920, stack(0x000000d8a9100000,0x000000d8a9200000) (1024K)]
  0x00000254eb583890 WorkerThread "G1 Conc#2"                       [id=26104, stack(0x000000d8a9200000,0x000000d8a9300000) (1024K)]
  0x00000254e5352a80 ConcurrentGCThread "G1 Refine#0"               [id=22420, stack(0x000000d8a6f00000,0x000000d8a7000000) (1024K)]
  0x00000254e5353410 ConcurrentGCThread "G1 Service"                [id=22148, stack(0x000000d8a7000000,0x000000d8a7100000) (1024K)]
Total: 18

Threads with active compile tasks:
Total: 0

VM state: synchronizing (normal execution)

VM Mutex/Monitor currently owned by a thread:  ([mutex/lock_event])
[0x00007ffcb90bd530] Metaspace_lock - owner thread: 0x00000254eb3148c0
[0x00007ffcb90bf5b0] Threads_lock - owner thread: 0x00000254e548dbf0

Heap address: 0x0000000080000000, size: 2048 MB, Compressed Oops mode: 32-bit

CDS archive(s) mapped at: [0x0000025480000000-0x0000025480ba0000-0x0000025480ba0000), size 12189696, SharedBaseAddress: 0x0000025480000000, ArchiveRelocationMode: 1.
Compressed class space mapped at: 0x0000025481000000-0x00000254c1000000, reserved size: 1073741824
Narrow klass base: 0x0000025480000000, Narrow klass shift: 0, Narrow klass range: 0x100000000

GC Precious Log:
 CardTable entry size: 512
 Card Set container configuration: InlinePtr #cards 5 size 8 Array Of Cards #cards 12 size 40 Howl #buckets 4 coarsen threshold 1843 Howl Bitmap #cards 512 size 80 coarsen threshold 460 Card regions per heap region 1 cards per card region 2048
 CPUs: 12 total, 12 available
 Memory: 16056M
 Large Page Support: Disabled
 NUMA Support: Disabled
 Compressed Oops: Enabled (32-bit)
 Heap Region Size: 1M
 Heap Min Capacity: 8M
 Heap Initial Capacity: 252M
 Heap Max Capacity: 2G
 Pre-touch: Disabled
 Parallel Workers: 10
 Concurrent Workers: 3
 Concurrent Refinement Workers: 10
 Periodic GC: Disabled

Heap:
 garbage-first heap   total 93184K, used 54240K [0x0000000080000000, 0x0000000100000000)
  region size 1024K, 23 young (23552K), 2 survivors (2048K)
 Metaspace       used 39766K, committed 41280K, reserved 1114112K
  class space    used 5890K, committed 6592K, reserved 1048576K

Heap Regions: E=young(eden), S=young(survivor), O=old, HS=humongous(starts), HC=humongous(continues), CS=collection set, F=free, TAMS=top-at-mark-start, PB=parsable bottom
|   0|0x0000000080000000, 0x0000000080100000, 0x0000000080100000|100%|HS|  |TAMS 0x0000000080000000| PB 0x0000000080000000| Complete 
|   1|0x0000000080100000, 0x0000000080200000, 0x0000000080200000|100%|HC|  |TAMS 0x0000000080100000| PB 0x0000000080100000| Complete 
|   2|0x0000000080200000, 0x0000000080300000, 0x0000000080300000|100%|HC|  |TAMS 0x0000000080200000| PB 0x0000000080200000| Complete 
|   3|0x0000000080300000, 0x0000000080400000, 0x0000000080400000|100%|HC|  |TAMS 0x0000000080300000| PB 0x0000000080300000| Complete 
|   4|0x0000000080400000, 0x0000000080500000, 0x0000000080500000|100%| O|  |TAMS 0x0000000080400000| PB 0x0000000080400000| Untracked 
|   5|0x0000000080500000, 0x0000000080600000, 0x0000000080600000|100%| O|  |TAMS 0x0000000080500000| PB 0x0000000080500000| Untracked 
|   6|0x0000000080600000, 0x0000000080700000, 0x0000000080700000|100%| O|  |TAMS 0x0000000080600000| PB 0x0000000080600000| Untracked 
|   7|0x0000000080700000, 0x0000000080800000, 0x0000000080800000|100%| O|  |TAMS 0x0000000080700000| PB 0x0000000080700000| Untracked 
|   8|0x0000000080800000, 0x0000000080900000, 0x0000000080900000|100%| O|  |TAMS 0x0000000080800000| PB 0x0000000080800000| Untracked 
|   9|0x0000000080900000, 0x0000000080a00000, 0x0000000080a00000|100%| O|  |TAMS 0x0000000080900000| PB 0x0000000080900000| Untracked 
|  10|0x0000000080a00000, 0x0000000080b00000, 0x0000000080b00000|100%| O|  |TAMS 0x0000000080a00000| PB 0x0000000080a00000| Untracked 
|  11|0x0000000080b00000, 0x0000000080c00000, 0x0000000080c00000|100%|HS|  |TAMS 0x0000000080b00000| PB 0x0000000080b00000| Complete 
|  12|0x0000000080c00000, 0x0000000080d00000, 0x0000000080d00000|100%| O|  |TAMS 0x0000000080c00000| PB 0x0000000080c00000| Untracked 
|  13|0x0000000080d00000, 0x0000000080e00000, 0x0000000080e00000|100%| O|  |TAMS 0x0000000080d00000| PB 0x0000000080d00000| Untracked 
|  14|0x0000000080e00000, 0x0000000080f00000, 0x0000000080f00000|100%| O|  |TAMS 0x0000000080e00000| PB 0x0000000080e00000| Untracked 
|  15|0x0000000080f00000, 0x0000000081000000, 0x0000000081000000|100%| O|  |TAMS 0x0000000080f00000| PB 0x0000000080f00000| Untracked 
|  16|0x0000000081000000, 0x0000000081100000, 0x0000000081100000|100%| O|  |TAMS 0x0000000081000000| PB 0x0000000081000000| Untracked 
|  17|0x0000000081100000, 0x0000000081200000, 0x0000000081200000|100%| O|  |TAMS 0x0000000081100000| PB 0x0000000081100000| Untracked 
|  18|0x0000000081200000, 0x0000000081300000, 0x0000000081300000|100%| O|  |TAMS 0x0000000081200000| PB 0x0000000081200000| Untracked 
|  19|0x0000000081300000, 0x0000000081400000, 0x0000000081400000|100%| O|  |TAMS 0x0000000081300000| PB 0x0000000081300000| Untracked 
|  20|0x0000000081400000, 0x0000000081500000, 0x0000000081500000|100%| O|  |TAMS 0x0000000081400000| PB 0x0000000081400000| Untracked 
|  21|0x0000000081500000, 0x0000000081600000, 0x0000000081600000|100%| O|  |TAMS 0x0000000081500000| PB 0x0000000081500000| Untracked 
|  22|0x0000000081600000, 0x0000000081700000, 0x0000000081700000|100%| O|  |TAMS 0x0000000081600000| PB 0x0000000081600000| Untracked 
|  23|0x0000000081700000, 0x00000000817edc10, 0x0000000081800000| 92%| O|Cm|TAMS 0x0000000081700000| PB 0x0000000081700000| Complete 
|  24|0x0000000081800000, 0x0000000081900000, 0x0000000081900000|100%| O|  |TAMS 0x0000000081800000| PB 0x0000000081800000| Untracked 
|  25|0x0000000081900000, 0x0000000081a00000, 0x0000000081a00000|100%| O|  |TAMS 0x0000000081900000| PB 0x0000000081900000| Untracked 
|  26|0x0000000081a00000, 0x0000000081b00000, 0x0000000081b00000|100%| O|  |TAMS 0x0000000081a00000| PB 0x0000000081a00000| Untracked 
|  27|0x0000000081b00000, 0x0000000081c00000, 0x0000000081c00000|100%| O|  |TAMS 0x0000000081b00000| PB 0x0000000081b00000| Untracked 
|  28|0x0000000081c00000, 0x0000000081d00000, 0x0000000081d00000|100%| O|  |TAMS 0x0000000081c00000| PB 0x0000000081c00000| Untracked 
|  29|0x0000000081d00000, 0x0000000081e00000, 0x0000000081e00000|100%| O|  |TAMS 0x0000000081d00000| PB 0x0000000081d00000| Untracked 
|  30|0x0000000081e00000, 0x0000000081e00000, 0x0000000081f00000|  0%| F|  |TAMS 0x0000000081e00000| PB 0x0000000081e00000| Untracked 
|  31|0x0000000081f00000, 0x0000000081f00000, 0x0000000082000000|  0%| F|  |TAMS 0x0000000081f00000| PB 0x0000000081f00000| Untracked 
|  32|0x0000000082000000, 0x0000000082000000, 0x0000000082100000|  0%| F|  |TAMS 0x0000000082000000| PB 0x0000000082000000| Untracked 
|  33|0x0000000082100000, 0x0000000082100000, 0x0000000082200000|  0%| F|  |TAMS 0x0000000082100000| PB 0x0000000082100000| Untracked 
|  34|0x0000000082200000, 0x0000000082200000, 0x0000000082300000|  0%| F|  |TAMS 0x0000000082200000| PB 0x0000000082200000| Untracked 
|  35|0x0000000082300000, 0x0000000082300000, 0x0000000082400000|  0%| F|  |TAMS 0x0000000082300000| PB 0x0000000082300000| Untracked 
|  36|0x0000000082400000, 0x0000000082400000, 0x0000000082500000|  0%| F|  |TAMS 0x0000000082400000| PB 0x0000000082400000| Untracked 
|  37|0x0000000082500000, 0x0000000082600000, 0x0000000082600000|100%| O|  |TAMS 0x0000000082500000| PB 0x0000000082500000| Untracked 
|  38|0x0000000082600000, 0x00000000826c5588, 0x0000000082700000| 77%| O|  |TAMS 0x0000000082600000| PB 0x0000000082600000| Untracked 
|  39|0x0000000082700000, 0x0000000082700000, 0x0000000082800000|  0%| F|  |TAMS 0x0000000082700000| PB 0x0000000082700000| Untracked 
|  40|0x0000000082800000, 0x0000000082800000, 0x0000000082900000|  0%| F|  |TAMS 0x0000000082800000| PB 0x0000000082800000| Untracked 
|  41|0x0000000082900000, 0x0000000082945150, 0x0000000082a00000| 26%| S|CS|TAMS 0x0000000082900000| PB 0x0000000082900000| Complete 
|  42|0x0000000082a00000, 0x0000000082b00000, 0x0000000082b00000|100%| S|CS|TAMS 0x0000000082a00000| PB 0x0000000082a00000| Complete 
|  43|0x0000000082b00000, 0x0000000082b00000, 0x0000000082c00000|  0%| F|  |TAMS 0x0000000082b00000| PB 0x0000000082b00000| Untracked 
|  44|0x0000000082c00000, 0x0000000082c00000, 0x0000000082d00000|  0%| F|  |TAMS 0x0000000082c00000| PB 0x0000000082c00000| Untracked 
|  45|0x0000000082d00000, 0x0000000082d00000, 0x0000000082e00000|  0%| F|  |TAMS 0x0000000082d00000| PB 0x0000000082d00000| Untracked 
|  46|0x0000000082e00000, 0x0000000082e00000, 0x0000000082f00000|  0%| F|  |TAMS 0x0000000082e00000| PB 0x0000000082e00000| Untracked 
|  47|0x0000000082f00000, 0x0000000082f00000, 0x0000000083000000|  0%| F|  |TAMS 0x0000000082f00000| PB 0x0000000082f00000| Untracked 
|  48|0x0000000083000000, 0x0000000083000000, 0x0000000083100000|  0%| F|  |TAMS 0x0000000083000000| PB 0x0000000083000000| Untracked 
|  49|0x0000000083100000, 0x0000000083100000, 0x0000000083200000|  0%| F|  |TAMS 0x0000000083100000| PB 0x0000000083100000| Untracked 
|  50|0x0000000083200000, 0x0000000083200000, 0x0000000083300000|  0%| F|  |TAMS 0x0000000083200000| PB 0x0000000083200000| Untracked 
|  51|0x0000000083300000, 0x0000000083300000, 0x0000000083400000|  0%| F|  |TAMS 0x0000000083300000| PB 0x0000000083300000| Untracked 
|  52|0x0000000083400000, 0x0000000083400000, 0x0000000083500000|  0%| F|  |TAMS 0x0000000083400000| PB 0x0000000083400000| Untracked 
|  53|0x0000000083500000, 0x0000000083500000, 0x0000000083600000|  0%| F|  |TAMS 0x0000000083500000| PB 0x0000000083500000| Untracked 
|  54|0x0000000083600000, 0x0000000083600000, 0x0000000083700000|  0%| F|  |TAMS 0x0000000083600000| PB 0x0000000083600000| Untracked 
|  55|0x0000000083700000, 0x0000000083700000, 0x0000000083800000|  0%| F|  |TAMS 0x0000000083700000| PB 0x0000000083700000| Untracked 
|  56|0x0000000083800000, 0x0000000083800000, 0x0000000083900000|  0%| F|  |TAMS 0x0000000083800000| PB 0x0000000083800000| Untracked 
|  57|0x0000000083900000, 0x0000000083900000, 0x0000000083a00000|  0%| F|  |TAMS 0x0000000083900000| PB 0x0000000083900000| Untracked 
|  58|0x0000000083a00000, 0x0000000083a00000, 0x0000000083b00000|  0%| F|  |TAMS 0x0000000083a00000| PB 0x0000000083a00000| Untracked 
|  59|0x0000000083b00000, 0x0000000083b00000, 0x0000000083c00000|  0%| F|  |TAMS 0x0000000083b00000| PB 0x0000000083b00000| Untracked 
|  60|0x0000000083c00000, 0x0000000083c00000, 0x0000000083d00000|  0%| F|  |TAMS 0x0000000083c00000| PB 0x0000000083c00000| Untracked 
|  61|0x0000000083d00000, 0x0000000083d00000, 0x0000000083e00000|  0%| F|  |TAMS 0x0000000083d00000| PB 0x0000000083d00000| Untracked 
|  62|0x0000000083e00000, 0x0000000083e00000, 0x0000000083f00000|  0%| F|  |TAMS 0x0000000083e00000| PB 0x0000000083e00000| Untracked 
|  63|0x0000000083f00000, 0x0000000083f00000, 0x0000000084000000|  0%| F|  |TAMS 0x0000000083f00000| PB 0x0000000083f00000| Untracked 
|  64|0x0000000084000000, 0x0000000084000000, 0x0000000084100000|  0%| F|  |TAMS 0x0000000084000000| PB 0x0000000084000000| Untracked 
|  65|0x0000000084100000, 0x0000000084100000, 0x0000000084200000|  0%| F|  |TAMS 0x0000000084100000| PB 0x0000000084100000| Untracked 
|  66|0x0000000084200000, 0x0000000084200000, 0x0000000084300000|  0%| F|  |TAMS 0x0000000084200000| PB 0x0000000084200000| Untracked 
|  67|0x0000000084300000, 0x0000000084300000, 0x0000000084400000|  0%| F|  |TAMS 0x0000000084300000| PB 0x0000000084300000| Untracked 
|  68|0x0000000084400000, 0x0000000084400000, 0x0000000084500000|  0%| F|  |TAMS 0x0000000084400000| PB 0x0000000084400000| Untracked 
|  69|0x0000000084500000, 0x0000000084500000, 0x0000000084600000|  0%| F|  |TAMS 0x0000000084500000| PB 0x0000000084500000| Untracked 
|  70|0x0000000084600000, 0x000000008460a7c8, 0x0000000084700000|  4%| E|  |TAMS 0x0000000084600000| PB 0x0000000084600000| Complete 
|  71|0x0000000084700000, 0x0000000084800000, 0x0000000084800000|100%| E|CS|TAMS 0x0000000084700000| PB 0x0000000084700000| Complete 
|  72|0x0000000084800000, 0x0000000084900000, 0x0000000084900000|100%| E|CS|TAMS 0x0000000084800000| PB 0x0000000084800000| Complete 
|  73|0x0000000084900000, 0x0000000084a00000, 0x0000000084a00000|100%| E|CS|TAMS 0x0000000084900000| PB 0x0000000084900000| Complete 
|  74|0x0000000084a00000, 0x0000000084b00000, 0x0000000084b00000|100%| E|CS|TAMS 0x0000000084a00000| PB 0x0000000084a00000| Complete 
|  75|0x0000000084b00000, 0x0000000084c00000, 0x0000000084c00000|100%| E|CS|TAMS 0x0000000084b00000| PB 0x0000000084b00000| Complete 
|  76|0x0000000084c00000, 0x0000000084d00000, 0x0000000084d00000|100%| E|CS|TAMS 0x0000000084c00000| PB 0x0000000084c00000| Complete 
|  77|0x0000000084d00000, 0x0000000084e00000, 0x0000000084e00000|100%| E|CS|TAMS 0x0000000084d00000| PB 0x0000000084d00000| Complete 
|  78|0x0000000084e00000, 0x0000000084f00000, 0x0000000084f00000|100%| E|CS|TAMS 0x0000000084e00000| PB 0x0000000084e00000| Complete 
|  79|0x0000000084f00000, 0x0000000085000000, 0x0000000085000000|100%| E|CS|TAMS 0x0000000084f00000| PB 0x0000000084f00000| Complete 
|  80|0x0000000085000000, 0x0000000085100000, 0x0000000085100000|100%| E|CS|TAMS 0x0000000085000000| PB 0x0000000085000000| Complete 
|  81|0x0000000085100000, 0x0000000085200000, 0x0000000085200000|100%| E|CS|TAMS 0x0000000085100000| PB 0x0000000085100000| Complete 
|  82|0x0000000085200000, 0x0000000085300000, 0x0000000085300000|100%| E|CS|TAMS 0x0000000085200000| PB 0x0000000085200000| Complete 
|  83|0x0000000085300000, 0x0000000085400000, 0x0000000085400000|100%| E|CS|TAMS 0x0000000085300000| PB 0x0000000085300000| Complete 
|  84|0x0000000085400000, 0x0000000085500000, 0x0000000085500000|100%| E|CS|TAMS 0x0000000085400000| PB 0x0000000085400000| Complete 
|  85|0x0000000085500000, 0x0000000085600000, 0x0000000085600000|100%| E|CS|TAMS 0x0000000085500000| PB 0x0000000085500000| Complete 
|  86|0x0000000085600000, 0x0000000085700000, 0x0000000085700000|100%| E|CS|TAMS 0x0000000085600000| PB 0x0000000085600000| Complete 
|  87|0x0000000085700000, 0x0000000085800000, 0x0000000085800000|100%| E|CS|TAMS 0x0000000085700000| PB 0x0000000085700000| Complete 
| 244|0x000000008f400000, 0x000000008f500000, 0x000000008f500000|100%| E|CS|TAMS 0x000000008f400000| PB 0x000000008f400000| Complete 
| 245|0x000000008f500000, 0x000000008f600000, 0x000000008f600000|100%| E|CS|TAMS 0x000000008f500000| PB 0x000000008f500000| Complete 
| 251|0x000000008fb00000, 0x000000008fc00000, 0x000000008fc00000|100%| E|CS|TAMS 0x000000008fb00000| PB 0x000000008fb00000| Complete 

Card table byte_map: [0x00000254e03f0000,0x00000254e07f0000] _byte_map_base: 0x00000254dfff0000

Marking Bits: (CMBitMap*) 0x00000254cd8e7000
 Bits: [0x00000254e07f0000, 0x00000254e27f0000)

Polling page: 0x00000254cd060000

Metaspace:

Usage:
  Non-class:     33.08 MB used.
      Class:      5.75 MB used.
       Both:     38.83 MB used.

Virtual space:
  Non-class space:       64.00 MB reserved,      33.88 MB ( 53%) committed,  1 nodes.
      Class space:        1.00 GB reserved,       6.44 MB ( <1%) committed,  1 nodes.
             Both:        1.06 GB reserved,      40.31 MB (  4%) committed. 

Chunk freelists:
   Non-Class:  13.80 MB
       Class:  9.55 MB
        Both:  23.34 MB

MaxMetaspaceSize: unlimited
CompressedClassSpaceSize: 1.00 GB
Initial GC threshold: 21.00 MB
Current GC threshold: 58.75 MB
CDS: on
 - commit_granule_bytes: 65536.
 - commit_granule_words: 8192.
 - virtual_space_node_default_size: 8388608.
 - enlarge_chunks_in_place: 1.
 - use_allocation_guard: 0.


Internal statistics:

num_allocs_failed_limit: 6.
num_arena_births: 2640.
num_arena_deaths: 0.
num_vsnodes_births: 2.
num_vsnodes_deaths: 0.
num_space_committed: 645.
num_space_uncommitted: 0.
num_chunks_returned_to_freelist: 6.
num_chunks_taken_from_freelist: 4529.
num_chunk_merges: 6.
num_chunk_splits: 2924.
num_chunks_enlarged: 1780.
num_inconsistent_stats: 0.

CodeHeap 'non-profiled nmethods': size=120000Kb used=2868Kb max_used=2868Kb free=117131Kb
 bounds [0x00000254d8570000, 0x00000254d8850000, 0x00000254dfaa0000]
CodeHeap 'profiled nmethods': size=120000Kb used=8841Kb max_used=9293Kb free=111159Kb
 bounds [0x00000254d0aa0000, 0x00000254d13c0000, 0x00000254d7fd0000]
CodeHeap 'non-nmethods': size=5760Kb used=1820Kb max_used=1862Kb free=3939Kb
 bounds [0x00000254d7fd0000, 0x00000254d8240000, 0x00000254d8570000]
CodeCache: size=245760Kb, used=13529Kb, max_used=14023Kb, free=232229Kb
 total_blobs=5335, nmethods=4643, adapters=596, full_count=0
Compilation: enabled, stopped_count=0, restarted_count=0

Compilation events (20 events):
Event: 250.695 Thread 0x00000254e54b5e90 5201       4       jdk.internal.org.objectweb.asm.MethodWriter::computeAllFrames (510 bytes)
Event: 250.734 Thread 0x00000254e54b5e90 nmethod 5201 0x00000254d8613290 code [0x00000254d86134e0, 0x00000254d86141c8]
Event: 250.735 Thread 0x00000254e54b5e90 5204       4       java.util.stream.MatchOps$MatchOp::evaluateSequential (7 bytes)
Event: 250.738 Thread 0x00000254e5527420 5206       3       com.google.common.collect.AbstractMapBasedMultimap::get (31 bytes)
Event: 250.738 Thread 0x00000254e5527420 nmethod 5206 0x00000254d0bcf310 code [0x00000254d0bcf500, 0x00000254d0bcf9d0]
Event: 250.739 Thread 0x00000254e5527420 5207       3       com.google.common.collect.AbstractMapBasedMultimap$WrappedCollection::<init> (44 bytes)
Event: 250.740 Thread 0x00000254e5527420 nmethod 5207 0x00000254d0be3b90 code [0x00000254d0be3d60, 0x00000254d0be41d8]
Event: 250.765 Thread 0x00000254e5527420 5208       3       jdk.internal.loader.Resource::getByteBuffer (24 bytes)
Event: 250.765 Thread 0x00000254e5527420 nmethod 5208 0x00000254d0be3190 code [0x00000254d0be3380, 0x00000254d0be3a68]
Event: 250.778 Thread 0x00000254e54b5e90 nmethod 5204 0x00000254d8611b90 code [0x00000254d8611e40, 0x00000254d8612850]
Event: 250.778 Thread 0x00000254e54b5e90 5203       4       java.util.ArrayList::isEmpty (13 bytes)
Event: 250.780 Thread 0x00000254e54b5e90 nmethod 5203 0x00000254d85cf890 code [0x00000254d85cfa20, 0x00000254d85cfab8]
Event: 250.792 Thread 0x00000254e5527420 5213       3       java.lang.invoke.DelegatingMethodHandle::rebind (8 bytes)
Event: 250.792 Thread 0x00000254e5527420 nmethod 5213 0x00000254d0be2c10 code [0x00000254d0be2de0, 0x00000254d0be3070]
Event: 250.798 Thread 0x00000254e5527420 5214       3       com.google.common.collect.AbstractMapBasedMultimap$WrappedCollection$WrappedIterator::hasNext (14 bytes)
Event: 250.798 Thread 0x00000254e54b5e90 5215       4       org.objectweb.asm.ByteVector::putInt (74 bytes)
Event: 250.798 Thread 0x00000254e5527420 nmethod 5214 0x00000254d0be2410 code [0x00000254d0be2600, 0x00000254d0be2a30]
Event: 250.799 Thread 0x00000254e5527420 5216       1       org.gradle.internal.instantiation.generator.AbstractClassGenerator$GeneratedClassImpl::getConstructors (5 bytes)
Event: 250.800 Thread 0x00000254e5527420 nmethod 5216 0x00000254d85cf590 code [0x00000254d85cf720, 0x00000254d85cf7e8]
Event: 250.800 Thread 0x00000254e54b5e90 nmethod 5215 0x00000254d85cf190 code [0x00000254d85cf320, 0x00000254d85cf4a8]

GC Heap History (16 events):
Event: 10.344 GC heap before
{Heap before GC invocations=0 (full 0):
 garbage-first heap   total 258048K, used 26624K [0x0000000080000000, 0x0000000100000000)
  region size 1024K, 23 young (23552K), 0 survivors (0K)
 Metaspace       used 1110K, committed 1216K, reserved 1114112K
  class space    used 80K, committed 128K, reserved 1048576K
}
Event: 10.831 GC heap after
{Heap after GC invocations=1 (full 0):
 garbage-first heap   total 258048K, used 10434K [0x0000000080000000, 0x0000000100000000)
  region size 1024K, 3 young (3072K), 3 survivors (3072K)
 Metaspace       used 1110K, committed 1216K, reserved 1114112K
  class space    used 80K, committed 128K, reserved 1048576K
}
Event: 41.403 GC heap before
{Heap before GC invocations=1 (full 0):
 garbage-first heap   total 258048K, used 41154K [0x0000000080000000, 0x0000000100000000)
  region size 1024K, 33 young (33792K), 3 survivors (3072K)
 Metaspace       used 4268K, committed 4416K, reserved 1114112K
  class space    used 548K, committed 640K, reserved 1048576K
}
Event: 41.409 GC heap after
{Heap after GC invocations=2 (full 0):
 garbage-first heap   total 258048K, used 12170K [0x0000000080000000, 0x0000000100000000)
  region size 1024K, 2 young (2048K), 2 survivors (2048K)
 Metaspace       used 4268K, committed 4416K, reserved 1114112K
  class space    used 548K, committed 640K, reserved 1048576K
}
Event: 161.638 GC heap before
{Heap before GC invocations=2 (full 0):
 garbage-first heap   total 258048K, used 149386K [0x0000000080000000, 0x0000000100000000)
  region size 1024K, 134 young (137216K), 2 survivors (2048K)
 Metaspace       used 20376K, committed 21056K, reserved 1114112K
  class space    used 2961K, committed 3264K, reserved 1048576K
}
Event: 161.684 GC heap after
{Heap after GC invocations=3 (full 0):
 garbage-first heap   total 258048K, used 24361K [0x0000000080000000, 0x0000000100000000)
  region size 1024K, 13 young (13312K), 13 survivors (13312K)
 Metaspace       used 20376K, committed 21056K, reserved 1114112K
  class space    used 2961K, committed 3264K, reserved 1048576K
}
Event: 165.176 GC heap before
{Heap before GC invocations=3 (full 0):
 garbage-first heap   total 258048K, used 29481K [0x0000000080000000, 0x0000000100000000)
  region size 1024K, 19 young (19456K), 13 survivors (13312K)
 Metaspace       used 20870K, committed 21504K, reserved 1114112K
  class space    used 3047K, committed 3328K, reserved 1048576K
}
Event: 165.206 GC heap after
{Heap after GC invocations=4 (full 0):
 garbage-first heap   total 258048K, used 26166K [0x0000000080000000, 0x0000000100000000)
  region size 1024K, 2 young (2048K), 2 survivors (2048K)
 Metaspace       used 20870K, committed 21504K, reserved 1114112K
  class space    used 3047K, committed 3328K, reserved 1048576K
}
Event: 179.583 GC heap before
{Heap before GC invocations=5 (full 0):
 garbage-first heap   total 89088K, used 88630K [0x0000000080000000, 0x0000000100000000)
  region size 1024K, 63 young (64512K), 2 survivors (2048K)
 Metaspace       used 28183K, committed 29376K, reserved 1114112K
  class space    used 4289K, committed 4864K, reserved 1048576K
}
Event: 179.591 GC heap after
{Heap after GC invocations=6 (full 0):
 garbage-first heap   total 93184K, used 28112K [0x0000000080000000, 0x0000000100000000)
  region size 1024K, 4 young (4096K), 4 survivors (4096K)
 Metaspace       used 28183K, committed 29376K, reserved 1114112K
  class space    used 4289K, committed 4864K, reserved 1048576K
}
Event: 194.215 GC heap before
{Heap before GC invocations=6 (full 0):
 garbage-first heap   total 93184K, used 78288K [0x0000000080000000, 0x0000000100000000)
  region size 1024K, 54 young (55296K), 4 survivors (4096K)
 Metaspace       used 34668K, committed 35968K, reserved 1114112K
  class space    used 5015K, committed 5632K, reserved 1048576K
}
Event: 194.222 GC heap after
{Heap after GC invocations=7 (full 0):
 garbage-first heap   total 93184K, used 32253K [0x0000000080000000, 0x0000000100000000)
  region size 1024K, 7 young (7168K), 7 survivors (7168K)
 Metaspace       used 34668K, committed 35968K, reserved 1114112K
  class space    used 5015K, committed 5632K, reserved 1048576K
}
Event: 194.234 GC heap before
{Heap before GC invocations=7 (full 0):
 garbage-first heap   total 93184K, used 32253K [0x0000000080000000, 0x0000000100000000)
  region size 1024K, 8 young (8192K), 7 survivors (7168K)
 Metaspace       used 34730K, committed 35968K, reserved 1114112K
  class space    used 5022K, committed 5632K, reserved 1048576K
}
Event: 194.241 GC heap after
{Heap after GC invocations=8 (full 0):
 garbage-first heap   total 93184K, used 33603K [0x0000000080000000, 0x0000000100000000)
  region size 1024K, 2 young (2048K), 2 survivors (2048K)
 Metaspace       used 34730K, committed 35968K, reserved 1114112K
  class space    used 5022K, committed 5632K, reserved 1048576K
}
Event: 239.163 GC heap before
{Heap before GC invocations=9 (full 0):
 garbage-first heap   total 93184K, used 80707K [0x0000000080000000, 0x0000000100000000)
  region size 1024K, 48 young (49152K), 2 survivors (2048K)
 Metaspace       used 37655K, committed 39040K, reserved 1114112K
  class space    used 5527K, committed 6208K, reserved 1048576K
}
Event: 239.166 GC heap after
{Heap after GC invocations=10 (full 0):
 garbage-first heap   total 93184K, used 33760K [0x0000000080000000, 0x0000000100000000)
  region size 1024K, 2 young (2048K), 2 survivors (2048K)
 Metaspace       used 37655K, committed 39040K, reserved 1114112K
  class space    used 5527K, committed 6208K, reserved 1048576K
}

Dll operation events (20 events):
Event: 3.525 Attempting to load shared library C:\Users\KUNAL\.vscode\extensions\redhat.java-1.56.0-win32-x64\jre\21.0.12.1-win32-x86_64\bin\nio.dll
Event: 3.557 Loaded shared library C:\Users\KUNAL\.vscode\extensions\redhat.java-1.56.0-win32-x64\jre\21.0.12.1-win32-x86_64\bin\nio.dll
Event: 3.572 Attempting to load shared library C:\Users\KUNAL\.vscode\extensions\redhat.java-1.56.0-win32-x64\jre\21.0.12.1-win32-x86_64\bin\zip.dll
Event: 3.572 Loaded shared library C:\Users\KUNAL\.vscode\extensions\redhat.java-1.56.0-win32-x64\jre\21.0.12.1-win32-x86_64\bin\zip.dll
Event: 7.290 Attempting to load shared library C:\Users\KUNAL\.vscode\extensions\redhat.java-1.56.0-win32-x64\jre\21.0.12.1-win32-x86_64\bin\jimage.dll
Event: 7.290 Loaded shared library C:\Users\KUNAL\.vscode\extensions\redhat.java-1.56.0-win32-x64\jre\21.0.12.1-win32-x86_64\bin\jimage.dll
Event: 10.857 Attempting to load shared library C:\Users\KUNAL\.vscode\extensions\redhat.java-1.56.0-win32-x64\jre\21.0.12.1-win32-x86_64\bin\verify.dll
Event: 10.858 Loaded shared library C:\Users\KUNAL\.vscode\extensions\redhat.java-1.56.0-win32-x64\jre\21.0.12.1-win32-x86_64\bin\verify.dll
Event: 15.649 Attempting to load shared library C:\Users\KUNAL\.gradle\native\c067742578af261105cb4f569cf0c3c89f3d7b1fecec35dd04571415982c5e48\windows-amd64\native-platform.dll
Event: 15.650 Loaded shared library C:\Users\KUNAL\.gradle\native\c067742578af261105cb4f569cf0c3c89f3d7b1fecec35dd04571415982c5e48\windows-amd64\native-platform.dll
Event: 16.768 Attempting to load shared library C:\Users\KUNAL\.gradle\native\100fb08df4bc3b14c8652ba06237920a3bd2aa13389f12d3474272988ae205f9\windows-amd64\native-platform-file-events.dll
Event: 16.769 Loaded shared library C:\Users\KUNAL\.gradle\native\100fb08df4bc3b14c8652ba06237920a3bd2aa13389f12d3474272988ae205f9\windows-amd64\native-platform-file-events.dll
Event: 71.289 Attempting to load shared library C:\Users\KUNAL\.vscode\extensions\redhat.java-1.56.0-win32-x64\jre\21.0.12.1-win32-x86_64\bin\management.dll
Event: 71.291 Loaded shared library C:\Users\KUNAL\.vscode\extensions\redhat.java-1.56.0-win32-x64\jre\21.0.12.1-win32-x86_64\bin\management.dll
Event: 71.320 Attempting to load shared library C:\Users\KUNAL\.vscode\extensions\redhat.java-1.56.0-win32-x64\jre\21.0.12.1-win32-x86_64\bin\management_ext.dll
Event: 71.321 Loaded shared library C:\Users\KUNAL\.vscode\extensions\redhat.java-1.56.0-win32-x64\jre\21.0.12.1-win32-x86_64\bin\management_ext.dll
Event: 76.136 Attempting to load shared library C:\Users\KUNAL\.vscode\extensions\redhat.java-1.56.0-win32-x64\jre\21.0.12.1-win32-x86_64\bin\extnet.dll
Event: 76.137 Loaded shared library C:\Users\KUNAL\.vscode\extensions\redhat.java-1.56.0-win32-x64\jre\21.0.12.1-win32-x86_64\bin\extnet.dll
Event: 77.929 Attempting to load shared library C:\Users\KUNAL\.vscode\extensions\redhat.java-1.56.0-win32-x64\jre\21.0.12.1-win32-x86_64\bin\sunmscapi.dll
Event: 77.931 Loaded shared library C:\Users\KUNAL\.vscode\extensions\redhat.java-1.56.0-win32-x64\jre\21.0.12.1-win32-x86_64\bin\sunmscapi.dll

Deoptimization events (20 events):
Event: 246.720 Thread 0x00000254eb3148c0 Uncommon trap: trap_request=0xffffffde fr.pc=0x00000254d8810484 relative=0x0000000000003fe4
Event: 246.720 Thread 0x00000254eb3148c0 Uncommon trap: reason=class_check action=maybe_recompile pc=0x00000254d8810484 method=jdk.internal.loader.URLClassPath.getResource(Ljava/lang/String;Z)Ljdk/internal/loader/Resource; @ 53 c2
Event: 246.720 Thread 0x00000254eb3148c0 DEOPT PACKING pc=0x00000254d8810484 sp=0x000000d8a87f93f0
Event: 246.720 Thread 0x00000254eb3148c0 DEOPT UNPACKING pc=0x00000254d8024422 sp=0x000000d8a87f9200 mode 2
Event: 246.733 Thread 0x00000254eb3148c0 Uncommon trap: trap_request=0xffffffde fr.pc=0x00000254d87bbf30 relative=0x0000000000000830
Event: 246.733 Thread 0x00000254eb3148c0 Uncommon trap: reason=class_check action=maybe_recompile pc=0x00000254d87bbf30 method=jdk.internal.loader.URLClassPath.getLoader(I)Ljdk/internal/loader/URLClassPath$Loader; @ 190 c2
Event: 246.733 Thread 0x00000254eb3148c0 DEOPT PACKING pc=0x00000254d87bbf30 sp=0x000000d8a87f9220
Event: 246.734 Thread 0x00000254eb3148c0 DEOPT UNPACKING pc=0x00000254d8024422 sp=0x000000d8a87f91e0 mode 2
Event: 246.734 Thread 0x00000254eb3148c0 Uncommon trap: trap_request=0xffffffde fr.pc=0x00000254d8810484 relative=0x0000000000003fe4
Event: 246.734 Thread 0x00000254eb3148c0 Uncommon trap: reason=class_check action=maybe_recompile pc=0x00000254d8810484 method=jdk.internal.loader.URLClassPath.getResource(Ljava/lang/String;Z)Ljdk/internal/loader/Resource; @ 53 c2
Event: 246.734 Thread 0x00000254eb3148c0 DEOPT PACKING pc=0x00000254d8810484 sp=0x000000d8a87f92b0
Event: 246.734 Thread 0x00000254eb3148c0 DEOPT UNPACKING pc=0x00000254d8024422 sp=0x000000d8a87f90c0 mode 2
Event: 246.736 Thread 0x00000254eb3148c0 Uncommon trap: trap_request=0xffffffde fr.pc=0x00000254d88208d0 relative=0x0000000000003db0
Event: 246.736 Thread 0x00000254eb3148c0 Uncommon trap: reason=class_check action=maybe_recompile pc=0x00000254d88208d0 method=jdk.internal.loader.URLClassPath.getResource(Ljava/lang/String;Z)Ljdk/internal/loader/Resource; @ 53 c2
Event: 246.736 Thread 0x00000254eb3148c0 DEOPT PACKING pc=0x00000254d88208d0 sp=0x000000d8a87f9090
Event: 246.736 Thread 0x00000254eb3148c0 DEOPT UNPACKING pc=0x00000254d8024422 sp=0x000000d8a87f9068 mode 2
Event: 248.528 Thread 0x00000254eb3148c0 Uncommon trap: trap_request=0xffffffde fr.pc=0x00000254d86254c8 relative=0x0000000000000468
Event: 248.528 Thread 0x00000254eb3148c0 Uncommon trap: reason=class_check action=maybe_recompile pc=0x00000254d86254c8 method=jdk.internal.loader.Resource.cachedInputStream()Ljava/io/InputStream; @ 9 c2
Event: 248.528 Thread 0x00000254eb3148c0 DEOPT PACKING pc=0x00000254d86254c8 sp=0x000000d8a87f8ee0
Event: 248.528 Thread 0x00000254eb3148c0 DEOPT UNPACKING pc=0x00000254d8024422 sp=0x000000d8a87f8ec8 mode 2

Classes loaded (20 events):
Event: 196.951 Loading class java/util/Collections$SynchronizedRandomAccessList
Event: 196.951 Loading class java/util/Collections$SynchronizedList
Event: 196.952 Loading class java/util/Collections$SynchronizedList done
Event: 196.952 Loading class java/util/Collections$SynchronizedRandomAccessList done
Event: 205.040 Loading class java/nio/charset/CharacterCodingException
Event: 205.040 Loading class java/nio/charset/CharacterCodingException done
Event: 226.526 Loading class java/security/CodeSigner
Event: 226.526 Loading class java/security/CodeSigner done
Event: 226.899 Loading class java/util/stream/Streams$RangeIntSpliterator
Event: 226.900 Loading class java/util/stream/Streams$RangeIntSpliterator done
Event: 230.332 Loading class jdk/internal/loader/URLClassPath$FileLoader
Event: 230.332 Loading class jdk/internal/loader/URLClassPath$FileLoader done
Event: 230.335 Loading class jdk/internal/loader/URLClassPath$FileLoader$1
Event: 230.335 Loading class jdk/internal/loader/URLClassPath$FileLoader$1 done
Event: 242.964 Loading class java/util/concurrent/atomic/AtomicReferenceFieldUpdater
Event: 242.964 Loading class java/util/concurrent/atomic/AtomicReferenceFieldUpdater done
Event: 242.964 Loading class java/util/concurrent/atomic/AtomicReferenceFieldUpdater$AtomicReferenceFieldUpdaterImpl
Event: 242.965 Loading class java/util/concurrent/atomic/AtomicReferenceFieldUpdater$AtomicReferenceFieldUpdaterImpl done
Event: 242.965 Loading class java/util/concurrent/atomic/AtomicReferenceFieldUpdater$AtomicReferenceFieldUpdaterImpl$1
Event: 242.965 Loading class java/util/concurrent/atomic/AtomicReferenceFieldUpdater$AtomicReferenceFieldUpdaterImpl$1 done

Classes unloaded (0 events):
No events

Classes redefined (0 events):
No events

Internal exceptions (20 events):
Event: 234.199 Thread 0x00000254eb3148c0 Exception <a 'java/lang/NoSuchMethodError'{0x0000000082e27e60}: 'java.lang.Object java.lang.invoke.DirectMethodHandle$Holder.invokeSpecial(java.lang.Object, java.lang.Object, java.lang.Object, java.lang.Object, java.lang.Object, int)'> (0x0000000082e27e60) 
thrown [s\src\hotspot\share\interpreter\linkResolver.cpp, line 773]
Event: 234.199 Thread 0x00000254eb3148c0 Exception <a 'java/lang/NoSuchMethodError'{0x0000000082e2c5e0}: 'java.lang.Object java.lang.invoke.Invokers$Holder.linkToTargetMethod(java.lang.Object, java.lang.Object, java.lang.Object, int, java.lang.Object)'> (0x0000000082e2c5e0) 
thrown [s\src\hotspot\share\interpreter\linkResolver.cpp, line 773]
Event: 238.694 Thread 0x00000254eb3148c0 Exception <a 'java/lang/NoSuchMethodError'{0x0000000082b15090}: 'int java.lang.invoke.DirectMethodHandle$Holder.invokeInterface(java.lang.Object, java.lang.Object, java.lang.Object, java.lang.Object)'> (0x0000000082b15090) 
thrown [s\src\hotspot\share\interpreter\linkResolver.cpp, line 773]
Event: 239.588 Thread 0x00000254eb3148c0 Exception <a 'java/lang/NoSuchMethodError'{0x000000008f59fbb0}: 'java.lang.Object java.lang.invoke.DirectMethodHandle$Holder.invokeStatic(java.lang.Object, long, java.lang.Object)'> (0x000000008f59fbb0) 
thrown [s\src\hotspot\share\interpreter\linkResolver.cpp, line 773]
Event: 239.590 Thread 0x00000254eb3148c0 Exception <a 'java/lang/NoSuchMethodError'{0x000000008f5a6da8}: 'java.lang.Object java.lang.invoke.DirectMethodHandle$Holder.newInvokeSpecial(java.lang.Object, long)'> (0x000000008f5a6da8) 
thrown [s\src\hotspot\share\interpreter\linkResolver.cpp, line 773]
Event: 240.305 Thread 0x00000254eb3148c0 Exception <a 'java/lang/NoSuchMethodError'{0x000000008f40c2e0}: 'java.lang.Object java.lang.invoke.DirectMethodHandle$Holder.newInvokeSpecial(java.lang.Object, java.lang.Object, java.lang.Object, java.lang.Object, java.lang.Object, long)'> (0x000000008f40c2e0) 
thrown [s\src\hotspot\share\interpreter\linkResolver.cpp, line 773]
Event: 240.306 Thread 0x00000254eb3148c0 Exception <a 'java/lang/NoSuchMethodError'{0x000000008f411130}: 'java.lang.Object java.lang.invoke.DirectMethodHandle$Holder.invokeSpecial(java.lang.Object, java.lang.Object, java.lang.Object, java.lang.Object, java.lang.Object, java.lang.Object, long)'> (0x000000008f411130) 
thrown [s\src\hotspot\share\interpreter\linkResolver.cpp, line 773]
Event: 240.306 Thread 0x00000254eb3148c0 Exception <a 'java/lang/NoSuchMethodError'{0x000000008f415710}: 'java.lang.Object java.lang.invoke.Invokers$Holder.linkToTargetMethod(java.lang.Object, java.lang.Object, java.lang.Object, java.lang.Object, long, java.lang.Object)'> (0x000000008f415710) 
thrown [s\src\hotspot\share\interpreter\linkResolver.cpp, line 773]
Event: 240.316 Thread 0x00000254eb3148c0 Exception <a 'java/lang/NoSuchMethodError'{0x000000008f45d998}: 'java.lang.Object java.lang.invoke.DirectMethodHandle$Holder.newInvokeSpecial(java.lang.Object, java.lang.Object, java.lang.Object, long)'> (0x000000008f45d998) 
thrown [s\src\hotspot\share\interpreter\linkResolver.cpp, line 773]
Event: 240.317 Thread 0x00000254eb3148c0 Exception <a 'java/lang/NoSuchMethodError'{0x000000008f462468}: 'java.lang.Object java.lang.invoke.DirectMethodHandle$Holder.invokeSpecial(java.lang.Object, java.lang.Object, java.lang.Object, java.lang.Object, long)'> (0x000000008f462468) 
thrown [s\src\hotspot\share\interpreter\linkResolver.cpp, line 773]
Event: 240.317 Thread 0x00000254eb3148c0 Exception <a 'java/lang/NoSuchMethodError'{0x000000008f466628}: 'java.lang.Object java.lang.invoke.Invokers$Holder.linkToTargetMethod(java.lang.Object, java.lang.Object, long, java.lang.Object)'> (0x000000008f466628) 
thrown [s\src\hotspot\share\interpreter\linkResolver.cpp, line 773]
Event: 241.194 Thread 0x00000254eb3148c0 Exception <a 'java/lang/NoSuchMethodError'{0x00000000856a01a0}: 'java.lang.Object java.lang.invoke.DirectMethodHandle$Holder.newInvokeSpecial(java.lang.Object, java.lang.Object, java.lang.Object, java.lang.Object, java.lang.Object, java.lang.Object, java.lang.Object, java.lang.Object, java.lang.Object, java.lang.Object, java.lang.Object, java.lang.Object, java.lang.Object, java.lang.Object, java.lang.Object, java.lang.Object, java.lang.Object, java.lang.Object, java.lang.Object, java.lang.Object, java.lang
Event: 241.195 Thread 0x00000254eb3148c0 Exception <a 'java/lang/NoSuchMethodError'{0x00000000856a7cf0}: 'java.lang.Object java.lang.invoke.DirectMethodHandle$Holder.invokeSpecial(java.lang.Object, java.lang.Object, java.lang.Object, java.lang.Object, java.lang.Object, java.lang.Object, java.lang.Object, java.lang.Object, java.lang.Object, java.lang.Object, java.lang.Object, java.lang.Object, java.lang.Object, java.lang.Object, java.lang.Object, java.lang.Object, java.lang.Object, java.lang.Object, java.lang.Object, java.lang.Object, java.lang.Ob
Event: 241.195 Thread 0x00000254eb3148c0 Exception <a 'java/lang/NoSuchMethodError'{0x00000000856ae230}: 'java.lang.Object java.lang.invoke.DelegatingMethodHandle$Holder.reinvoke_L(java.lang.Object, java.lang.Object, java.lang.Object, java.lang.Object, java.lang.Object, java.lang.Object, java.lang.Object, java.lang.Object, java.lang.Object, java.lang.Object, java.lang.Object, java.lang.Object, java.lang.Object, java.lang.Object, java.lang.Object, java.lang.Object, java.lang.Object, java.lang.Object, java.lang.Object, java.lang.Object, java.lang.O
Event: 242.468 Thread 0x00000254eb3148c0 Implicit null exception at 0x00000254d87b057c to 0x00000254d87b0634
Event: 248.482 Thread 0x00000254eb3148c0 Exception <a 'java/lang/NoSuchMethodError'{0x0000000084b177b0}: 'java.lang.Object java.lang.invoke.DirectMethodHandle$Holder.newInvokeSpecial(java.lang.Object, java.lang.Object, java.lang.Object, java.lang.Object, java.lang.Object, java.lang.Object, java.lang.Object, java.lang.Object, java.lang.Object, java.lang.Object, java.lang.Object, java.lang.Object, java.lang.Object, java.lang.Object, java.lang.Object, java.lang.Object, java.lang.Object, java.lang.Object, java.lang.Object)'> (0x0000000084b177b0) 
thr
Event: 248.482 Thread 0x00000254eb3148c0 Exception <a 'java/lang/NoSuchMethodError'{0x0000000084b1e038}: 'java.lang.Object java.lang.invoke.DirectMethodHandle$Holder.invokeSpecial(java.lang.Object, java.lang.Object, java.lang.Object, java.lang.Object, java.lang.Object, java.lang.Object, java.lang.Object, java.lang.Object, java.lang.Object, java.lang.Object, java.lang.Object, java.lang.Object, java.lang.Object, java.lang.Object, java.lang.Object, java.lang.Object, java.lang.Object, java.lang.Object, java.lang.Object, java.lang.Object)'> (0x0000000
Event: 248.483 Thread 0x00000254eb3148c0 Exception <a 'java/lang/NoSuchMethodError'{0x0000000084b23888}: 'java.lang.Object java.lang.invoke.DelegatingMethodHandle$Holder.reinvoke_L(java.lang.Object, java.lang.Object, java.lang.Object, java.lang.Object, java.lang.Object, java.lang.Object, java.lang.Object, java.lang.Object, java.lang.Object, java.lang.Object, java.lang.Object, java.lang.Object, java.lang.Object, java.lang.Object, java.lang.Object, java.lang.Object, java.lang.Object, java.lang.Object, java.lang.Object)'> (0x0000000084b23888) 
throw
Event: 249.017 Thread 0x00000254eb3148c0 Exception <a 'java/lang/IncompatibleClassChangeError'{0x0000000084bed310}: Found class java.lang.Object, but interface was expected> (0x0000000084bed310) 
thrown [s\src\hotspot\share\interpreter\linkResolver.cpp, line 840]
Event: 250.773 Thread 0x00000254eb3148c0 Exception <a 'java/lang/NoSuchMethodError'{0x000000008489f3b8}: 'java.lang.Object java.lang.invoke.DirectMethodHandle$Holder.newInvokeSpecial(java.lang.Object, int, java.lang.Object)'> (0x000000008489f3b8) 
thrown [s\src\hotspot\share\interpreter\linkResolver.cpp, line 773]

ZGC Phase Switch (0 events):
No events

VM Operations (20 events):
Event: 238.689 Executing non-safepoint VM operation: HandshakeAllThreads (Deoptimize)
Event: 238.689 Executing non-safepoint VM operation: HandshakeAllThreads (Deoptimize) done
Event: 239.163 Executing safepoint VM operation: G1CollectForAllocation (G1 Evacuation Pause)
Event: 239.166 Executing safepoint VM operation: G1CollectForAllocation (G1 Evacuation Pause) done
Event: 240.171 Executing safepoint VM operation: Cleanup
Event: 240.300 Executing safepoint VM operation: Cleanup done
Event: 240.736 Executing non-safepoint VM operation: HandshakeAllThreads (HandshakeForDeflation)
Event: 241.126 Executing non-safepoint VM operation: HandshakeAllThreads (HandshakeForDeflation) done
Event: 241.126 Executing non-safepoint VM operation: RendezvousGCThreads
Event: 241.126 Executing non-safepoint VM operation: RendezvousGCThreads done
Event: 242.131 Executing safepoint VM operation: Cleanup
Event: 242.456 Executing safepoint VM operation: Cleanup done
Event: 243.459 Executing safepoint VM operation: Cleanup
Event: 243.459 Executing safepoint VM operation: Cleanup done
Event: 247.875 Executing safepoint VM operation: Cleanup
Event: 248.020 Executing safepoint VM operation: Cleanup done
Event: 249.033 Executing safepoint VM operation: Cleanup
Event: 249.033 Executing safepoint VM operation: Cleanup done
Event: 250.039 Executing safepoint VM operation: Cleanup
Event: 250.676 Executing safepoint VM operation: Cleanup done

Memory protections (0 events):
No events

Nmethod flushes (20 events):
Event: 195.004 Thread 0x00000254e548dbf0 flushing  nmethod 0x00000254d0c19e10
Event: 195.004 Thread 0x00000254e548dbf0 flushing  nmethod 0x00000254d0c1c710
Event: 195.005 Thread 0x00000254e548dbf0 flushing  nmethod 0x00000254d0c1e910
Event: 195.005 Thread 0x00000254e548dbf0 flushing  nmethod 0x00000254d0c33810
Event: 195.005 Thread 0x00000254e548dbf0 flushing  nmethod 0x00000254d0c34190
Event: 195.005 Thread 0x00000254e548dbf0 flushing  nmethod 0x00000254d0c36090
Event: 195.005 Thread 0x00000254e548dbf0 flushing  nmethod 0x00000254d0c39390
Event: 195.005 Thread 0x00000254e548dbf0 flushing  nmethod 0x00000254d0c3c410
Event: 195.005 Thread 0x00000254e548dbf0 flushing  nmethod 0x00000254d0cc2690
Event: 195.005 Thread 0x00000254e548dbf0 flushing  nmethod 0x00000254d0d12c90
Event: 195.005 Thread 0x00000254e548dbf0 flushing  nmethod 0x00000254d0d14910
Event: 195.005 Thread 0x00000254e548dbf0 flushing  nmethod 0x00000254d0d15f90
Event: 195.005 Thread 0x00000254e548dbf0 flushing  nmethod 0x00000254d0d19190
Event: 195.005 Thread 0x00000254e548dbf0 flushing  nmethod 0x00000254d0d6f290
Event: 195.005 Thread 0x00000254e548dbf0 flushing  nmethod 0x00000254d0d72110
Event: 195.005 Thread 0x00000254e548dbf0 flushing  nmethod 0x00000254d0d97210
Event: 195.005 Thread 0x00000254e548dbf0 flushing  nmethod 0x00000254d0e2d290
Event: 195.005 Thread 0x00000254e548dbf0 flushing  nmethod 0x00000254d0e30610
Event: 195.005 Thread 0x00000254e548dbf0 flushing  nmethod 0x00000254d0e32310
Event: 195.005 Thread 0x00000254e548dbf0 flushing  nmethod 0x00000254d0e34290

Events (20 events):
Event: 77.983 Thread 0x00000254e557f130 Thread added: 0x00000254eaafafa0
Event: 78.513 Thread 0x00000254e557f130 Thread added: 0x00000254eb32f8b0
Event: 78.823 Thread 0x00000254e557f130 Thread added: 0x00000254eb3148c0
Event: 79.290 Thread 0x00000254eb3148c0 Thread added: 0x00000254eb318000
Event: 79.306 Thread 0x00000254eb3148c0 Thread added: 0x00000254eb765bc0
Event: 79.313 Thread 0x00000254eb3148c0 Thread added: 0x00000254eb766f70
Event: 86.423 Thread 0x00000254eb3148c0 Thread added: 0x00000254eb764ea0
Event: 86.443 Thread 0x00000254eb3148c0 Thread added: 0x00000254eb766250
Event: 101.018 Thread 0x00000254eb766250 Thread added: 0x00000254eb767600
Event: 140.596 Thread 0x00000254eb3148c0 Thread added: 0x00000254eb765530
Event: 165.610 Thread 0x00000254eb3148c0 Thread added: 0x00000254eb764810
Event: 165.686 Thread 0x00000254eb3148c0 Thread added: 0x00000254eb7668e0
Event: 168.254 Thread 0x00000254eb3148c0 Thread added: 0x00000254eb64aef0
Event: 168.394 Thread 0x00000254eb3148c0 Thread added: 0x00000254eb64dce0
Event: 170.831 Thread 0x00000254eb3148c0 Thread added: 0x00000254eb651e80
Event: 171.337 Thread 0x00000254eb3148c0 Thread added: 0x00000254eb6517f0
Event: 173.569 Thread 0x00000254eb3148c0 Thread added: 0x00000254eb64e370
Event: 178.899 Thread 0x00000254eb3148c0 Thread added: 0x00000254eb651160
Event: 191.877 Thread 0x00000254e54b5e90 Thread added: 0x00000254eb6a9970
Event: 194.228 Thread 0x00000254eb6a9970 Thread exited: 0x00000254eb6a9970


Dynamic libraries:
0x00007ff636dc0000 - 0x00007ff636dce000 	C:\Users\KUNAL\.vscode\extensions\redhat.java-1.56.0-win32-x64\jre\21.0.12.1-win32-x86_64\bin\java.exe
0x00007ffd52e80000 - 0x00007ffd53089000 	C:\windows\SYSTEM32\ntdll.dll
0x00007ffd52770000 - 0x00007ffd5282e000 	C:\windows\System32\KERNEL32.DLL
0x00007ffd50540000 - 0x00007ffd508c3000 	C:\windows\System32\KERNELBASE.dll
0x00007ffd503f0000 - 0x00007ffd50501000 	C:\windows\System32\ucrtbase.dll
0x00007ffd0ba50000 - 0x00007ffd0ba68000 	C:\Users\KUNAL\.vscode\extensions\redhat.java-1.56.0-win32-x64\jre\21.0.12.1-win32-x86_64\bin\jli.dll
0x00007ffd0cf50000 - 0x00007ffd0cf6e000 	C:\Users\KUNAL\.vscode\extensions\redhat.java-1.56.0-win32-x64\jre\21.0.12.1-win32-x86_64\bin\VCRUNTIME140.dll
0x00007ffd51580000 - 0x00007ffd5172d000 	C:\windows\System32\USER32.dll
0x00007ffd50510000 - 0x00007ffd50536000 	C:\windows\System32\win32u.dll
0x00007ffd52d00000 - 0x00007ffd52d29000 	C:\windows\System32\GDI32.dll
0x00007ffd50ae0000 - 0x00007ffd50bfa000 	C:\windows\System32\gdi32full.dll
0x00007ffd330c0000 - 0x00007ffd33365000 	C:\windows\WinSxS\amd64_microsoft.windows.common-controls_6595b64144ccf1df_6.0.22000.120_none_9d947278b86cc467\COMCTL32.dll
0x00007ffd508d0000 - 0x00007ffd5096d000 	C:\windows\System32\msvcp_win.dll
0x00007ffd52c50000 - 0x00007ffd52cf3000 	C:\windows\System32\msvcrt.dll
0x00007ffd52730000 - 0x00007ffd52761000 	C:\windows\System32\IMM32.DLL
0x00007ffd0cf40000 - 0x00007ffd0cf4c000 	C:\Users\KUNAL\.vscode\extensions\redhat.java-1.56.0-win32-x64\jre\21.0.12.1-win32-x86_64\bin\vcruntime140_1.dll
0x00007ffcd54b0000 - 0x00007ffcd553d000 	C:\Users\KUNAL\.vscode\extensions\redhat.java-1.56.0-win32-x64\jre\21.0.12.1-win32-x86_64\bin\msvcp140.dll
0x00007ffcb8400000 - 0x00007ffcb91a2000 	C:\Users\KUNAL\.vscode\extensions\redhat.java-1.56.0-win32-x64\jre\21.0.12.1-win32-x86_64\bin\server\jvm.dll
0x00007ffd52830000 - 0x00007ffd528de000 	C:\windows\System32\ADVAPI32.dll
0x00007ffd52620000 - 0x00007ffd526be000 	C:\windows\System32\sechost.dll
0x00007ffd528e0000 - 0x00007ffd52a01000 	C:\windows\System32\RPCRT4.dll
0x00007ffd51cf0000 - 0x00007ffd51d5f000 	C:\windows\System32\WS2_32.dll
0x00007ffd50200000 - 0x00007ffd5024d000 	C:\windows\SYSTEM32\POWRPROF.dll
0x00007ffd46c20000 - 0x00007ffd46c53000 	C:\windows\SYSTEM32\WINMM.dll
0x00007ffd46c10000 - 0x00007ffd46c1a000 	C:\windows\SYSTEM32\VERSION.dll
0x00007ffd501e0000 - 0x00007ffd501f3000 	C:\windows\SYSTEM32\UMPDC.dll
0x00007ffd4f3b0000 - 0x00007ffd4f3c8000 	C:\windows\SYSTEM32\kernel.appcore.dll
0x00007ffd0ba40000 - 0x00007ffd0ba4a000 	C:\Users\KUNAL\.vscode\extensions\redhat.java-1.56.0-win32-x64\jre\21.0.12.1-win32-x86_64\bin\jimage.dll
0x00007ffd4de10000 - 0x00007ffd4e031000 	C:\windows\SYSTEM32\DBGHELP.DLL
0x00007ffd2ed40000 - 0x00007ffd2ed71000 	C:\windows\SYSTEM32\dbgcore.DLL
0x00007ffd50c70000 - 0x00007ffd50cef000 	C:\windows\System32\bcryptPrimitives.dll
0x00007ffcd41b0000 - 0x00007ffcd41bf000 	C:\Users\KUNAL\.vscode\extensions\redhat.java-1.56.0-win32-x64\jre\21.0.12.1-win32-x86_64\bin\instrument.dll
0x00007ffcd5a30000 - 0x00007ffcd5a50000 	C:\Users\KUNAL\.vscode\extensions\redhat.java-1.56.0-win32-x64\jre\21.0.12.1-win32-x86_64\bin\java.dll
0x00007ffd51e50000 - 0x00007ffd52615000 	C:\windows\System32\SHELL32.dll
0x00007ffd4e410000 - 0x00007ffd4ec74000 	C:\windows\SYSTEM32\windows.storage.dll
0x00007ffd51750000 - 0x00007ffd51ac6000 	C:\windows\System32\combase.dll
0x00007ffd4e2a0000 - 0x00007ffd4e407000 	C:\windows\SYSTEM32\wintypes.dll
0x00007ffd51d60000 - 0x00007ffd51e4a000 	C:\windows\System32\SHCORE.dll
0x00007ffd52d30000 - 0x00007ffd52d8d000 	C:\windows\System32\shlwapi.dll
0x00007ffd50260000 - 0x00007ffd50281000 	C:\windows\SYSTEM32\profapi.dll
0x00007ffcd5a10000 - 0x00007ffcd5a28000 	C:\Users\KUNAL\.vscode\extensions\redhat.java-1.56.0-win32-x64\jre\21.0.12.1-win32-x86_64\bin\zip.dll
0x00007ffd0ba30000 - 0x00007ffd0ba40000 	C:\Users\KUNAL\.vscode\extensions\redhat.java-1.56.0-win32-x64\jre\21.0.12.1-win32-x86_64\bin\net.dll
0x00007ffd485f0000 - 0x00007ffd48702000 	C:\windows\SYSTEM32\WINHTTP.dll
0x00007ffd4f850000 - 0x00007ffd4f8b7000 	C:\windows\system32\mswsock.dll
0x00007ffcd5460000 - 0x00007ffcd5476000 	C:\Users\KUNAL\.vscode\extensions\redhat.java-1.56.0-win32-x64\jre\21.0.12.1-win32-x86_64\bin\nio.dll
0x00007ffcd6070000 - 0x00007ffcd6080000 	C:\Users\KUNAL\.vscode\extensions\redhat.java-1.56.0-win32-x64\jre\21.0.12.1-win32-x86_64\bin\verify.dll
0x00007ffcd4f10000 - 0x00007ffcd4f37000 	C:\Users\KUNAL\.gradle\native\c067742578af261105cb4f569cf0c3c89f3d7b1fecec35dd04571415982c5e48\windows-amd64\native-platform.dll
0x00007ffcb46a0000 - 0x00007ffcb47e4000 	C:\Users\KUNAL\.gradle\native\100fb08df4bc3b14c8652ba06237920a3bd2aa13389f12d3474272988ae205f9\windows-amd64\native-platform-file-events.dll
0x00007ffcd4aa0000 - 0x00007ffcd4aaa000 	C:\Users\KUNAL\.vscode\extensions\redhat.java-1.56.0-win32-x64\jre\21.0.12.1-win32-x86_64\bin\management.dll
0x00007ffcd41d0000 - 0x00007ffcd41dc000 	C:\Users\KUNAL\.vscode\extensions\redhat.java-1.56.0-win32-x64\jre\21.0.12.1-win32-x86_64\bin\management_ext.dll
0x00007ffd51570000 - 0x00007ffd51578000 	C:\windows\System32\PSAPI.DLL
0x00007ffd4fb10000 - 0x00007ffd4fb28000 	C:\windows\SYSTEM32\CRYPTSP.dll
0x00007ffd4f310000 - 0x00007ffd4f345000 	C:\windows\system32\rsaenh.dll
0x00007ffd4f950000 - 0x00007ffd4f979000 	C:\windows\SYSTEM32\USERENV.dll
0x00007ffd4fc90000 - 0x00007ffd4fcb7000 	C:\windows\SYSTEM32\bcrypt.dll
0x00007ffd4fb30000 - 0x00007ffd4fb3c000 	C:\windows\SYSTEM32\CRYPTBASE.dll
0x00007ffd4eec0000 - 0x00007ffd4eeed000 	C:\windows\SYSTEM32\IPHLPAPI.DLL
0x00007ffd51ce0000 - 0x00007ffd51ce9000 	C:\windows\System32\NSI.dll
0x00007ffcd41c0000 - 0x00007ffcd41c9000 	C:\Users\KUNAL\.vscode\extensions\redhat.java-1.56.0-win32-x64\jre\21.0.12.1-win32-x86_64\bin\extnet.dll
0x00007ffcd41a0000 - 0x00007ffcd41ae000 	C:\Users\KUNAL\.vscode\extensions\redhat.java-1.56.0-win32-x64\jre\21.0.12.1-win32-x86_64\bin\sunmscapi.dll
0x00007ffd50970000 - 0x00007ffd50ad2000 	C:\windows\System32\CRYPT32.dll
0x00007ffd4fc60000 - 0x00007ffd4fc8a000 	C:\windows\SYSTEM32\ncrypt.dll
0x00007ffd4fc20000 - 0x00007ffd4fc57000 	C:\windows\SYSTEM32\NTASN1.dll
0x00007ffd2a8a0000 - 0x00007ffd2a8a8000 	C:\windows\system32\wshunix.dll

JVMTI agents:
C:\Users\KUNAL\.gradle\wrapper\dists\gradle-8.9-bin\90cnw93cvbtalezasaz0blq0a\gradle-8.9\lib\agents\gradle-instrumentation-agent-8.9.jar path:C:\Users\KUNAL\.vscode\extensions\redhat.java-1.56.0-win32-x64\jre\21.0.12.1-win32-x86_64\bin\instrument.dll, loaded, initialized, instrumentlib options:none

dbghelp: loaded successfully - version: 4.0.5 - missing functions: none
symbol engine: initialized successfully - sym options: 0x614 - pdb path: .;C:\Users\KUNAL\.vscode\extensions\redhat.java-1.56.0-win32-x64\jre\21.0.12.1-win32-x86_64\bin;C:\windows\SYSTEM32;C:\windows\WinSxS\amd64_microsoft.windows.common-controls_6595b64144ccf1df_6.0.22000.120_none_9d947278b86cc467;C:\Users\KUNAL\.vscode\extensions\redhat.java-1.56.0-win32-x64\jre\21.0.12.1-win32-x86_64\bin\server;C:\Users\KUNAL\.gradle\native\c067742578af261105cb4f569cf0c3c89f3d7b1fecec35dd04571415982c5e48\windows-amd64;C:\Users\KUNAL\.gradle\native\100fb08df4bc3b14c8652ba06237920a3bd2aa13389f12d3474272988ae205f9\windows-amd64

VM Arguments:
jvm_args: --add-opens=java.base/java.util=ALL-UNNAMED --add-opens=java.base/java.lang=ALL-UNNAMED --add-opens=java.base/java.lang.invoke=ALL-UNNAMED --add-opens=java.prefs/java.util.prefs=ALL-UNNAMED --add-exports=jdk.compiler/com.sun.tools.javac.api=ALL-UNNAMED --add-exports=jdk.compiler/com.sun.tools.javac.util=ALL-UNNAMED --add-opens=java.base/java.nio.charset=ALL-UNNAMED --add-opens=java.base/java.net=ALL-UNNAMED --add-opens=java.base/java.util.concurrent.atomic=ALL-UNNAMED -Xmx2048m -Dfile.encoding=UTF-8 -Duser.country=IN -Duser.language=en -Duser.variant -javaagent:C:\Users\KUNAL\.gradle\wrapper\dists\gradle-8.9-bin\90cnw93cvbtalezasaz0blq0a\gradle-8.9\lib\agents\gradle-instrumentation-agent-8.9.jar 
java_command: org.gradle.launcher.daemon.bootstrap.GradleDaemon 8.9
java_class_path (initial): C:\Users\KUNAL\.gradle\wrapper\dists\gradle-8.9-bin\90cnw93cvbtalezasaz0blq0a\gradle-8.9\lib\gradle-daemon-main-8.9.jar
Launcher Type: SUN_STANDARD

[Global flags]
     intx CICompilerCount                          = 4                                         {product} {ergonomic}
     uint ConcGCThreads                            = 3                                         {product} {ergonomic}
     uint G1ConcRefinementThreads                  = 10                                        {product} {ergonomic}
   size_t G1HeapRegionSize                         = 1048576                                   {product} {ergonomic}
    uintx GCDrainStackTargetSize                   = 64                                        {product} {ergonomic}
   size_t InitialHeapSize                          = 264241152                                 {product} {ergonomic}
   size_t MarkStackSize                            = 4194304                                   {product} {ergonomic}
   size_t MaxHeapSize                              = 2147483648                                {product} {command line}
   size_t MaxNewSize                               = 1287651328                                {product} {ergonomic}
   size_t MinHeapDeltaBytes                        = 1048576                                   {product} {ergonomic}
   size_t MinHeapSize                              = 8388608                                   {product} {ergonomic}
    uintx NonNMethodCodeHeapSize                   = 5839372                                {pd product} {ergonomic}
    uintx NonProfiledCodeHeapSize                  = 122909434                              {pd product} {ergonomic}
    uintx ProfiledCodeHeapSize                     = 122909434                              {pd product} {ergonomic}
    uintx ReservedCodeCacheSize                    = 251658240                              {pd product} {ergonomic}
     bool SegmentedCodeCache                       = true                                      {product} {ergonomic}
   size_t SoftMaxHeapSize                          = 2147483648                             {manageable} {ergonomic}
     bool UseCompressedOops                        = true                           {product lp64_product} {ergonomic}
     bool UseG1GC                                  = true                                      {product} {ergonomic}
     bool UseLargePagesIndividualAllocation        = false                                  {pd product} {ergonomic}

Logging:
Log output configuration:
 #0: stdout all=warning uptime,level,tags foldmultilines=false
 #1: stderr all=off uptime,level,tags foldmultilines=false

Release file:
JAVA_VERSION="21.0.12.1" 
MODULES="java.base java.compiler java.datatransfer java.xml java.prefs java.desktop java.instrument java.logging java.management java.security.sasl java.naming java.rmi java.management.rmi java.net.http java.scripting java.security.jgss java.transaction.xa java.sql java.sql.rowset java.xml.crypto java.se java.smartcardio jdk.accessibility jdk.internal.jvmstat jdk.attach jdk.charsets jdk.internal.opt jdk.zipfs jdk.compiler jdk.crypto.ec jdk.crypto.cryptoki jdk.crypto.mscapi jdk.dynalink jdk.internal.ed jdk.editpad jdk.hotspot.agent jdk.httpserver jdk.internal.le jdk.internal.vm.ci jdk.internal.vm.compiler jdk.internal.vm.compiler.management jdk.jartool jdk.javadoc jdk.jcmd jdk.management jdk.management.agent jdk.jconsole jdk.jdeps jdk.jdwp.agent jdk.jdi jdk.jfr jdk.jshell jdk.jsobject jdk.jstatd jdk.localedata jdk.management.jfr jdk.naming.dns jdk.naming.rmi jdk.net jdk.nio.mapmode jdk.random jdk.sctp jdk.security.auth jdk.security.jgss jdk.unsupported jdk.unsupported.desktop jdk.xml.dom" 

Environment Variables:
JAVA_HOME=C:\Program Files\AdoptOpenJDK\jdk-21\jdk-21.0.9
PATH=C:\windows\System32\WindowsPowerShell\v1.0\;C:\src\flutter\bin;C:\Windows\System32;C:\Program Files\Microsoft SQL Server\Client SDK\ODBC\170\Tools\Binn\;C:\Program Files\dotnet\;C:\Program Files\nodejs\;C:\Program Files\Git\cmd;C:\Nuget;C:\Program Files\mongosh-2.5.10-win32-x64\bin;;C:\ProgramData\chocolatey\bin;C:\ProgramData\chocolatey\lib\maven\apache-maven-3.9.16\bin;C:\Program Files\PostgreSQL\18\bin;C:\Program Files (x86)\Windows Kits\10\Windows Performance Toolkit\;C:\Users\KUNAL\AppData\Local\Programs\Python\Python311\Scripts\;C:\Users\KUNAL\AppData\Local\Programs\Python\Python311\;C:\Users\KUNAL\.local\bin;C:\Program Files\AdoptOpenJDK\jdk-21\jdk-21.0.9\bin;C:\windows\System32\WindowsPowerShell\v1.0\;C:\src\flutter\bin;C:\Windows\System32;C:\Program Files\Microsoft SQL Server\150\Tools\Binn\;C:\Program Files\Microsoft SQL Server\Client SDK\ODBC\170\Tools\Binn\;C:\Program Files\dotnet\;C:\Program Files\nodejs\;C:\Program Files\Git\cmd;C:\Nuget;C:\Program Files\mongosh-2.5.10-win32-x64\bin;C:\Users\KUNAL\AppData\Local\Programs\Python\Python312\Scripts\;C:\Users\KUNAL\AppData\Local\Programs\Python\Python312\;C:\Users\KUNAL\AppData\Local\Programs\Python\Launcher\;C:\Users\KUNAL\AppData\Roaming\.dotnet;C:\Program Files\AdoptOpenJDK\jdk-21\jdk-21.0.9;C:\src\flutter;C:\Users\KUNAL\AppData\Roaming\npm;C:\Users\KUNAL\AppData\Local\Pub\Cache\bin;C:\platform-tools;C:\Users|KUNAL\.local\bin;;C:\Users\KUNAL\AppData\Local\Programs\Ollama;C:\Users\KUNAL\AppData\Local\Programs\Microsoft VS Code\bin
USERNAME=KUNAL
OS=Windows_NT
PROCESSOR_IDENTIFIER=Intel64 Family 6 Model 154 Stepping 4, GenuineIntel
TMP=C:\Users\KUNAL\AppData\Local\Temp
TEMP=C:\Users\KUNAL\AppData\Local\Temp




Periodic native trim disabled

---------------  S Y S T E M  ---------------

OS:
 Windows 11 , 64 bit Build 22000 (10.0.22000.1761)
OS uptime: 0 days 0:36 hours

CPU: total 12 (initial active 12) (12 cores per cpu, 1 threads per core) family 6 model 154 stepping 4 microcode 0x41e, cx8, cmov, fxsr, mmx, 3dnowpref, sse, sse2, sse3, ssse3, sse4.1, sse4.2, popcnt, lzcnt, tsc, tscinvbit, avx, avx2, aes, erms, clmul, bmi1, bmi2, adx, sha, fma, vzeroupper, clflush, clflushopt, clwb, serialize, rdtscp, rdpid, fsrm, f16c, pku, cet_ibt, cet_ss
Processor Information for processor 0
  Max Mhz: 1300, Current Mhz: 1300, Mhz Limit: 897
Processor Information for processor 1
  Max Mhz: 1300, Current Mhz: 1300, Mhz Limit: 897
Processor Information for processor 2
  Max Mhz: 1300, Current Mhz: 1300, Mhz Limit: 1300
Processor Information for processor 3
  Max Mhz: 1300, Current Mhz: 1300, Mhz Limit: 1300
Processor Information for processor 4
  Max Mhz: 1300, Current Mhz: 900, Mhz Limit: 897
Processor Information for processor 5
  Max Mhz: 1300, Current Mhz: 900, Mhz Limit: 897
Processor Information for processor 6
  Max Mhz: 1300, Current Mhz: 900, Mhz Limit: 897
Processor Information for processor 7
  Max Mhz: 1300, Current Mhz: 900, Mhz Limit: 897
Processor Information for processor 8
  Max Mhz: 1300, Current Mhz: 900, Mhz Limit: 897
Processor Information for processor 9
  Max Mhz: 1300, Current Mhz: 900, Mhz Limit: 897
Processor Information for processor 10
  Max Mhz: 1300, Current Mhz: 900, Mhz Limit: 897
Processor Information for processor 11
  Max Mhz: 1300, Current Mhz: 900, Mhz Limit: 897

Memory: 4k page, system-wide physical 16056M (1161M free)
TotalPageFile size 49542M (AvailPageFile size 3885M)
current process WorkingSet (physical memory assigned to process): 191M, peak: 210M
current process commit charge ("private bytes"): 278M, peak: 415M

vm_info: OpenJDK 64-Bit Server VM (21.0.12.1+1-LTS) for windows-amd64 JRE (21.0.12.1+1-LTS), built on 2026-08-18T00:00:00Z by "admin" with MS VC++ 17.12 (VS2022)

END.
